file,key,language,path,state,value,source_value,comment
Localizable,game.bubblesCollected %lld,af,plural.one,new,%lld skulp versamel,%lld shell collected,"VoiceOver label for the running shell total, on the home screen header and the in-game counter. Shells are the game's collectible; the total only ever grows."
Localizable,game.bubblesCollected %lld,af,plural.other,new,%lld skulpe versamel,%lld shells collected,"VoiceOver label for the running shell total, on the home screen header and the in-game counter. Shells are the game's collectible; the total only ever grows."
Localizable,game.bubblesCollected %lld,am,plural.one,new,%lld ዛጎል ተሰብስቧል,%lld shell collected,"VoiceOver label for the running shell total, on the home screen header and the in-game counter. Shells are the game's collectible; the total only ever grows."
Localizable,game.bubblesCollected %lld,am,plural.other,new,%lld ዛጎሎች ተሰብስበዋል,%lld shells collected,"VoiceOver label for the running shell total, on the home screen header and the in-game counter. Shells are the game's collectible; the total only ever grows."
Localizable,game.bubblesCollected %lld,ar,plural.one,new,تم جمع %lld صدفة,%lld shell collected,"VoiceOver label for the running shell total, on the home screen header and the in-game counter. Shells are the game's collectible; the total only ever grows."
Localizable,game.bubblesCollected %lld,ar,plural.other,new,تم جمع %lld أصداف,%lld shells collected,"VoiceOver label for the running shell total, on the home screen header and the in-game counter. Shells are the game's collectible; the total only ever grows."
Localizable,game.bubblesCollected %lld,as,plural.one,new,%lldটা শামুকৰ খোলা সংগ্ৰহ কৰা হ’ল,%lld shell collected,"VoiceOver label for the running shell total, on the home screen header and the in-game counter. Shells are the game's collectible; the total only ever grows."
Localizable,game.bubblesCollected %lld,as,plural.other,new,%lldটা শামুকৰ খোলা সংগ্ৰহ কৰা হ’ল,%lld shells collected,"VoiceOver label for the running shell total, on the home screen header and the in-game counter. Shells are the game's collectible; the total only ever grows."
Localizable,game.bubblesCollected %lld,az,plural.one,new,%lld dəniz qabığı toplandı,%lld shell collected,"VoiceOver label for the running shell total, on the home screen header and the in-game counter. Shells are the game's collectible; the total only ever grows."
Localizable,game.bubblesCollected %lld,az,plural.other,new,%lld dəniz qabığı toplandı,%lld shells collected,"VoiceOver label for the running shell total, on the home screen header and the in-game counter. Shells are the game's collectible; the total only ever grows."
Localizable,game.bubblesCollected %lld,be,plural.one,new,Сабрана %lld ракавінка,%lld shell collected,"VoiceOver label for the running shell total, on the home screen header and the in-game counter. Shells are the game's collectible; the total only ever grows."
Localizable,game.bubblesCollected %lld,be,plural.other,new,Сабрана %lld ракавінак,%lld shells collected,"VoiceOver label for the running shell total, on the home screen header and the in-game counter. Shells are the game's collectible; the total only ever grows."
Localizable,game.bubblesCollected %lld,bg,plural.one,new,Събрана %lld мида,%lld shell collected,"VoiceOver label for the running shell total, on the home screen header and the in-game counter. Shells are the game's collectible; the total only ever grows."
Localizable,game.bubblesCollected %lld,bg,plural.other,new,Събрани %lld миди,%lld shells collected,"VoiceOver label for the running shell total, on the home screen header and the in-game counter. Shells are the game's collectible; the total only ever grows."
Localizable,game.bubblesCollected %lld,bn,plural.one,new,%lldটি ঝিনুক সংগ্রহ করা হয়েছে,%lld shell collected,"VoiceOver label for the running shell total, on the home screen header and the in-game counter. Shells are the game's collectible; the total only ever grows."
Localizable,game.bubblesCollected %lld,bn,plural.other,new,%lldটি ঝিনুক সংগ্রহ করা হয়েছে,%lld shells collected,"VoiceOver label for the running shell total, on the home screen header and the in-game counter. Shells are the game's collectible; the total only ever grows."
Localizable,game.bubblesCollected %lld,bo,plural.one,new,ཉ་ཕྱིས་ %lld བསྡུས་ཟིན།,%lld shell collected,"VoiceOver label for the running shell total, on the home screen header and the in-game counter. Shells are the game's collectible; the total only ever grows."
Localizable,game.bubblesCollected %lld,bo,plural.other,new,ཉ་ཕྱིས་ %lld བསྡུས་ཟིན།,%lld shells collected,"VoiceOver label for the running shell total, on the home screen header and the in-game counter. Shells are the game's collectible; the total only ever grows."
Localizable,game.bubblesCollected %lld,bs,plural.one,new,Prikupljena %lld školjka,%lld shell collected,"VoiceOver label for the running shell total, on the home screen header and the in-game counter. Shells are the game's collectible; the total only ever grows."
Localizable,game.bubblesCollected %lld,bs,plural.other,new,Prikupljeno %lld školjki,%lld shells collected,"VoiceOver label for the running shell total, on the home screen header and the in-game counter. Shells are the game's collectible; the total only ever grows."
Localizable,game.bubblesCollected %lld,ca,plural.one,new,%lld petxina recollida,%lld shell collected,"VoiceOver label for the running shell total, on the home screen header and the in-game counter. Shells are the game's collectible; the total only ever grows."
Localizable,game.bubblesCollected %lld,ca,plural.other,new,%lld petxines recollides,%lld shells collected,"VoiceOver label for the running shell total, on the home screen header and the in-game counter. Shells are the game's collectible; the total only ever grows."
Localizable,game.bubblesCollected %lld,cs,plural.one,new,Sebrána %lld mušle,%lld shell collected,"VoiceOver label for the running shell total, on the home screen header and the in-game counter. Shells are the game's collectible; the total only ever grows."
Localizable,game.bubblesCollected %lld,cs,plural.other,new,Sebráno %lld mušlí,%lld shells collected,"VoiceOver label for the running shell total, on the home screen header and the in-game counter. Shells are the game's collectible; the total only ever grows."
Localizable,game.bubblesCollected %lld,cy,plural.one,new,%lld gragen wedi’i chasglu,%lld shell collected,"VoiceOver label for the running shell total, on the home screen header and the in-game counter. Shells are the game's collectible; the total only ever grows."
Localizable,game.bubblesCollected %lld,cy,plural.other,new,%lld cregyn wedi’u casglu,%lld shells collected,"VoiceOver label for the running shell total, on the home screen header and the in-game counter. Shells are the game's collectible; the total only ever grows."
Localizable,game.bubblesCollected %lld,da,plural.one,new,%lld musling samlet,%lld shell collected,"VoiceOver label for the running shell total, on the home screen header and the in-game counter. Shells are the game's collectible; the total only ever grows."
Localizable,game.bubblesCollected %lld,da,plural.other,new,%lld muslinger samlet,%lld shells collected,"VoiceOver label for the running shell total, on the home screen header and the in-game counter. Shells are the game's collectible; the total only ever grows."
Localizable,game.bubblesCollected %lld,de,plural.one,new,%lld Muschel gesammelt,%lld shell collected,"VoiceOver label for the running shell total, on the home screen header and the in-game counter. Shells are the game's collectible; the total only ever grows."
Localizable,game.bubblesCollected %lld,de,plural.other,new,%lld Muscheln gesammelt,%lld shells collected,"VoiceOver label for the running shell total, on the home screen header and the in-game counter. Shells are the game's collectible; the total only ever grows."
Localizable,game.bubblesCollected %lld,el,plural.one,new,Συλλέχθηκε %lld κοχύλι,%lld shell collected,"VoiceOver label for the running shell total, on the home screen header and the in-game counter. Shells are the game's collectible; the total only ever grows."
Localizable,game.bubblesCollected %lld,el,plural.other,new,Συλλέχθηκαν %lld κοχύλια,%lld shells collected,"VoiceOver label for the running shell total, on the home screen header and the in-game counter. Shells are the game's collectible; the total only ever grows."
Localizable,game.bubblesCollected %lld,es,plural.one,new,%lld concha recogida,%lld shell collected,"VoiceOver label for the running shell total, on the home screen header and the in-game counter. Shells are the game's collectible; the total only ever grows."
Localizable,game.bubblesCollected %lld,es,plural.other,new,%lld conchas recogidas,%lld shells collected,"VoiceOver label for the running shell total, on the home screen header and the in-game counter. Shells are the game's collectible; the total only ever grows."
Localizable,game.bubblesCollected %lld,et,plural.one,new,Kogutud %lld merekarp,%lld shell collected,"VoiceOver label for the running shell total, on the home screen header and the in-game counter. Shells are the game's collectible; the total only ever grows."
Localizable,game.bubblesCollected %lld,et,plural.other,new,Kogutud %lld merekarpi,%lld shells collected,"VoiceOver label for the running shell total, on the home screen header and the in-game counter. Shells are the game's collectible; the total only ever grows."
Localizable,game.bubblesCollected %lld,eu,plural.one,new,%lld maskor bildu da,%lld shell collected,"VoiceOver label for the running shell total, on the home screen header and the in-game counter. Shells are the game's collectible; the total only ever grows."
Localizable,game.bubblesCollected %lld,eu,plural.other,new,%lld maskor bildu dira,%lld shells collected,"VoiceOver label for the running shell total, on the home screen header and the in-game counter. Shells are the game's collectible; the total only ever grows."
Localizable,game.bubblesCollected %lld,fa,plural.one,new,%lld صدف جمع شد,%lld shell collected,"VoiceOver label for the running shell total, on the home screen header and the in-game counter. Shells are the game's collectible; the total only ever grows."
Localizable,game.bubblesCollected %lld,fa,plural.other,new,%lld صدف جمع شد,%lld shells collected,"VoiceOver label for the running shell total, on the home screen header and the in-game counter. Shells are the game's collectible; the total only ever grows."
Localizable,game.bubblesCollected %lld,fi,plural.one,new,Kerätty %lld simpukka,%lld shell collected,"VoiceOver label for the running shell total, on the home screen header and the in-game counter. Shells are the game's collectible; the total only ever grows."
Localizable,game.bubblesCollected %lld,fi,plural.other,new,Kerätty %lld simpukkaa,%lld shells collected,"VoiceOver label for the running shell total, on the home screen header and the in-game counter. Shells are the game's collectible; the total only ever grows."
Localizable,game.bubblesCollected %lld,fo,plural.one,new,%lld skel savnað,%lld shell collected,"VoiceOver label for the running shell total, on the home screen header and the in-game counter. Shells are the game's collectible; the total only ever grows."
Localizable,game.bubblesCollected %lld,fo,plural.other,new,%lld skel savnað,%lld shells collected,"VoiceOver label for the running shell total, on the home screen header and the in-game counter. Shells are the game's collectible; the total only ever grows."
Localizable,game.bubblesCollected %lld,fr,plural.one,new,%lld coquillage ramassé,%lld shell collected,"VoiceOver label for the running shell total, on the home screen header and the in-game counter. Shells are the game's collectible; the total only ever grows."
Localizable,game.bubblesCollected %lld,fr,plural.other,new,%lld coquillages ramassés,%lld shells collected,"VoiceOver label for the running shell total, on the home screen header and the in-game counter. Shells are the game's collectible; the total only ever grows."
Localizable,game.bubblesCollected %lld,ga,plural.one,new,%lld bhlaosc bailithe,%lld shell collected,"VoiceOver label for the running shell total, on the home screen header and the in-game counter. Shells are the game's collectible; the total only ever grows."
Localizable,game.bubblesCollected %lld,ga,plural.other,new,%lld blaosc bailithe,%lld shells collected,"VoiceOver label for the running shell total, on the home screen header and the in-game counter. Shells are the game's collectible; the total only ever grows."
Localizable,game.bubblesCollected %lld,gl,plural.one,new,%lld cuncha recollida,%lld shell collected,"VoiceOver label for the running shell total, on the home screen header and the in-game counter. Shells are the game's collectible; the total only ever grows."
Localizable,game.bubblesCollected %lld,gl,plural.other,new,%lld cunchas recollidas,%lld shells collected,"VoiceOver label for the running shell total, on the home screen header and the in-game counter. Shells are the game's collectible; the total only ever grows."
Localizable,game.bubblesCollected %lld,gu,plural.one,new,%lld છીપ ભેગી કરી,%lld shell collected,"VoiceOver label for the running shell total, on the home screen header and the in-game counter. Shells are the game's collectible; the total only ever grows."
Localizable,game.bubblesCollected %lld,gu,plural.other,new,%lld છીપો ભેગી કરી,%lld shells collected,"VoiceOver label for the running shell total, on the home screen header and the in-game counter. Shells are the game's collectible; the total only ever grows."
Localizable,game.bubblesCollected %lld,he,plural.one,new,נאספה %lld צדפה,%lld shell collected,"VoiceOver label for the running shell total, on the home screen header and the in-game counter. Shells are the game's collectible; the total only ever grows."
Localizable,game.bubblesCollected %lld,he,plural.other,new,נאספו %lld צדפות,%lld shells collected,"VoiceOver label for the running shell total, on the home screen header and the in-game counter. Shells are the game's collectible; the total only ever grows."
Localizable,game.bubblesCollected %lld,hi,plural.one,new,%lld सीपी इकट्ठी की,%lld shell collected,"VoiceOver label for the running shell total, on the home screen header and the in-game counter. Shells are the game's collectible; the total only ever grows."
Localizable,game.bubblesCollected %lld,hi,plural.other,new,%lld सीपियाँ इकट्ठी कीं,%lld shells collected,"VoiceOver label for the running shell total, on the home screen header and the in-game counter. Shells are the game's collectible; the total only ever grows."
Localizable,game.bubblesCollected %lld,hr,plural.one,new,Prikupljena %lld školjka,%lld shell collected,"VoiceOver label for the running shell total, on the home screen header and the in-game counter. Shells are the game's collectible; the total only ever grows."
Localizable,game.bubblesCollected %lld,hr,plural.other,new,Prikupljeno %lld školjki,%lld shells collected,"VoiceOver label for the running shell total, on the home screen header and the in-game counter. Shells are the game's collectible; the total only ever grows."
Localizable,game.bubblesCollected %lld,hu,plural.one,new,%lld kagyló összegyűjtve,%lld shell collected,"VoiceOver label for the running shell total, on the home screen header and the in-game counter. Shells are the game's collectible; the total only ever grows."
Localizable,game.bubblesCollected %lld,hu,plural.other,new,%lld kagyló összegyűjtve,%lld shells collected,"VoiceOver label for the running shell total, on the home screen header and the in-game counter. Shells are the game's collectible; the total only ever grows."
Localizable,game.bubblesCollected %lld,hy,plural.one,new,Հավաքվել է %lld խեցի,%lld shell collected,"VoiceOver label for the running shell total, on the home screen header and the in-game counter. Shells are the game's collectible; the total only ever grows."
Localizable,game.bubblesCollected %lld,hy,plural.other,new,Հավաքվել է %lld խեցի,%lld shells collected,"VoiceOver label for the running shell total, on the home screen header and the in-game counter. Shells are the game's collectible; the total only ever grows."
Localizable,game.bubblesCollected %lld,id,plural.one,new,%lld kerang terkumpul,%lld shell collected,"VoiceOver label for the running shell total, on the home screen header and the in-game counter. Shells are the game's collectible; the total only ever grows."
Localizable,game.bubblesCollected %lld,id,plural.other,new,%lld kerang terkumpul,%lld shells collected,"VoiceOver label for the running shell total, on the home screen header and the in-game counter. Shells are the game's collectible; the total only ever grows."
Localizable,game.bubblesCollected %lld,is,plural.one,new,%lld skel safnað,%lld shell collected,"VoiceOver label for the running shell total, on the home screen header and the in-game counter. Shells are the game's collectible; the total only ever grows."
Localizable,game.bubblesCollected %lld,is,plural.other,new,%lld skeljum safnað,%lld shells collected,"VoiceOver label for the running shell total, on the home screen header and the in-game counter. Shells are the game's collectible; the total only ever grows."
Localizable,game.bubblesCollected %lld,it,plural.one,new,%lld conchiglia raccolta,%lld shell collected,"VoiceOver label for the running shell total, on the home screen header and the in-game counter. Shells are the game's collectible; the total only ever grows."
Localizable,game.bubblesCollected %lld,it,plural.other,new,%lld conchiglie raccolte,%lld shells collected,"VoiceOver label for the running shell total, on the home screen header and the in-game counter. Shells are the game's collectible; the total only ever grows."
Localizable,game.bubblesCollected %lld,ja,plural.one,new,貝がらを%lld個集めた,%lld shell collected,"VoiceOver label for the running shell total, on the home screen header and the in-game counter. Shells are the game's collectible; the total only ever grows."
Localizable,game.bubblesCollected %lld,ja,plural.other,new,貝がらを%lld個集めた,%lld shells collected,"VoiceOver label for the running shell total, on the home screen header and the in-game counter. Shells are the game's collectible; the total only ever grows."
Localizable,game.bubblesCollected %lld,ka,plural.one,new,შეგროვდა %lld ნიჟარა,%lld shell collected,"VoiceOver label for the running shell total, on the home screen header and the in-game counter. Shells are the game's collectible; the total only ever grows."
Localizable,game.bubblesCollected %lld,ka,plural.other,new,შეგროვდა %lld ნიჟარა,%lld shells collected,"VoiceOver label for the running shell total, on the home screen header and the in-game counter. Shells are the game's collectible; the total only ever grows."
Localizable,game.bubblesCollected %lld,kk,plural.one,new,%lld бақалшақ жиналды,%lld shell collected,"VoiceOver label for the running shell total, on the home screen header and the in-game counter. Shells are the game's collectible; the total only ever grows."
Localizable,game.bubblesCollected %lld,kk,plural.other,new,%lld бақалшақ жиналды,%lld shells collected,"VoiceOver label for the running shell total, on the home screen header and the in-game counter. Shells are the game's collectible; the total only ever grows."
Localizable,game.bubblesCollected %lld,km,plural.one,new,ប្រមូលបានសំបកខ្យង %lld,%lld shell collected,"VoiceOver label for the running shell total, on the home screen header and the in-game counter. Shells are the game's collectible; the total only ever grows."
Localizable,game.bubblesCollected %lld,km,plural.other,new,ប្រមូលបានសំបកខ្យង %lld,%lld shells collected,"VoiceOver label for the running shell total, on the home screen header and the in-game counter. Shells are the game's collectible; the total only ever grows."
Localizable,game.bubblesCollected %lld,kn,plural.one,new,%lld ಚಿಪ್ಪು ಸಂಗ್ರಹಿಸಲಾಗಿದೆ,%lld shell collected,"VoiceOver label for the running shell total, on the home screen header and the in-game counter. Shells are the game's collectible; the total only ever grows."
Localizable,game.bubblesCollected %lld,kn,plural.other,new,%lld ಚಿಪ್ಪುಗಳು ಸಂಗ್ರಹಿಸಲಾಗಿದೆ,%lld shells collected,"VoiceOver label for the running shell total, on the home screen header and the in-game counter. Shells are the game's collectible; the total only ever grows."
Localizable,game.bubblesCollected %lld,ko,plural.one,new,조개껍데기 %lld개를 모았어요,%lld shell collected,"VoiceOver label for the running shell total, on the home screen header and the in-game counter. Shells are the game's collectible; the total only ever grows."
Localizable,game.bubblesCollected %lld,ko,plural.other,new,조개껍데기 %lld개를 모았어요,%lld shells collected,"VoiceOver label for the running shell total, on the home screen header and the in-game counter. Shells are the game's collectible; the total only ever grows."
Localizable,game.bubblesCollected %lld,lo,plural.one,new,ເກັບເປືອກຫອຍໄດ້ %lld,%lld shell collected,"VoiceOver label for the running shell total, on the home screen header and the in-game counter. Shells are the game's collectible; the total only ever grows."
Localizable,game.bubblesCollected %lld,lo,plural.other,new,ເກັບເປືອກຫອຍໄດ້ %lld,%lld shells collected,"VoiceOver label for the running shell total, on the home screen header and the in-game counter. Shells are the game's collectible; the total only ever grows."
Localizable,game.bubblesCollected %lld,lt,plural.one,new,Surinkta %lld kriauklė,%lld shell collected,"VoiceOver label for the running shell total, on the home screen header and the in-game counter. Shells are the game's collectible; the total only ever grows."
Localizable,game.bubblesCollected %lld,lt,plural.other,new,Surinkta %lld kriauklių,%lld shells collected,"VoiceOver label for the running shell total, on the home screen header and the in-game counter. Shells are the game's collectible; the total only ever grows."
Localizable,game.bubblesCollected %lld,lv,plural.one,new,Savākts %lld gliemežvāks,%lld shell collected,"VoiceOver label for the running shell total, on the home screen header and the in-game counter. Shells are the game's collectible; the total only ever grows."
Localizable,game.bubblesCollected %lld,lv,plural.other,new,Savākti %lld gliemežvāki,%lld shells collected,"VoiceOver label for the running shell total, on the home screen header and the in-game counter. Shells are the game's collectible; the total only ever grows."
Localizable,game.bubblesCollected %lld,mk,plural.one,new,Собрана %lld школка,%lld shell collected,"VoiceOver label for the running shell total, on the home screen header and the in-game counter. Shells are the game's collectible; the total only ever grows."
Localizable,game.bubblesCollected %lld,mk,plural.other,new,Собрани %lld школки,%lld shells collected,"VoiceOver label for the running shell total, on the home screen header and the in-game counter. Shells are the game's collectible; the total only ever grows."
Localizable,game.bubblesCollected %lld,ml,plural.one,new,%lld ചിപ്പി ശേഖരിച്ചു,%lld shell collected,"VoiceOver label for the running shell total, on the home screen header and the in-game counter. Shells are the game's collectible; the total only ever grows."
Localizable,game.bubblesCollected %lld,ml,plural.other,new,%lld ചിപ്പികൾ ശേഖരിച്ചു,%lld shells collected,"VoiceOver label for the running shell total, on the home screen header and the in-game counter. Shells are the game's collectible; the total only ever grows."
Localizable,game.bubblesCollected %lld,mn,plural.one,new,%lld хясаа цуглууллаа,%lld shell collected,"VoiceOver label for the running shell total, on the home screen header and the in-game counter. Shells are the game's collectible; the total only ever grows."
Localizable,game.bubblesCollected %lld,mn,plural.other,new,%lld хясаа цуглууллаа,%lld shells collected,"VoiceOver label for the running shell total, on the home screen header and the in-game counter. Shells are the game's collectible; the total only ever grows."
Localizable,game.bubblesCollected %lld,mr,plural.one,new,%lld शिंपला गोळा केला,%lld shell collected,"VoiceOver label for the running shell total, on the home screen header and the in-game counter. Shells are the game's collectible; the total only ever grows."
Localizable,game.bubblesCollected %lld,mr,plural.other,new,%lld शिंपले गोळा केली,%lld shells collected,"VoiceOver label for the running shell total, on the home screen header and the in-game counter. Shells are the game's collectible; the total only ever grows."
Localizable,game.bubblesCollected %lld,ms,plural.one,new,%lld cangkerang dikumpul,%lld shell collected,"VoiceOver label for the running shell total, on the home screen header and the in-game counter. Shells are the game's collectible; the total only ever grows."
Localizable,game.bubblesCollected %lld,ms,plural.other,new,%lld cangkerang dikumpul,%lld shells collected,"VoiceOver label for the running shell total, on the home screen header and the in-game counter. Shells are the game's collectible; the total only ever grows."
Localizable,game.bubblesCollected %lld,my,plural.one,new,ခရုခွံ %lld ခု စုဆောင်းပြီး,%lld shell collected,"VoiceOver label for the running shell total, on the home screen header and the in-game counter. Shells are the game's collectible; the total only ever grows."
Localizable,game.bubblesCollected %lld,my,plural.other,new,ခရုခွံ %lld ခု စုဆောင်းပြီး,%lld shells collected,"VoiceOver label for the running shell total, on the home screen header and the in-game counter. Shells are the game's collectible; the total only ever grows."
Localizable,game.bubblesCollected %lld,nb,plural.one,new,%lld skjell samlet,%lld shell collected,"VoiceOver label for the running shell total, on the home screen header and the in-game counter. Shells are the game's collectible; the total only ever grows."
Localizable,game.bubblesCollected %lld,nb,plural.other,new,%lld skjell samlet,%lld shells collected,"VoiceOver label for the running shell total, on the home screen header and the in-game counter. Shells are the game's collectible; the total only ever grows."
Localizable,game.bubblesCollected %lld,ne,plural.one,new,%lld सिपी सङ्कलन भयो,%lld shell collected,"VoiceOver label for the running shell total, on the home screen header and the in-game counter. Shells are the game's collectible; the total only ever grows."
Localizable,game.bubblesCollected %lld,ne,plural.other,new,%lld सिपीहरू सङ्कलन भए,%lld shells collected,"VoiceOver label for the running shell total, on the home screen header and the in-game counter. Shells are the game's collectible; the total only ever grows."
Localizable,game.bubblesCollected %lld,or,plural.one,new,%lldଟି ଶାମୁକା ଖୋଳ ସଂଗ୍ରହ ହେଲା,%lld shell collected,"VoiceOver label for the running shell total, on the home screen header and the in-game counter. Shells are the game's collectible; the total only ever grows."
Localizable,game.bubblesCollected %lld,or,plural.other,new,%lldଟି ଶାମୁକା ଖୋଳ ସଂଗ୍ରହ ହେଲା,%lld shells collected,"VoiceOver label for the running shell total, on the home screen header and the in-game counter. Shells are the game's collectible; the total only ever grows."
Localizable,game.bubblesCollected %lld,pa,plural.one,new,%lld ਸੀਪੀ ਇਕੱਠੀ ਕੀਤੀ,%lld shell collected,"VoiceOver label for the running shell total, on the home screen header and the in-game counter. Shells are the game's collectible; the total only ever grows."
Localizable,game.bubblesCollected %lld,pa,plural.other,new,%lld ਸੀਪੀਆਂ ਇਕੱਠੀਆਂ ਕੀਤੀਆਂ,%lld shells collected,"VoiceOver label for the running shell total, on the home screen header and the in-game counter. Shells are the game's collectible; the total only ever grows."
Localizable,game.bubblesCollected %lld,pl,plural.one,new,Zebrano %lld muszlę,%lld shell collected,"VoiceOver label for the running shell total, on the home screen header and the in-game counter. Shells are the game's collectible; the total only ever grows."
Localizable,game.bubblesCollected %lld,pl,plural.other,new,Zebrano %lld muszli,%lld shells collected,"VoiceOver label for the running shell total, on the home screen header and the in-game counter. Shells are the game's collectible; the total only ever grows."
Localizable,game.bubblesCollected %lld,pt,plural.one,new,%lld concha apanhada,%lld shell collected,"VoiceOver label for the running shell total, on the home screen header and the in-game counter. Shells are the game's collectible; the total only ever grows."
Localizable,game.bubblesCollected %lld,pt,plural.other,new,%lld conchas apanhadas,%lld shells collected,"VoiceOver label for the running shell total, on the home screen header and the in-game counter. Shells are the game's collectible; the total only ever grows."
Localizable,game.bubblesCollected %lld,ro,plural.one,new,%lld scoică adunată,%lld shell collected,"VoiceOver label for the running shell total, on the home screen header and the in-game counter. Shells are the game's collectible; the total only ever grows."
Localizable,game.bubblesCollected %lld,ro,plural.other,new,%lld scoici adunate,%lld shells collected,"VoiceOver label for the running shell total, on the home screen header and the in-game counter. Shells are the game's collectible; the total only ever grows."
Localizable,game.bubblesCollected %lld,ru,plural.one,new,Собрана %lld ракушка,%lld shell collected,"VoiceOver label for the running shell total, on the home screen header and the in-game counter. Shells are the game's collectible; the total only ever grows."
Localizable,game.bubblesCollected %lld,ru,plural.other,new,Собрано %lld ракушек,%lld shells collected,"VoiceOver label for the running shell total, on the home screen header and the in-game counter. Shells are the game's collectible; the total only ever grows."
Localizable,game.bubblesCollected %lld,si,plural.one,new,සිප්පි කටුව %lldක් එකතු කළා,%lld shell collected,"VoiceOver label for the running shell total, on the home screen header and the in-game counter. Shells are the game's collectible; the total only ever grows."
Localizable,game.bubblesCollected %lld,si,plural.other,new,සිප්පි කටු %lldක් එකතු කළා,%lld shells collected,"VoiceOver label for the running shell total, on the home screen header and the in-game counter. Shells are the game's collectible; the total only ever grows."
Localizable,game.bubblesCollected %lld,sk,plural.one,new,Zozbieraná %lld mušľa,%lld shell collected,"VoiceOver label for the running shell total, on the home screen header and the in-game counter. Shells are the game's collectible; the total only ever grows."
Localizable,game.bubblesCollected %lld,sk,plural.other,new,Zozbieraných %lld mušlí,%lld shells collected,"VoiceOver label for the running shell total, on the home screen header and the in-game counter. Shells are the game's collectible; the total only ever grows."
Localizable,game.bubblesCollected %lld,sl,plural.one,new,Zbrana %lld školjka,%lld shell collected,"VoiceOver label for the running shell total, on the home screen header and the in-game counter. Shells are the game's collectible; the total only ever grows."
Localizable,game.bubblesCollected %lld,sl,plural.other,new,Zbranih %lld školjk,%lld shells collected,"VoiceOver label for the running shell total, on the home screen header and the in-game counter. Shells are the game's collectible; the total only ever grows."
Localizable,game.bubblesCollected %lld,sq,plural.one,new,U mblodh %lld guaskë,%lld shell collected,"VoiceOver label for the running shell total, on the home screen header and the in-game counter. Shells are the game's collectible; the total only ever grows."
Localizable,game.bubblesCollected %lld,sq,plural.other,new,U mblodhën %lld guaska,%lld shells collected,"VoiceOver label for the running shell total, on the home screen header and the in-game counter. Shells are the game's collectible; the total only ever grows."
Localizable,game.bubblesCollected %lld,sr,plural.one,new,Сакупљена %lld шкољка,%lld shell collected,"VoiceOver label for the running shell total, on the home screen header and the in-game counter. Shells are the game's collectible; the total only ever grows."
Localizable,game.bubblesCollected %lld,sr,plural.other,new,Сакупљено %lld шкољки,%lld shells collected,"VoiceOver label for the running shell total, on the home screen header and the in-game counter. Shells are the game's collectible; the total only ever grows."
Localizable,game.bubblesCollected %lld,sv,plural.one,new,%lld snäcka samlad,%lld shell collected,"VoiceOver label for the running shell total, on the home screen header and the in-game counter. Shells are the game's collectible; the total only ever grows."
Localizable,game.bubblesCollected %lld,sv,plural.other,new,%lld snäckor samlade,%lld shells collected,"VoiceOver label for the running shell total, on the home screen header and the in-game counter. Shells are the game's collectible; the total only ever grows."
Localizable,game.bubblesCollected %lld,sw,plural.one,new,Gamba %lld limekusanywa,%lld shell collected,"VoiceOver label for the running shell total, on the home screen header and the in-game counter. Shells are the game's collectible; the total only ever grows."
Localizable,game.bubblesCollected %lld,sw,plural.other,new,Magamba %lld yamekusanywa,%lld shells collected,"VoiceOver label for the running shell total, on the home screen header and the in-game counter. Shells are the game's collectible; the total only ever grows."
Localizable,game.bubblesCollected %lld,ta,plural.one,new,%lld சிப்பி சேகரிக்கப்பட்டது,%lld shell collected,"VoiceOver label for the running shell total, on the home screen header and the in-game counter. Shells are the game's collectible; the total only ever grows."
Localizable,game.bubblesCollected %lld,ta,plural.other,new,%lld சிப்பிகள் சேகரிக்கப்பட்டன,%lld shells collected,"VoiceOver label for the running shell total, on the home screen header and the in-game counter. Shells are the game's collectible; the total only ever grows."
Localizable,game.bubblesCollected %lld,te,plural.one,new,%lld గవ్వ సేకరించబడింది,%lld shell collected,"VoiceOver label for the running shell total, on the home screen header and the in-game counter. Shells are the game's collectible; the total only ever grows."
Localizable,game.bubblesCollected %lld,te,plural.other,new,%lld గవ్వలు సేకరించబడ్డాయి,%lld shells collected,"VoiceOver label for the running shell total, on the home screen header and the in-game counter. Shells are the game's collectible; the total only ever grows."
Localizable,game.bubblesCollected %lld,th,plural.one,new,เก็บเปลือกหอยได้ %lld ชิ้น,%lld shell collected,"VoiceOver label for the running shell total, on the home screen header and the in-game counter. Shells are the game's collectible; the total only ever grows."
Localizable,game.bubblesCollected %lld,th,plural.other,new,เก็บเปลือกหอยได้ %lld ชิ้น,%lld shells collected,"VoiceOver label for the running shell total, on the home screen header and the in-game counter. Shells are the game's collectible; the total only ever grows."
Localizable,game.bubblesCollected %lld,tr,plural.one,new,%lld deniz kabuğu toplandı,%lld shell collected,"VoiceOver label for the running shell total, on the home screen header and the in-game counter. Shells are the game's collectible; the total only ever grows."
Localizable,game.bubblesCollected %lld,tr,plural.other,new,%lld deniz kabuğu toplandı,%lld shells collected,"VoiceOver label for the running shell total, on the home screen header and the in-game counter. Shells are the game's collectible; the total only ever grows."
Localizable,game.bubblesCollected %lld,ug,plural.one,new,%lld دېڭىز قېپى يىغىلدى,%lld shell collected,"VoiceOver label for the running shell total, on the home screen header and the in-game counter. Shells are the game's collectible; the total only ever grows."
Localizable,game.bubblesCollected %lld,ug,plural.other,new,%lld دېڭىز قېپى يىغىلدى,%lld shells collected,"VoiceOver label for the running shell total, on the home screen header and the in-game counter. Shells are the game's collectible; the total only ever grows."
Localizable,game.bubblesCollected %lld,uk,plural.one,new,Зібрано %lld мушлю,%lld shell collected,"VoiceOver label for the running shell total, on the home screen header and the in-game counter. Shells are the game's collectible; the total only ever grows."
Localizable,game.bubblesCollected %lld,uk,plural.other,new,Зібрано %lld мушель,%lld shells collected,"VoiceOver label for the running shell total, on the home screen header and the in-game counter. Shells are the game's collectible; the total only ever grows."
Localizable,game.bubblesCollected %lld,ur,plural.one,new,%lld سیپی جمع ہوئی,%lld shell collected,"VoiceOver label for the running shell total, on the home screen header and the in-game counter. Shells are the game's collectible; the total only ever grows."
Localizable,game.bubblesCollected %lld,ur,plural.other,new,%lld سیپیاں جمع ہوئیں,%lld shells collected,"VoiceOver label for the running shell total, on the home screen header and the in-game counter. Shells are the game's collectible; the total only ever grows."
Localizable,game.bubblesCollected %lld,uz,plural.one,new,%lld ta chig‘anoq yig‘ildi,%lld shell collected,"VoiceOver label for the running shell total, on the home screen header and the in-game counter. Shells are the game's collectible; the total only ever grows."
Localizable,game.bubblesCollected %lld,uz,plural.other,new,%lld ta chig‘anoq yig‘ildi,%lld shells collected,"VoiceOver label for the running shell total, on the home screen header and the in-game counter. Shells are the game's collectible; the total only ever grows."
Localizable,game.bubblesCollected %lld,vi,plural.one,new,Đã nhặt %lld vỏ sò,%lld shell collected,"VoiceOver label for the running shell total, on the home screen header and the in-game counter. Shells are the game's collectible; the total only ever grows."
Localizable,game.bubblesCollected %lld,vi,plural.other,new,Đã nhặt %lld vỏ sò,%lld shells collected,"VoiceOver label for the running shell total, on the home screen header and the in-game counter. Shells are the game's collectible; the total only ever grows."
Localizable,game.bubblesCollected %lld,zh,plural.one,new,已收集 %lld 个贝壳,%lld shell collected,"VoiceOver label for the running shell total, on the home screen header and the in-game counter. Shells are the game's collectible; the total only ever grows."
Localizable,game.bubblesCollected %lld,zh,plural.other,new,已收集 %lld 个贝壳,%lld shells collected,"VoiceOver label for the running shell total, on the home screen header and the in-game counter. Shells are the game's collectible; the total only ever grows."
Localizable,game.bubblesCollected %lld,zu,plural.one,new,Kuqoqwe igobolondo elingu-%lld,%lld shell collected,"VoiceOver label for the running shell total, on the home screen header and the in-game counter. Shells are the game's collectible; the total only ever grows."
Localizable,game.bubblesCollected %lld,zu,plural.other,new,Kuqoqwe amagobolondo angu-%lld,%lld shells collected,"VoiceOver label for the running shell total, on the home screen header and the in-game counter. Shells are the game's collectible; the total only ever grows."
Localizable,game.end.completionSubtitle,af,,new,Jy het al die skulpe versamel.,You collected all the shells.,Line under the title on the result screen when the level was completed by collecting every shell.
Localizable,game.end.completionSubtitle,am,,new,ሁሉንም ዛጎሎች ሰብስበሃል።,You collected all the shells.,Line under the title on the result screen when the level was completed by collecting every shell.
Localizable,game.end.completionSubtitle,ar,,new,لقد جمعت كل الأصداف.,You collected all the shells.,Line under the title on the result screen when the level was completed by collecting every shell.
Localizable,game.end.completionSubtitle,as,,new,তুমি সকলো শামুকৰ খোলা সংগ্ৰহ কৰিলা।,You collected all the shells.,Line under the title on the result screen when the level was completed by collecting every shell.
Localizable,game.end.completionSubtitle,az,,new,Bütün dəniz qabıqlarını topladın.,You collected all the shells.,Line under the title on the result screen when the level was completed by collecting every shell.
Localizable,game.end.completionSubtitle,be,,new,Ты сабраў/ла ўсе ракавінкі.,You collected all the shells.,Line under the title on the result screen when the level was completed by collecting every shell.
Localizable,game.end.completionSubtitle,bg,,new,Събра всички миди.,You collected all the shells.,Line under the title on the result screen when the level was completed by collecting every shell.
Localizable,game.end.completionSubtitle,bn,,new,তুমি সব ঝিনুক সংগ্রহ করেছ।,You collected all the shells.,Line under the title on the result screen when the level was completed by collecting every shell.
Localizable,game.end.completionSubtitle,bo,,new,ཉ་ཕྱིས་ཚང་མ་བསྡུས་ཟིན།,You collected all the shells.,Line under the title on the result screen when the level was completed by collecting every shell.
Localizable,game.end.completionSubtitle,bs,,new,Prikupio/la si sve školjke.,You collected all the shells.,Line under the title on the result screen when the level was completed by collecting every shell.
Localizable,game.end.completionSubtitle,ca,,new,Has recollit totes les petxines.,You collected all the shells.,Line under the title on the result screen when the level was completed by collecting every shell.
Localizable,game.end.completionSubtitle,cs,,new,Sebral/a jsi všechny mušle.,You collected all the shells.,Line under the title on the result screen when the level was completed by collecting every shell.
Localizable,game.end.completionSubtitle,cy,,new,Rwyt ti wedi casglu’r holl gregyn.,You collected all the shells.,Line under the title on the result screen when the level was completed by collecting every shell.
Localizable,game.end.completionSubtitle,da,,new,Du samlede alle muslingerne.,You collected all the shells.,Line under the title on the result screen when the level was completed by collecting every shell.
Localizable,game.end.completionSubtitle,de,,new,Du hast alle Muscheln gesammelt.,You collected all the shells.,Line under the title on the result screen when the level was completed by collecting every shell.
Localizable,game.end.completionSubtitle,el,,new,Μάζεψες όλα τα κοχύλια.,You collected all the shells.,Line under the title on the result screen when the level was completed by collecting every shell.
Localizable,game.end.completionSubtitle,es,,new,Has recogido todas las conchas.,You collected all the shells.,Line under the title on the result screen when the level was completed by collecting every shell.
Localizable,game.end.completionSubtitle,et,,new,Kogusid kõik merekarbid kokku.,You collected all the shells.,Line under the title on the result screen when the level was completed by collecting every shell.
Localizable,game.end.completionSubtitle,eu,,new,Maskor guztiak bildu dituzu.,You collected all the shells.,Line under the title on the result screen when the level was completed by collecting every shell.
Localizable,game.end.completionSubtitle,fa,,new,همهٔ صدف‌ها را جمع کردی.,You collected all the shells.,Line under the title on the result screen when the level was completed by collecting every shell.
Localizable,game.end.completionSubtitle,fi,,new,Keräsit kaikki simpukat.,You collected all the shells.,Line under the title on the result screen when the level was completed by collecting every shell.
Localizable,game.end.completionSubtitle,fo,,new,Tú savnaði øll skelini.,You collected all the shells.,Line under the title on the result screen when the level was completed by collecting every shell.
Localizable,game.end.completionSubtitle,fr,,new,Tu as ramassé tous les coquillages.,You collected all the shells.,Line under the title on the result screen when the level was completed by collecting every shell.
Localizable,game.end.completionSubtitle,ga,,new,Bhailigh tú na blaoscanna go léir.,You collected all the shells.,Line under the title on the result screen when the level was completed by collecting every shell.
Localizable,game.end.completionSubtitle,gl,,new,Recolliches todas as cunchas.,You collected all the shells.,Line under the title on the result screen when the level was completed by collecting every shell.
Localizable,game.end.completionSubtitle,gu,,new,તમે બધી છીપો ભેગી કરી લીધી.,You collected all the shells.,Line under the title on the result screen when the level was completed by collecting every shell.
Localizable,game.end.completionSubtitle,he,,new,אספת את כל הצדפות.,You collected all the shells.,Line under the title on the result screen when the level was completed by collecting every shell.
Localizable,game.end.completionSubtitle,hi,,new,तुमने सारी सीपियाँ इकट्ठी कर लीं।,You collected all the shells.,Line under the title on the result screen when the level was completed by collecting every shell.
Localizable,game.end.completionSubtitle,hr,,new,Prikupio/la si sve školjke.,You collected all the shells.,Line under the title on the result screen when the level was completed by collecting every shell.
Localizable,game.end.completionSubtitle,hu,,new,Összegyűjtötted az összes kagylót.,You collected all the shells.,Line under the title on the result screen when the level was completed by collecting every shell.
Localizable,game.end.completionSubtitle,hy,,new,Դու հավաքեցիր բոլոր խեցիները։,You collected all the shells.,Line under the title on the result screen when the level was completed by collecting every shell.
Localizable,game.end.completionSubtitle,id,,new,Kamu sudah mengumpulkan semua kerang.,You collected all the shells.,Line under the title on the result screen when the level was completed by collecting every shell.
Localizable,game.end.completionSubtitle,is,,new,Þú safnaðir öllum skeljunum.,You collected all the shells.,Line under the title on the result screen when the level was completed by collecting every shell.
Localizable,game.end.completionSubtitle,it,,new,Hai raccolto tutte le conchiglie.,You collected all the shells.,Line under the title on the result screen when the level was completed by collecting every shell.
Localizable,game.end.completionSubtitle,ja,,new,貝がらを全部集めたよ。,You collected all the shells.,Line under the title on the result screen when the level was completed by collecting every shell.
Localizable,game.end.completionSubtitle,ka,,new,ყველა ნიჟარა შეაგროვე.,You collected all the shells.,Line under the title on the result screen when the level was completed by collecting every shell.
Localizable,game.end.completionSubtitle,kk,,new,Барлық бақалшақты жинадың.,You collected all the shells.,Line under the title on the result screen when the level was completed by collecting every shell.
Localizable,game.end.completionSubtitle,km,,new,អ្នកបានប្រមូលសំបកខ្យងទាំងអស់ហើយ។,You collected all the shells.,Line under the title on the result screen when the level was completed by collecting every shell.
Localizable,game.end.completionSubtitle,kn,,new,ನೀನು ಎಲ್ಲಾ ಚಿಪ್ಪುಗಳನ್ನು ಸಂಗ್ರಹಿಸಿದ್ದೀಯ.,You collected all the shells.,Line under the title on the result screen when the level was completed by collecting every shell.
Localizable,game.end.completionSubtitle,ko,,new,조개껍데기를 모두 모았어요.,You collected all the shells.,Line under the title on the result screen when the level was completed by collecting every shell.
Localizable,game.end.completionSubtitle,lo,,new,ເຈົ້າເກັບເປືອກຫອຍຄົບໝົດແລ້ວ.,You collected all the shells.,Line under the title on the result screen when the level was completed by collecting every shell.
Localizable,game.end.completionSubtitle,lt,,new,Surinkai visas kriaukles.,You collected all the shells.,Line under the title on the result screen when the level was completed by collecting every shell.
Localizable,game.end.completionSubtitle,lv,,new,Tu savāci visus gliemežvākus.,You collected all the shells.,Line under the title on the result screen when the level was completed by collecting every shell.
Localizable,game.end.completionSubtitle,mk,,new,Ги собра сите школки.,You collected all the shells.,Line under the title on the result screen when the level was completed by collecting every shell.
Localizable,game.end.completionSubtitle,ml,,new,നീ എല്ലാ ചിപ്പികളും ശേഖരിച്ചു.,You collected all the shells.,Line under the title on the result screen when the level was completed by collecting every shell.
Localizable,game.end.completionSubtitle,mn,,new,Чи бүх хясааг цуглууллаа.,You collected all the shells.,Line under the title on the result screen when the level was completed by collecting every shell.
Localizable,game.end.completionSubtitle,mr,,new,तू सगळी शिंपले गोळा केलीस.,You collected all the shells.,Line under the title on the result screen when the level was completed by collecting every shell.
Localizable,game.end.completionSubtitle,ms,,new,Kamu telah mengumpul semua cangkerang.,You collected all the shells.,Line under the title on the result screen when the level was completed by collecting every shell.
Localizable,game.end.completionSubtitle,my,,new,ခရုခွံအားလုံးကို စုဆောင်းပြီးပါပြီ။,You collected all the shells.,Line under the title on the result screen when the level was completed by collecting every shell.
Localizable,game.end.completionSubtitle,nb,,new,Du samlet alle skjellene.,You collected all the shells.,Line under the title on the result screen when the level was completed by collecting every shell.
Localizable,game.end.completionSubtitle,ne,,new,तिमीले सबै सिपीहरू सङ्कलन गर्‍यौ।,You collected all the shells.,Line under the title on the result screen when the level was completed by collecting every shell.
Localizable,game.end.completionSubtitle,or,,new,ତୁମେ ସବୁ ଶାମୁକା ଖୋଳ ସଂଗ୍ରହ କରିଛ।,You collected all the shells.,Line under the title on the result screen when the level was completed by collecting every shell.
Localizable,game.end.completionSubtitle,pa,,new,ਤੂੰ ਸਾਰੀਆਂ ਸੀਪੀਆਂ ਇਕੱਠੀਆਂ ਕਰ ਲਈਆਂ।,You collected all the shells.,Line under the title on the result screen when the level was completed by collecting every shell.
Localizable,game.end.completionSubtitle,pl,,new,Udało ci się zebrać wszystkie muszle.,You collected all the shells.,Line under the title on the result screen when the level was completed by collecting every shell.
Localizable,game.end.completionSubtitle,pt,,new,Apanhaste todas as conchas.,You collected all the shells.,Line under the title on the result screen when the level was completed by collecting every shell.
Localizable,game.end.completionSubtitle,ro,,new,Ai adunat toate scoicile.,You collected all the shells.,Line under the title on the result screen when the level was completed by collecting every shell.
Localizable,game.end.completionSubtitle,ru,,new,Ты собрал(а) все ракушки.,You collected all the shells.,Line under the title on the result screen when the level was completed by collecting every shell.
Localizable,game.end.completionSubtitle,si,,new,ඔයා සියලුම සිප්පි කටු එකතු කළා.,You collected all the shells.,Line under the title on the result screen when the level was completed by collecting every shell.
Localizable,game.end.completionSubtitle,sk,,new,Zozbieral/a si všetky mušle.,You collected all the shells.,Line under the title on the result screen when the level was completed by collecting every shell.
Localizable,game.end.completionSubtitle,sl,,new,Zbral/a si vse školjke.,You collected all the shells.,Line under the title on the result screen when the level was completed by collecting every shell.
Localizable,game.end.completionSubtitle,sq,,new,I mblodhe të gjitha guaskat.,You collected all the shells.,Line under the title on the result screen when the level was completed by collecting every shell.
Localizable,game.end.completionSubtitle,sr,,new,Сакупио/ла си све шкољке.,You collected all the shells.,Line under the title on the result screen when the level was completed by collecting every shell.
Localizable,game.end.completionSubtitle,sv,,new,Du samlade alla snäckor.,You collected all the shells.,Line under the title on the result screen when the level was completed by collecting every shell.
Localizable,game.end.completionSubtitle,sw,,new,Umekusanya magamba yote.,You collected all the shells.,Line under the title on the result screen when the level was completed by collecting every shell.
Localizable,game.end.completionSubtitle,ta,,new,நீ எல்லா சிப்பிகளையும் சேகரித்துவிட்டாய்.,You collected all the shells.,Line under the title on the result screen when the level was completed by collecting every shell.
Localizable,game.end.completionSubtitle,te,,new,నువ్వు అన్ని గవ్వలను సేకరించావు.,You collected all the shells.,Line under the title on the result screen when the level was completed by collecting every shell.
Localizable,game.end.completionSubtitle,th,,new,คุณเก็บเปลือกหอยครบทั้งหมดแล้ว,You collected all the shells.,Line under the title on the result screen when the level was completed by collecting every shell.
Localizable,game.end.completionSubtitle,tr,,new,Tüm deniz kabuklarını topladın.,You collected all the shells.,Line under the title on the result screen when the level was completed by collecting every shell.
Localizable,game.end.completionSubtitle,ug,,new,بارلىق دېڭىز قېپىنى يىغدىڭىز.,You collected all the shells.,Line under the title on the result screen when the level was completed by collecting every shell.
Localizable,game.end.completionSubtitle,uk,,new,Ти зібрав/ла всі мушлі.,You collected all the shells.,Line under the title on the result screen when the level was completed by collecting every shell.
Localizable,game.end.completionSubtitle,ur,,new,تم نے تمام سیپیاں جمع کر لیں۔,You collected all the shells.,Line under the title on the result screen when the level was completed by collecting every shell.
Localizable,game.end.completionSubtitle,uz,,new,Barcha chig‘anoqlarni yig‘ding.,You collected all the shells.,Line under the title on the result screen when the level was completed by collecting every shell.
Localizable,game.end.completionSubtitle,vi,,new,Bạn đã nhặt hết tất cả vỏ sò.,You collected all the shells.,Line under the title on the result screen when the level was completed by collecting every shell.
Localizable,game.end.completionSubtitle,zh,,new,你收集了所有贝壳。,You collected all the shells.,Line under the title on the result screen when the level was completed by collecting every shell.
Localizable,game.end.completionSubtitle,zu,,new,Uqoqe wonke amagobolondo.,You collected all the shells.,Line under the title on the result screen when the level was completed by collecting every shell.
Localizable,game.streakBoost.subtitle,af,,new,"2× skulpe • 1,5× spoed",2× shells • 1.5× speed,"Second line of the streak boost banner, naming the two rewards. ""2×"" and ""1.5×"" are multipliers — keep the digits and use your language's decimal separator for 1.5."
Localizable,game.streakBoost.subtitle,am,,new,2× ዛጎሎች • 1.5× ፍጥነት,2× shells • 1.5× speed,"Second line of the streak boost banner, naming the two rewards. ""2×"" and ""1.5×"" are multipliers — keep the digits and use your language's decimal separator for 1.5."
Localizable,game.streakBoost.subtitle,ar,,new,2× أصداف • 1٫5× سرعة,2× shells • 1.5× speed,"Second line of the streak boost banner, naming the two rewards. ""2×"" and ""1.5×"" are multipliers — keep the digits and use your language's decimal separator for 1.5."
Localizable,game.streakBoost.subtitle,as,,new,2× শামুকৰ খোলা • 1.5× গতি,2× shells • 1.5× speed,"Second line of the streak boost banner, naming the two rewards. ""2×"" and ""1.5×"" are multipliers — keep the digits and use your language's decimal separator for 1.5."
Localizable,game.streakBoost.subtitle,az,,new,"2× dəniz qabığı • 1,5× sürət",2× shells • 1.5× speed,"Second line of the streak boost banner, naming the two rewards. ""2×"" and ""1.5×"" are multipliers — keep the digits and use your language's decimal separator for 1.5."
Localizable,game.streakBoost.subtitle,be,,new,"2× ракавінкі • 1,5× хуткасць",2× shells • 1.5× speed,"Second line of the streak boost banner, naming the two rewards. ""2×"" and ""1.5×"" are multipliers — keep the digits and use your language's decimal separator for 1.5."
Localizable,game.streakBoost.subtitle,bg,,new,"2× миди • 1,5× скорост",2× shells • 1.5× speed,"Second line of the streak boost banner, naming the two rewards. ""2×"" and ""1.5×"" are multipliers — keep the digits and use your language's decimal separator for 1.5."
Localizable,game.streakBoost.subtitle,bn,,new,2× ঝিনুক • 1.5× গতি,2× shells • 1.5× speed,"Second line of the streak boost banner, naming the two rewards. ""2×"" and ""1.5×"" are multipliers — keep the digits and use your language's decimal separator for 1.5."
Localizable,game.streakBoost.subtitle,bo,,new,2× ཉ་ཕྱིས་ • 1.5× མགྱོགས་ཚད།,2× shells • 1.5× speed,"Second line of the streak boost banner, naming the two rewards. ""2×"" and ""1.5×"" are multipliers — keep the digits and use your language's decimal separator for 1.5."
Localizable,game.streakBoost.subtitle,bs,,new,"2× školjke • 1,5× brzina",2× shells • 1.5× speed,"Second line of the streak boost banner, naming the two rewards. ""2×"" and ""1.5×"" are multipliers — keep the digits and use your language's decimal separator for 1.5."
Localizable,game.streakBoost.subtitle,ca,,new,"2× petxines • 1,5× velocitat",2× shells • 1.5× speed,"Second line of the streak boost banner, naming the two rewards. ""2×"" and ""1.5×"" are multipliers — keep the digits and use your language's decimal separator for 1.5."
Localizable,game.streakBoost.subtitle,cs,,new,"2× mušle • 1,5× rychlost",2× shells • 1.5× speed,"Second line of the streak boost banner, naming the two rewards. ""2×"" and ""1.5×"" are multipliers — keep the digits and use your language's decimal separator for 1.5."
Localizable,game.streakBoost.subtitle,cy,,new,2× cregyn • 1.5× cyflymder,2× shells • 1.5× speed,"Second line of the streak boost banner, naming the two rewards. ""2×"" and ""1.5×"" are multipliers — keep the digits and use your language's decimal separator for 1.5."
Localizable,game.streakBoost.subtitle,da,,new,"2× muslinger • 1,5× fart",2× shells • 1.5× speed,"Second line of the streak boost banner, naming the two rewards. ""2×"" and ""1.5×"" are multipliers — keep the digits and use your language's decimal separator for 1.5."
Localizable,game.streakBoost.subtitle,de,,new,"2× Muscheln • 1,5× Tempo",2× shells • 1.5× speed,"Second line of the streak boost banner, naming the two rewards. ""2×"" and ""1.5×"" are multipliers — keep the digits and use your language's decimal separator for 1.5."
Localizable,game.streakBoost.subtitle,el,,new,"2× κοχύλια • 1,5× ταχύτητα",2× shells • 1.5× speed,"Second line of the streak boost banner, naming the two rewards. ""2×"" and ""1.5×"" are multipliers — keep the digits and use your language's decimal separator for 1.5."
Localizable,game.streakBoost.subtitle,es,,new,"2× conchas • 1,5× velocidad",2× shells • 1.5× speed,"Second line of the streak boost banner, naming the two rewards. ""2×"" and ""1.5×"" are multipliers — keep the digits and use your language's decimal separator for 1.5."
Localizable,game.streakBoost.subtitle,et,,new,"2× merekarbid • 1,5× kiirus",2× shells • 1.5× speed,"Second line of the streak boost banner, naming the two rewards. ""2×"" and ""1.5×"" are multipliers — keep the digits and use your language's decimal separator for 1.5."
Localizable,game.streakBoost.subtitle,eu,,new,"2× maskor • 1,5× abiadura",2× shells • 1.5× speed,"Second line of the streak boost banner, naming the two rewards. ""2×"" and ""1.5×"" are multipliers — keep the digits and use your language's decimal separator for 1.5."
Localizable,game.streakBoost.subtitle,fa,,new,2× صدف • 1٫5× سرعت,2× shells • 1.5× speed,"Second line of the streak boost banner, naming the two rewards. ""2×"" and ""1.5×"" are multipliers — keep the digits and use your language's decimal separator for 1.5."
Localizable,game.streakBoost.subtitle,fi,,new,"2× simpukat • 1,5× nopeus",2× shells • 1.5× speed,"Second line of the streak boost banner, naming the two rewards. ""2×"" and ""1.5×"" are multipliers — keep the digits and use your language's decimal separator for 1.5."
Localizable,game.streakBoost.subtitle,fo,,new,"2× skel • 1,5× ferð",2× shells • 1.5× speed,"Second line of the streak boost banner, naming the two rewards. ""2×"" and ""1.5×"" are multipliers — keep the digits and use your language's decimal separator for 1.5."
Localizable,game.streakBoost.subtitle,fr,,new,"2× coquillages • 1,5× vitesse",2× shells • 1.5× speed,"Second line of the streak boost banner, naming the two rewards. ""2×"" and ""1.5×"" are multipliers — keep the digits and use your language's decimal separator for 1.5."
Localizable,game.streakBoost.subtitle,ga,,new,2× blaoscanna • 1.5× luas,2× shells • 1.5× speed,"Second line of the streak boost banner, naming the two rewards. ""2×"" and ""1.5×"" are multipliers — keep the digits and use your language's decimal separator for 1.5."
Localizable,game.streakBoost.subtitle,gl,,new,"2× cunchas • 1,5× velocidade",2× shells • 1.5× speed,"Second line of the streak boost banner, naming the two rewards. ""2×"" and ""1.5×"" are multipliers — keep the digits and use your language's decimal separator for 1.5."
Localizable,game.streakBoost.subtitle,gu,,new,2× છીપો • 1.5× ઝડપ,2× shells • 1.5× speed,"Second line of the streak boost banner, naming the two rewards. ""2×"" and ""1.5×"" are multipliers — keep the digits and use your language's decimal separator for 1.5."
Localizable,game.streakBoost.subtitle,he,,new,2× צדפות • 1.5× מהירות,2× shells • 1.5× speed,"Second line of the streak boost banner, naming the two rewards. ""2×"" and ""1.5×"" are multipliers — keep the digits and use your language's decimal separator for 1.5."
Localizable,game.streakBoost.subtitle,hi,,new,2× सीपियाँ • 1.5× रफ़्तार,2× shells • 1.5× speed,"Second line of the streak boost banner, naming the two rewards. ""2×"" and ""1.5×"" are multipliers — keep the digits and use your language's decimal separator for 1.5."
Localizable,game.streakBoost.subtitle,hr,,new,"2× školjke • 1,5× brzina",2× shells • 1.5× speed,"Second line of the streak boost banner, naming the two rewards. ""2×"" and ""1.5×"" are multipliers — keep the digits and use your language's decimal separator for 1.5."
Localizable,game.streakBoost.subtitle,hu,,new,"2× kagyló • 1,5× sebesség",2× shells • 1.5× speed,"Second line of the streak boost banner, naming the two rewards. ""2×"" and ""1.5×"" are multipliers — keep the digits and use your language's decimal separator for 1.5."
Localizable,game.streakBoost.subtitle,hy,,new,"2× խեցի • 1,5× արագություն",2× shells • 1.5× speed,"Second line of the streak boost banner, naming the two rewards. ""2×"" and ""1.5×"" are multipliers — keep the digits and use your language's decimal separator for 1.5."
Localizable,game.streakBoost.subtitle,id,,new,"2× kerang • 1,5× kecepatan",2× shells • 1.5× speed,"Second line of the streak boost banner, naming the two rewards. ""2×"" and ""1.5×"" are multipliers — keep the digits and use your language's decimal separator for 1.5."
Localizable,game.streakBoost.subtitle,is,,new,"2× skeljar • 1,5× hraði",2× shells • 1.5× speed,"Second line of the streak boost banner, naming the two rewards. ""2×"" and ""1.5×"" are multipliers — keep the digits and use your language's decimal separator for 1.5."
Localizable,game.streakBoost.subtitle,it,,new,"2× conchiglie • 1,5× velocità",2× shells • 1.5× speed,"Second line of the streak boost banner, naming the two rewards. ""2×"" and ""1.5×"" are multipliers — keep the digits and use your language's decimal separator for 1.5."
Localizable,game.streakBoost.subtitle,ja,,new,貝がら2× • スピード1.5×,2× shells • 1.5× speed,"Second line of the streak boost banner, naming the two rewards. ""2×"" and ""1.5×"" are multipliers — keep the digits and use your language's decimal separator for 1.5."
Localizable,game.streakBoost.subtitle,ka,,new,"2× ნიჟარა • 1,5× სიჩქარე",2× shells • 1.5× speed,"Second line of the streak boost banner, naming the two rewards. ""2×"" and ""1.5×"" are multipliers — keep the digits and use your language's decimal separator for 1.5."
Localizable,game.streakBoost.subtitle,kk,,new,"2× бақалшақ • 1,5× жылдамдық",2× shells • 1.5× speed,"Second line of the streak boost banner, naming the two rewards. ""2×"" and ""1.5×"" are multipliers — keep the digits and use your language's decimal separator for 1.5."
Localizable,game.streakBoost.subtitle,km,,new,2× សំបកខ្យង • 1.5× ល្បឿន,2× shells • 1.5× speed,"Second line of the streak boost banner, naming the two rewards. ""2×"" and ""1.5×"" are multipliers — keep the digits and use your language's decimal separator for 1.5."
Localizable,game.streakBoost.subtitle,kn,,new,2× ಚಿಪ್ಪುಗಳು • 1.5× ವೇಗ,2× shells • 1.5× speed,"Second line of the streak boost banner, naming the two rewards. ""2×"" and ""1.5×"" are multipliers — keep the digits and use your language's decimal separator for 1.5."
Localizable,game.streakBoost.subtitle,ko,,new,조개껍데기 2× • 속도 1.5×,2× shells • 1.5× speed,"Second line of the streak boost banner, naming the two rewards. ""2×"" and ""1.5×"" are multipliers — keep the digits and use your language's decimal separator for 1.5."
Localizable,game.streakBoost.subtitle,lo,,new,2× ເປືອກຫອຍ • 1.5× ຄວາມໄວ,2× shells • 1.5× speed,"Second line of the streak boost banner, naming the two rewards. ""2×"" and ""1.5×"" are multipliers — keep the digits and use your language's decimal separator for 1.5."
Localizable,game.streakBoost.subtitle,lt,,new,"2× kriauklės • 1,5× greitis",2× shells • 1.5× speed,"Second line of the streak boost banner, naming the two rewards. ""2×"" and ""1.5×"" are multipliers — keep the digits and use your language's decimal separator for 1.5."
Localizable,game.streakBoost.subtitle,lv,,new,"2× gliemežvāki • 1,5× ātrums",2× shells • 1.5× speed,"Second line of the streak boost banner, naming the two rewards. ""2×"" and ""1.5×"" are multipliers — keep the digits and use your language's decimal separator for 1.5."
Localizable,game.streakBoost.subtitle,mk,,new,"2× школки • 1,5× брзина",2× shells • 1.5× speed,"Second line of the streak boost banner, naming the two rewards. ""2×"" and ""1.5×"" are multipliers — keep the digits and use your language's decimal separator for 1.5."
Localizable,game.streakBoost.subtitle,ml,,new,2× ചിപ്പികൾ • 1.5× വേഗം,2× shells • 1.5× speed,"Second line of the streak boost banner, naming the two rewards. ""2×"" and ""1.5×"" are multipliers — keep the digits and use your language's decimal separator for 1.5."
Localizable,game.streakBoost.subtitle,mn,,new,"2× хясаа • 1,5× хурд",2× shells • 1.5× speed,"Second line of the streak boost banner, naming the two rewards. ""2×"" and ""1.5×"" are multipliers — keep the digits and use your language's decimal separator for 1.5."
Localizable,game.streakBoost.subtitle,mr,,new,2× शिंपले • 1.5× वेग,2× shells • 1.5× speed,"Second line of the streak boost banner, naming the two rewards. ""2×"" and ""1.5×"" are multipliers — keep the digits and use your language's decimal separator for 1.5."
Localizable,game.streakBoost.subtitle,ms,,new,2× cangkerang • 1.5× kelajuan,2× shells • 1.5× speed,"Second line of the streak boost banner, naming the two rewards. ""2×"" and ""1.5×"" are multipliers — keep the digits and use your language's decimal separator for 1.5."
Localizable,game.streakBoost.subtitle,my,,new,2× ခရုခွံ • 1.5× အမြန်နှုန်း,2× shells • 1.5× speed,"Second line of the streak boost banner, naming the two rewards. ""2×"" and ""1.5×"" are multipliers — keep the digits and use your language's decimal separator for 1.5."
Localizable,game.streakBoost.subtitle,nb,,new,"2× skjell • 1,5× fart",2× shells • 1.5× speed,"Second line of the streak boost banner, naming the two rewards. ""2×"" and ""1.5×"" are multipliers — keep the digits and use your language's decimal separator for 1.5."
Localizable,game.streakBoost.subtitle,ne,,new,2× सिपीहरू • 1.5× गति,2× shells • 1.5× speed,"Second line of the streak boost banner, naming the two rewards. ""2×"" and ""1.5×"" are multipliers — keep the digits and use your language's decimal separator for 1.5."
Localizable,game.streakBoost.subtitle,or,,new,2× ଶାମୁକା ଖୋଳ • 1.5× ଗତି,2× shells • 1.5× speed,"Second line of the streak boost banner, naming the two rewards. ""2×"" and ""1.5×"" are multipliers — keep the digits and use your language's decimal separator for 1.5."
Localizable,game.streakBoost.subtitle,pa,,new,2× ਸੀਪੀਆਂ • 1.5× ਰਫ਼ਤਾਰ,2× shells • 1.5× speed,"Second line of the streak boost banner, naming the two rewards. ""2×"" and ""1.5×"" are multipliers — keep the digits and use your language's decimal separator for 1.5."
Localizable,game.streakBoost.subtitle,pl,,new,"2× muszle • 1,5× szybkość",2× shells • 1.5× speed,"Second line of the streak boost banner, naming the two rewards. ""2×"" and ""1.5×"" are multipliers — keep the digits and use your language's decimal separator for 1.5."
Localizable,game.streakBoost.subtitle,pt,,new,"2× conchas • 1,5× velocidade",2× shells • 1.5× speed,"Second line of the streak boost banner, naming the two rewards. ""2×"" and ""1.5×"" are multipliers — keep the digits and use your language's decimal separator for 1.5."
Localizable,game.streakBoost.subtitle,ro,,new,"2× scoici • 1,5× viteză",2× shells • 1.5× speed,"Second line of the streak boost banner, naming the two rewards. ""2×"" and ""1.5×"" are multipliers — keep the digits and use your language's decimal separator for 1.5."
Localizable,game.streakBoost.subtitle,ru,,new,"2× ракушки • 1,5× скорость",2× shells • 1.5× speed,"Second line of the streak boost banner, naming the two rewards. ""2×"" and ""1.5×"" are multipliers — keep the digits and use your language's decimal separator for 1.5."
Localizable,game.streakBoost.subtitle,si,,new,2× සිප්පි කටු • 1.5× වේගය,2× shells • 1.5× speed,"Second line of the streak boost banner, naming the two rewards. ""2×"" and ""1.5×"" are multipliers — keep the digits and use your language's decimal separator for 1.5."
Localizable,game.streakBoost.subtitle,sk,,new,"2× mušle • 1,5× rýchlosť",2× shells • 1.5× speed,"Second line of the streak boost banner, naming the two rewards. ""2×"" and ""1.5×"" are multipliers — keep the digits and use your language's decimal separator for 1.5."
Localizable,game.streakBoost.subtitle,sl,,new,"2× školjke • 1,5× hitrost",2× shells • 1.5× speed,"Second line of the streak boost banner, naming the two rewards. ""2×"" and ""1.5×"" are multipliers — keep the digits and use your language's decimal separator for 1.5."
Localizable,game.streakBoost.subtitle,sq,,new,"2× guaska • 1,5× shpejtësi",2× shells • 1.5× speed,"Second line of the streak boost banner, naming the two rewards. ""2×"" and ""1.5×"" are multipliers — keep the digits and use your language's decimal separator for 1.5."
Localizable,game.streakBoost.subtitle,sr,,new,"2× шкољке • 1,5× брзина",2× shells • 1.5× speed,"Second line of the streak boost banner, naming the two rewards. ""2×"" and ""1.5×"" are multipliers — keep the digits and use your language's decimal separator for 1.5."
Localizable,game.streakBoost.subtitle,sv,,new,"2× snäckor • 1,5× fart",2× shells • 1.5× speed,"Second line of the streak boost banner, naming the two rewards. ""2×"" and ""1.5×"" are multipliers — keep the digits and use your language's decimal separator for 1.5."
Localizable,game.streakBoost.subtitle,sw,,new,2× magamba • 1.5× kasi,2× shells • 1.5× speed,"Second line of the streak boost banner, naming the two rewards. ""2×"" and ""1.5×"" are multipliers — keep the digits and use your language's decimal separator for 1.5."
Localizable,game.streakBoost.subtitle,ta,,new,2× சிப்பிகள் • 1.5× வேகம்,2× shells • 1.5× speed,"Second line of the streak boost banner, naming the two rewards. ""2×"" and ""1.5×"" are multipliers — keep the digits and use your language's decimal separator for 1.5."
Localizable,game.streakBoost.subtitle,te,,new,2× గవ్వలు • 1.5× వేగం,2× shells • 1.5× speed,"Second line of the streak boost banner, naming the two rewards. ""2×"" and ""1.5×"" are multipliers — keep the digits and use your language's decimal separator for 1.5."
Localizable,game.streakBoost.subtitle,th,,new,2× เปลือกหอย • 1.5× ความเร็ว,2× shells • 1.5× speed,"Second line of the streak boost banner, naming the two rewards. ""2×"" and ""1.5×"" are multipliers — keep the digits and use your language's decimal separator for 1.5."
Localizable,game.streakBoost.subtitle,tr,,new,"2× deniz kabuğu • 1,5× hız",2× shells • 1.5× speed,"Second line of the streak boost banner, naming the two rewards. ""2×"" and ""1.5×"" are multipliers — keep the digits and use your language's decimal separator for 1.5."
Localizable,game.streakBoost.subtitle,ug,,new,2× دېڭىز قېپى • 1.5× سۈرئەت,2× shells • 1.5× speed,"Second line of the streak boost banner, naming the two rewards. ""2×"" and ""1.5×"" are multipliers — keep the digits and use your language's decimal separator for 1.5."
Localizable,game.streakBoost.subtitle,uk,,new,"2× мушлі • 1,5× швидкість",2× shells • 1.5× speed,"Second line of the streak boost banner, naming the two rewards. ""2×"" and ""1.5×"" are multipliers — keep the digits and use your language's decimal separator for 1.5."
Localizable,game.streakBoost.subtitle,ur,,new,2× سیپیاں • 1.5× رفتار,2× shells • 1.5× speed,"Second line of the streak boost banner, naming the two rewards. ""2×"" and ""1.5×"" are multipliers — keep the digits and use your language's decimal separator for 1.5."
Localizable,game.streakBoost.subtitle,uz,,new,"2× chig‘anoq • 1,5× tezlik",2× shells • 1.5× speed,"Second line of the streak boost banner, naming the two rewards. ""2×"" and ""1.5×"" are multipliers — keep the digits and use your language's decimal separator for 1.5."
Localizable,game.streakBoost.subtitle,vi,,new,"2× vỏ sò • 1,5× tốc độ",2× shells • 1.5× speed,"Second line of the streak boost banner, naming the two rewards. ""2×"" and ""1.5×"" are multipliers — keep the digits and use your language's decimal separator for 1.5."
Localizable,game.streakBoost.subtitle,zh,,new,2× 贝壳 • 1.5× 速度,2× shells • 1.5× speed,"Second line of the streak boost banner, naming the two rewards. ""2×"" and ""1.5×"" are multipliers — keep the digits and use your language's decimal separator for 1.5."
Localizable,game.streakBoost.subtitle,zu,,new,"2× amagobolondo • 1,5× isivinini",2× shells • 1.5× speed,"Second line of the streak boost banner, naming the two rewards. ""2×"" and ""1.5×"" are multipliers — keep the digits and use your language's decimal separator for 1.5."
Localizable,home.nextCharacter %lld %@,af,plural.one,new,Nog %1$lld skulp om %2$@ te ontsluit,%1$lld more shell to unlock %2$@,"VoiceOver label for the next-character prompt on the home screen. First argument is the shells still needed, second is the animal's name."
Localizable,home.nextCharacter %lld %@,af,plural.other,new,Nog %1$lld skulpe om %2$@ te ontsluit,%1$lld more shells to unlock %2$@,"VoiceOver label for the next-character prompt on the home screen. First argument is the shells still needed, second is the animal's name."
Localizable,home.nextCharacter %lld %@,am,plural.one,new,%2$@ን ለመክፈት ተጨማሪ %1$lld ዛጎል,%1$lld more shell to unlock %2$@,"VoiceOver label for the next-character prompt on the home screen. First argument is the shells still needed, second is the animal's name."
Localizable,home.nextCharacter %lld %@,am,plural.other,new,%2$@ን ለመክፈት ተጨማሪ %1$lld ዛጎሎች,%1$lld more shells to unlock %2$@,"VoiceOver label for the next-character prompt on the home screen. First argument is the shells still needed, second is the animal's name."
Localizable,home.nextCharacter %lld %@,ar,plural.one,new,بقيت %1$lld صدفة لفتح %2$@,%1$lld more shell to unlock %2$@,"VoiceOver label for the next-character prompt on the home screen. First argument is the shells still needed, second is the animal's name."
Localizable,home.nextCharacter %lld %@,ar,plural.other,new,بقي %1$lld أصداف لفتح %2$@,%1$lld more shells to unlock %2$@,"VoiceOver label for the next-character prompt on the home screen. First argument is the shells still needed, second is the animal's name."
Localizable,home.nextCharacter %lld %@,as,plural.one,new,%2$@ খোলিবলৈ আৰু %1$lldটা শামুকৰ খোলা,%1$lld more shell to unlock %2$@,"VoiceOver label for the next-character prompt on the home screen. First argument is the shells still needed, second is the animal's name."
Localizable,home.nextCharacter %lld %@,as,plural.other,new,%2$@ খোলিবলৈ আৰু %1$lldটা শামুকৰ খোলা,%1$lld more shells to unlock %2$@,"VoiceOver label for the next-character prompt on the home screen. First argument is the shells still needed, second is the animal's name."
Localizable,home.nextCharacter %lld %@,az,plural.one,new,%2$@ kilidini açmaq üçün daha %1$lld dəniz qabığı,%1$lld more shell to unlock %2$@,"VoiceOver label for the next-character prompt on the home screen. First argument is the shells still needed, second is the animal's name."
Localizable,home.nextCharacter %lld %@,az,plural.other,new,%2$@ kilidini açmaq üçün daha %1$lld dəniz qabığı,%1$lld more shells to unlock %2$@,"VoiceOver label for the next-character prompt on the home screen. First argument is the shells still needed, second is the animal's name."
Localizable,home.nextCharacter %lld %@,be,plural.one,new,"Яшчэ %1$lld ракавінка, каб адкрыць %2$@",%1$lld more shell to unlock %2$@,"VoiceOver label for the next-character prompt on the home screen. First argument is the shells still needed, second is the animal's name."
Localizable,home.nextCharacter %lld %@,be,plural.other,new,"Яшчэ %1$lld ракавінак, каб адкрыць %2$@",%1$lld more shells to unlock %2$@,"VoiceOver label for the next-character prompt on the home screen. First argument is the shells still needed, second is the animal's name."
Localizable,home.nextCharacter %lld %@,bg,plural.one,new,"Още %1$lld мида, за да отключиш %2$@",%1$lld more shell to unlock %2$@,"VoiceOver label for the next-character prompt on the home screen. First argument is the shells still needed, second is the animal's name."
Localizable,home.nextCharacter %lld %@,bg,plural.other,new,"Още %1$lld миди, за да отключиш %2$@",%1$lld more shells to unlock %2$@,"VoiceOver label for the next-character prompt on the home screen. First argument is the shells still needed, second is the animal's name."
Localizable,home.nextCharacter %lld %@,bn,plural.one,new,%2$@ আনলক করতে আর %1$lldটি ঝিনুক,%1$lld more shell to unlock %2$@,"VoiceOver label for the next-character prompt on the home screen. First argument is the shells still needed, second is the animal's name."
Localizable,home.nextCharacter %lld %@,bn,plural.other,new,%2$@ আনলক করতে আর %1$lldটি ঝিনুক,%1$lld more shells to unlock %2$@,"VoiceOver label for the next-character prompt on the home screen. First argument is the shells still needed, second is the animal's name."
Localizable,home.nextCharacter %lld %@,bo,plural.one,new,%2$@ ཁ་ཕྱེ་བར་ད་དུང་ཉ་ཕྱིས་ %1$lld དགོས།,%1$lld more shell to unlock %2$@,"VoiceOver label for the next-character prompt on the home screen. First argument is the shells still needed, second is the animal's name."
Localizable,home.nextCharacter %lld %@,bo,plural.other,new,%2$@ ཁ་ཕྱེ་བར་ད་དུང་ཉ་ཕྱིས་ %1$lld དགོས།,%1$lld more shells to unlock %2$@,"VoiceOver label for the next-character prompt on the home screen. First argument is the shells still needed, second is the animal's name."
Localizable,home.nextCharacter %lld %@,bs,plural.one,new,Još %1$lld školjka za otključavanje lika %2$@,%1$lld more shell to unlock %2$@,"VoiceOver label for the next-character prompt on the home screen. First argument is the shells still needed, second is the animal's name."
Localizable,home.nextCharacter %lld %@,bs,plural.other,new,Još %1$lld školjki za otključavanje lika %2$@,%1$lld more shells to unlock %2$@,"VoiceOver label for the next-character prompt on the home screen. First argument is the shells still needed, second is the animal's name."
Localizable,home.nextCharacter %lld %@,ca,plural.one,new,Falta %1$lld petxina per desbloquejar %2$@,%1$lld more shell to unlock %2$@,"VoiceOver label for the next-character prompt on the home screen. First argument is the shells still needed, second is the animal's name."
Localizable,home.nextCharacter %lld %@,ca,plural.other,new,Falten %1$lld petxines per desbloquejar %2$@,%1$lld more shells to unlock %2$@,"VoiceOver label for the next-character prompt on the home screen. First argument is the shells still needed, second is the animal's name."
Localizable,home.nextCharacter %lld %@,cs,plural.one,new,Ještě %1$lld mušle k odemčení %2$@,%1$lld more shell to unlock %2$@,"VoiceOver label for the next-character prompt on the home screen. First argument is the shells still needed, second is the animal's name."
Localizable,home.nextCharacter %lld %@,cs,plural.other,new,Ještě %1$lld mušlí k odemčení %2$@,%1$lld more shells to unlock %2$@,"VoiceOver label for the next-character prompt on the home screen. First argument is the shells still needed, second is the animal's name."
Localizable,home.nextCharacter %lld %@,cy,plural.one,new,%1$lld gragen arall i ddatgloi %2$@,%1$lld more shell to unlock %2$@,"VoiceOver label for the next-character prompt on the home screen. First argument is the shells still needed, second is the animal's name."
Localizable,home.nextCharacter %lld %@,cy,plural.other,new,%1$lld cregyn arall i ddatgloi %2$@,%1$lld more shells to unlock %2$@,"VoiceOver label for the next-character prompt on the home screen. First argument is the shells still needed, second is the animal's name."
Localizable,home.nextCharacter %lld %@,da,plural.one,new,%1$lld musling mere for at låse %2$@ op,%1$lld more shell to unlock %2$@,"VoiceOver label for the next-character prompt on the home screen. First argument is the shells still needed, second is the animal's name."
Localizable,home.nextCharacter %lld %@,da,plural.other,new,%1$lld muslinger mere for at låse %2$@ op,%1$lld more shells to unlock %2$@,"VoiceOver label for the next-character prompt on the home screen. First argument is the shells still needed, second is the animal's name."
Localizable,home.nextCharacter %lld %@,de,plural.one,new,"Noch %1$lld Muschel, um %2$@ freizuschalten",%1$lld more shell to unlock %2$@,"VoiceOver label for the next-character prompt on the home screen. First argument is the shells still needed, second is the animal's name."
Localizable,home.nextCharacter %lld %@,de,plural.other,new,"Noch %1$lld Muscheln, um %2$@ freizuschalten",%1$lld more shells to unlock %2$@,"VoiceOver label for the next-character prompt on the home screen. First argument is the shells still needed, second is the animal's name."
Localizable,home.nextCharacter %lld %@,el,plural.one,new,Ακόμα %1$lld κοχύλι για να ξεκλειδώσεις τον %2$@,%1$lld more shell to unlock %2$@,"VoiceOver label for the next-character prompt on the home screen. First argument is the shells still needed, second is the animal's name."
Localizable,home.nextCharacter %lld %@,el,plural.other,new,Ακόμα %1$lld κοχύλια για να ξεκλειδώσεις τον %2$@,%1$lld more shells to unlock %2$@,"VoiceOver label for the next-character prompt on the home screen. First argument is the shells still needed, second is the animal's name."
Localizable,home.nextCharacter %lld %@,es,plural.one,new,%1$lld concha más para desbloquear a %2$@,%1$lld more shell to unlock %2$@,"VoiceOver label for the next-character prompt on the home screen. First argument is the shells still needed, second is the animal's name."
Localizable,home.nextCharacter %lld %@,es,plural.other,new,%1$lld conchas más para desbloquear a %2$@,%1$lld more shells to unlock %2$@,"VoiceOver label for the next-character prompt on the home screen. First argument is the shells still needed, second is the animal's name."
Localizable,home.nextCharacter %lld %@,et,plural.one,new,"Veel %1$lld merekarp, et avada %2$@",%1$lld more shell to unlock %2$@,"VoiceOver label for the next-character prompt on the home screen. First argument is the shells still needed, second is the animal's name."
Localizable,home.nextCharacter %lld %@,et,plural.other,new,"Veel %1$lld merekarpi, et avada %2$@",%1$lld more shells to unlock %2$@,"VoiceOver label for the next-character prompt on the home screen. First argument is the shells still needed, second is the animal's name."
Localizable,home.nextCharacter %lld %@,eu,plural.one,new,Maskor %1$lld gehiago %2$@ desblokeatzeko,%1$lld more shell to unlock %2$@,"VoiceOver label for the next-character prompt on the home screen. First argument is the shells still needed, second is the animal's name."
Localizable,home.nextCharacter %lld %@,eu,plural.other,new,%1$lld maskor gehiago %2$@ desblokeatzeko,%1$lld more shells to unlock %2$@,"VoiceOver label for the next-character prompt on the home screen. First argument is the shells still needed, second is the animal's name."
Localizable,home.nextCharacter %lld %@,fa,plural.one,new,%1$lld صدف دیگر تا باز شدن %2$@,%1$lld more shell to unlock %2$@,"VoiceOver label for the next-character prompt on the home screen. First argument is the shells still needed, second is the animal's name."
Localizable,home.nextCharacter %lld %@,fa,plural.other,new,%1$lld صدف دیگر تا باز شدن %2$@,%1$lld more shells to unlock %2$@,"VoiceOver label for the next-character prompt on the home screen. First argument is the shells still needed, second is the animal's name."
Localizable,home.nextCharacter %lld %@,fi,plural.one,new,"Vielä %1$lld simpukka, niin %2$@ avautuu",%1$lld more shell to unlock %2$@,"VoiceOver label for the next-character prompt on the home screen. First argument is the shells still needed, second is the animal's name."
Localizable,home.nextCharacter %lld %@,fi,plural.other,new,"Vielä %1$lld simpukkaa, niin %2$@ avautuu",%1$lld more shells to unlock %2$@,"VoiceOver label for the next-character prompt on the home screen. First argument is the shells still needed, second is the animal's name."
Localizable,home.nextCharacter %lld %@,fo,plural.one,new,%1$lld skel afturat fyri at lata %2$@ upp,%1$lld more shell to unlock %2$@,"VoiceOver label for the next-character prompt on the home screen. First argument is the shells still needed, second is the animal's name."
Localizable,home.nextCharacter %lld %@,fo,plural.other,new,%1$lld skel afturat fyri at lata %2$@ upp,%1$lld more shells to unlock %2$@,"VoiceOver label for the next-character prompt on the home screen. First argument is the shells still needed, second is the animal's name."
Localizable,home.nextCharacter %lld %@,fr,plural.one,new,Encore %1$lld coquillage pour débloquer %2$@,%1$lld more shell to unlock %2$@,"VoiceOver label for the next-character prompt on the home screen. First argument is the shells still needed, second is the animal's name."
Localizable,home.nextCharacter %lld %@,fr,plural.other,new,Encore %1$lld coquillages pour débloquer %2$@,%1$lld more shells to unlock %2$@,"VoiceOver label for the next-character prompt on the home screen. First argument is the shells still needed, second is the animal's name."
Localizable,home.nextCharacter %lld %@,ga,plural.one,new,%1$lld bhlaosc eile chun %2$@ a dhíghlasáil,%1$lld more shell to unlock %2$@,"VoiceOver label for the next-character prompt on the home screen. First argument is the shells still needed, second is the animal's name."
Localizable,home.nextCharacter %lld %@,ga,plural.other,new,%1$lld blaosc eile chun %2$@ a dhíghlasáil,%1$lld more shells to unlock %2$@,"VoiceOver label for the next-character prompt on the home screen. First argument is the shells still needed, second is the animal's name."
Localizable,home.nextCharacter %lld %@,gl,plural.one,new,Falta %1$lld cuncha para desbloquear %2$@,%1$lld more shell to unlock %2$@,"VoiceOver label for the next-character prompt on the home screen. First argument is the shells still needed, second is the animal's name."
Localizable,home.nextCharacter %lld %@,gl,plural.other,new,Faltan %1$lld cunchas para desbloquear %2$@,%1$lld more shells to unlock %2$@,"VoiceOver label for the next-character prompt on the home screen. First argument is the shells still needed, second is the animal's name."
Localizable,home.nextCharacter %lld %@,gu,plural.one,new,%2$@ ને અનલૉક કરવા માટે હજી %1$lld છીપ,%1$lld more shell to unlock %2$@,"VoiceOver label for the next-character prompt on the home screen. First argument is the shells still needed, second is the animal's name."
Localizable,home.nextCharacter %lld %@,gu,plural.other,new,%2$@ ને અનલૉક કરવા માટે હજી %1$lld છીપો,%1$lld more shells to unlock %2$@,"VoiceOver label for the next-character prompt on the home screen. First argument is the shells still needed, second is the animal's name."
Localizable,home.nextCharacter %lld %@,he,plural.one,new,עוד צדפה %1$lld כדי לפתוח את %2$@,%1$lld more shell to unlock %2$@,"VoiceOver label for the next-character prompt on the home screen. First argument is the shells still needed, second is the animal's name."
Localizable,home.nextCharacter %lld %@,he,plural.other,new,עוד %1$lld צדפות כדי לפתוח את %2$@,%1$lld more shells to unlock %2$@,"VoiceOver label for the next-character prompt on the home screen. First argument is the shells still needed, second is the animal's name."
Localizable,home.nextCharacter %lld %@,hi,plural.one,new,%2$@ को अनलॉक करने के लिए %1$lld सीपी और,%1$lld more shell to unlock %2$@,"VoiceOver label for the next-character prompt on the home screen. First argument is the shells still needed, second is the animal's name."
Localizable,home.nextCharacter %lld %@,hi,plural.other,new,%2$@ को अनलॉक करने के लिए %1$lld सीपियाँ और,%1$lld more shells to unlock %2$@,"VoiceOver label for the next-character prompt on the home screen. First argument is the shells still needed, second is the animal's name."
Localizable,home.nextCharacter %lld %@,hr,plural.one,new,Još %1$lld školjka za otključavanje lika %2$@,%1$lld more shell to unlock %2$@,"VoiceOver label for the next-character prompt on the home screen. First argument is the shells still needed, second is the animal's name."
Localizable,home.nextCharacter %lld %@,hr,plural.other,new,Još %1$lld školjki za otključavanje lika %2$@,%1$lld more shells to unlock %2$@,"VoiceOver label for the next-character prompt on the home screen. First argument is the shells still needed, second is the animal's name."
Localizable,home.nextCharacter %lld %@,hu,plural.one,new,Még %1$lld kagyló kell %2$@ feloldásához,%1$lld more shell to unlock %2$@,"VoiceOver label for the next-character prompt on the home screen. First argument is the shells still needed, second is the animal's name."
Localizable,home.nextCharacter %lld %@,hu,plural.other,new,Még %1$lld kagyló kell %2$@ feloldásához,%1$lld more shells to unlock %2$@,"VoiceOver label for the next-character prompt on the home screen. First argument is the shells still needed, second is the animal's name."
Localizable,home.nextCharacter %lld %@,hy,plural.one,new,Եվս %1$lld խեցի՝ %2$@-ին բացելու համար,%1$lld more shell to unlock %2$@,"VoiceOver label for the next-character prompt on the home screen. First argument is the shells still needed, second is the animal's name."
Localizable,home.nextCharacter %lld %@,hy,plural.other,new,Եվս %1$lld խեցի՝ %2$@-ին բացելու համար,%1$lld more shells to unlock %2$@,"VoiceOver label for the next-character prompt on the home screen. First argument is the shells still needed, second is the animal's name."
Localizable,home.nextCharacter %lld %@,id,plural.one,new,%1$lld kerang lagi untuk membuka %2$@,%1$lld more shell to unlock %2$@,"VoiceOver label for the next-character prompt on the home screen. First argument is the shells still needed, second is the animal's name."
Localizable,home.nextCharacter %lld %@,id,plural.other,new,%1$lld kerang lagi untuk membuka %2$@,%1$lld more shells to unlock %2$@,"VoiceOver label for the next-character prompt on the home screen. First argument is the shells still needed, second is the animal's name."
Localizable,home.nextCharacter %lld %@,is,plural.one,new,%1$lld skel í viðbót til að opna %2$@,%1$lld more shell to unlock %2$@,"VoiceOver label for the next-character prompt on the home screen. First argument is the shells still needed, second is the animal's name."
Localizable,home.nextCharacter %lld %@,is,plural.other,new,%1$lld skeljar í viðbót til að opna %2$@,%1$lld more shells to unlock %2$@,"VoiceOver label for the next-character prompt on the home screen. First argument is the shells still needed, second is the animal's name."
Localizable,home.nextCharacter %lld %@,it,plural.one,new,Ancora %1$lld conchiglia per sbloccare %2$@,%1$lld more shell to unlock %2$@,"VoiceOver label for the next-character prompt on the home screen. First argument is the shells still needed, second is the animal's name."
Localizable,home.nextCharacter %lld %@,it,plural.other,new,Ancora %1$lld conchiglie per sbloccare %2$@,%1$lld more shells to unlock %2$@,"VoiceOver label for the next-character prompt on the home screen. First argument is the shells still needed, second is the animal's name."
Localizable,home.nextCharacter %lld %@,ja,plural.one,new,あと%1$lld個の貝がらで%2$@をアンロック,%1$lld more shell to unlock %2$@,"VoiceOver label for the next-character prompt on the home screen. First argument is the shells still needed, second is the animal's name."
Localizable,home.nextCharacter %lld %@,ja,plural.other,new,あと%1$lld個の貝がらで%2$@をアンロック,%1$lld more shells to unlock %2$@,"VoiceOver label for the next-character prompt on the home screen. First argument is the shells still needed, second is the animal's name."
Localizable,home.nextCharacter %lld %@,ka,plural.one,new,"კიდევ %1$lld ნიჟარა, რომ გახსნა %2$@",%1$lld more shell to unlock %2$@,"VoiceOver label for the next-character prompt on the home screen. First argument is the shells still needed, second is the animal's name."
Localizable,home.nextCharacter %lld %@,ka,plural.other,new,"კიდევ %1$lld ნიჟარა, რომ გახსნა %2$@",%1$lld more shells to unlock %2$@,"VoiceOver label for the next-character prompt on the home screen. First argument is the shells still needed, second is the animal's name."
Localizable,home.nextCharacter %lld %@,kk,plural.one,new,%2$@ құлпын ашуға тағы %1$lld бақалшақ,%1$lld more shell to unlock %2$@,"VoiceOver label for the next-character prompt on the home screen. First argument is the shells still needed, second is the animal's name."
Localizable,home.nextCharacter %lld %@,kk,plural.other,new,%2$@ құлпын ашуға тағы %1$lld бақалшақ,%1$lld more shells to unlock %2$@,"VoiceOver label for the next-character prompt on the home screen. First argument is the shells still needed, second is the animal's name."
Localizable,home.nextCharacter %lld %@,km,plural.one,new,ត្រូវការសំបកខ្យង %1$lld ទៀត ដើម្បីដោះសោ %2$@,%1$lld more shell to unlock %2$@,"VoiceOver label for the next-character prompt on the home screen. First argument is the shells still needed, second is the animal's name."
Localizable,home.nextCharacter %lld %@,km,plural.other,new,ត្រូវការសំបកខ្យង %1$lld ទៀត ដើម្បីដោះសោ %2$@,%1$lld more shells to unlock %2$@,"VoiceOver label for the next-character prompt on the home screen. First argument is the shells still needed, second is the animal's name."
Localizable,home.nextCharacter %lld %@,kn,plural.one,new,%2$@ ಅನ್ನು ತೆರೆಯಲು ಇನ್ನೂ %1$lld ಚಿಪ್ಪು,%1$lld more shell to unlock %2$@,"VoiceOver label for the next-character prompt on the home screen. First argument is the shells still needed, second is the animal's name."
Localizable,home.nextCharacter %lld %@,kn,plural.other,new,%2$@ ಅನ್ನು ತೆರೆಯಲು ಇನ್ನೂ %1$lld ಚಿಪ್ಪುಗಳು,%1$lld more shells to unlock %2$@,"VoiceOver label for the next-character prompt on the home screen. First argument is the shells still needed, second is the animal's name."
Localizable,home.nextCharacter %lld %@,ko,plural.one,new,%2$@ 잠금 해제까지 조개껍데기 %1$lld개 남았어요,%1$lld more shell to unlock %2$@,"VoiceOver label for the next-character prompt on the home screen. First argument is the shells still needed, second is the animal's name."
Localizable,home.nextCharacter %lld %@,ko,plural.other,new,%2$@ 잠금 해제까지 조개껍데기 %1$lld개 남았어요,%1$lld more shells to unlock %2$@,"VoiceOver label for the next-character prompt on the home screen. First argument is the shells still needed, second is the animal's name."
Localizable,home.nextCharacter %lld %@,lo,plural.one,new,ຕ້ອງການເປືອກຫອຍອີກ %1$lld ເພື່ອປົດລັອກ %2$@,%1$lld more shell to unlock %2$@,"VoiceOver label for the next-character prompt on the home screen. First argument is the shells still needed, second is the animal's name."
Localizable,home.nextCharacter %lld %@,lo,plural.other,new,ຕ້ອງການເປືອກຫອຍອີກ %1$lld ເພື່ອປົດລັອກ %2$@,%1$lld more shells to unlock %2$@,"VoiceOver label for the next-character prompt on the home screen. First argument is the shells still needed, second is the animal's name."
Localizable,home.nextCharacter %lld %@,lt,plural.one,new,"Dar %1$lld kriauklė, kad atrakintum %2$@",%1$lld more shell to unlock %2$@,"VoiceOver label for the next-character prompt on the home screen. First argument is the shells still needed, second is the animal's name."
Localizable,home.nextCharacter %lld %@,lt,plural.other,new,"Dar %1$lld kriauklių, kad atrakintum %2$@",%1$lld more shells to unlock %2$@,"VoiceOver label for the next-character prompt on the home screen. First argument is the shells still needed, second is the animal's name."
Localizable,home.nextCharacter %lld %@,lv,plural.one,new,"Vēl %1$lld gliemežvāks, lai atbloķētu %2$@",%1$lld more shell to unlock %2$@,"VoiceOver label for the next-character prompt on the home screen. First argument is the shells still needed, second is the animal's name."
Localizable,home.nextCharacter %lld %@,lv,plural.other,new,"Vēl %1$lld gliemežvāki, lai atbloķētu %2$@",%1$lld more shells to unlock %2$@,"VoiceOver label for the next-character prompt on the home screen. First argument is the shells still needed, second is the animal's name."
Localizable,home.nextCharacter %lld %@,mk,plural.one,new,Уште %1$lld школка за да го отклучиш %2$@,%1$lld more shell to unlock %2$@,"VoiceOver label for the next-character prompt on the home screen. First argument is the shells still needed, second is the animal's name."
Localizable,home.nextCharacter %lld %@,mk,plural.other,new,Уште %1$lld школки за да го отклучиш %2$@,%1$lld more shells to unlock %2$@,"VoiceOver label for the next-character prompt on the home screen. First argument is the shells still needed, second is the animal's name."
Localizable,home.nextCharacter %lld %@,ml,plural.one,new,%2$@ അൺലോക്ക് ചെയ്യാൻ ഇനി %1$lld ചിപ്പി,%1$lld more shell to unlock %2$@,"VoiceOver label for the next-character prompt on the home screen. First argument is the shells still needed, second is the animal's name."
Localizable,home.nextCharacter %lld %@,ml,plural.other,new,%2$@ അൺലോക്ക് ചെയ്യാൻ ഇനി %1$lld ചിപ്പികൾ,%1$lld more shells to unlock %2$@,"VoiceOver label for the next-character prompt on the home screen. First argument is the shells still needed, second is the animal's name."
Localizable,home.nextCharacter %lld %@,mn,plural.one,new,%2$@-г нээхэд дахиад %1$lld хясаа хэрэгтэй,%1$lld more shell to unlock %2$@,"VoiceOver label for the next-character prompt on the home screen. First argument is the shells still needed, second is the animal's name."
Localizable,home.nextCharacter %lld %@,mn,plural.other,new,%2$@-г нээхэд дахиад %1$lld хясаа хэрэгтэй,%1$lld more shells to unlock %2$@,"VoiceOver label for the next-character prompt on the home screen. First argument is the shells still needed, second is the animal's name."
Localizable,home.nextCharacter %lld %@,mr,plural.one,new,%2$@ अनलॉक करण्यासाठी अजून %1$lld शिंपला,%1$lld more shell to unlock %2$@,"VoiceOver label for the next-character prompt on the home screen. First argument is the shells still needed, second is the animal's name."
Localizable,home.nextCharacter %lld %@,mr,plural.other,new,%2$@ अनलॉक करण्यासाठी अजून %1$lld शिंपले,%1$lld more shells to unlock %2$@,"VoiceOver label for the next-character prompt on the home screen. First argument is the shells still needed, second is the animal's name."
Localizable,home.nextCharacter %lld %@,ms,plural.one,new,%1$lld cangkerang lagi untuk membuka %2$@,%1$lld more shell to unlock %2$@,"VoiceOver label for the next-character prompt on the home screen. First argument is the shells still needed, second is the animal's name."
Localizable,home.nextCharacter %lld %@,ms,plural.other,new,%1$lld cangkerang lagi untuk membuka %2$@,%1$lld more shells to unlock %2$@,"VoiceOver label for the next-character prompt on the home screen. First argument is the shells still needed, second is the animal's name."
Localizable,home.nextCharacter %lld %@,my,plural.one,new,%2$@ ကို လော့ခ်ဖွင့်ဖို့ ခရုခွံ %1$lld ခု ထပ်လိုသေးတယ်,%1$lld more shell to unlock %2$@,"VoiceOver label for the next-character prompt on the home screen. First argument is the shells still needed, second is the animal's name."
Localizable,home.nextCharacter %lld %@,my,plural.other,new,%2$@ ကို လော့ခ်ဖွင့်ဖို့ ခရုခွံ %1$lld ခု ထပ်လိုသေးတယ်,%1$lld more shells to unlock %2$@,"VoiceOver label for the next-character prompt on the home screen. First argument is the shells still needed, second is the animal's name."
Localizable,home.nextCharacter %lld %@,nb,plural.one,new,%1$lld skjell til for å låse opp %2$@,%1$lld more shell to unlock %2$@,"VoiceOver label for the next-character prompt on the home screen. First argument is the shells still needed, second is the animal's name."
Localizable,home.nextCharacter %lld %@,nb,plural.other,new,%1$lld skjell til for å låse opp %2$@,%1$lld more shells to unlock %2$@,"VoiceOver label for the next-character prompt on the home screen. First argument is the shells still needed, second is the animal's name."
Localizable,home.nextCharacter %lld %@,ne,plural.one,new,%2$@ खोल्न अझै %1$lld सिपी,%1$lld more shell to unlock %2$@,"VoiceOver label for the next-character prompt on the home screen. First argument is the shells still needed, second is the animal's name."
Localizable,home.nextCharacter %lld %@,ne,plural.other,new,%2$@ खोल्न अझै %1$lld सिपीहरू,%1$lld more shells to unlock %2$@,"VoiceOver label for the next-character prompt on the home screen. First argument is the shells still needed, second is the animal's name."
Localizable,home.nextCharacter %lld %@,or,plural.one,new,%2$@ ଖୋଲିବାକୁ ଆଉ %1$lldଟି ଶାମୁକା ଖୋଳ,%1$lld more shell to unlock %2$@,"VoiceOver label for the next-character prompt on the home screen. First argument is the shells still needed, second is the animal's name."
Localizable,home.nextCharacter %lld %@,or,plural.other,new,%2$@ ଖୋଲିବାକୁ ଆଉ %1$lldଟି ଶାମୁକା ଖୋଳ,%1$lld more shells to unlock %2$@,"VoiceOver label for the next-character prompt on the home screen. First argument is the shells still needed, second is the animal's name."
Localizable,home.nextCharacter %lld %@,pa,plural.one,new,%2$@ ਨੂੰ ਅਨਲੌਕ ਕਰਨ ਲਈ ਹੋਰ %1$lld ਸੀਪੀ,%1$lld more shell to unlock %2$@,"VoiceOver label for the next-character prompt on the home screen. First argument is the shells still needed, second is the animal's name."
Localizable,home.nextCharacter %lld %@,pa,plural.other,new,%2$@ ਨੂੰ ਅਨਲੌਕ ਕਰਨ ਲਈ ਹੋਰ %1$lld ਸੀਪੀਆਂ,%1$lld more shells to unlock %2$@,"VoiceOver label for the next-character prompt on the home screen. First argument is the shells still needed, second is the animal's name."
Localizable,home.nextCharacter %lld %@,pl,plural.one,new,"Jeszcze %1$lld muszla, aby odblokować %2$@",%1$lld more shell to unlock %2$@,"VoiceOver label for the next-character prompt on the home screen. First argument is the shells still needed, second is the animal's name."
Localizable,home.nextCharacter %lld %@,pl,plural.other,new,"Jeszcze %1$lld muszli, aby odblokować %2$@",%1$lld more shells to unlock %2$@,"VoiceOver label for the next-character prompt on the home screen. First argument is the shells still needed, second is the animal's name."
Localizable,home.nextCharacter %lld %@,pt,plural.one,new,Falta %1$lld concha para desbloquear %2$@,%1$lld more shell to unlock %2$@,"VoiceOver label for the next-character prompt on the home screen. First argument is the shells still needed, second is the animal's name."
Localizable,home.nextCharacter %lld %@,pt,plural.other,new,Faltam %1$lld conchas para desbloquear %2$@,%1$lld more shells to unlock %2$@,"VoiceOver label for the next-character prompt on the home screen. First argument is the shells still needed, second is the animal's name."
Localizable,home.nextCharacter %lld %@,ro,plural.one,new,Încă %1$lld scoică pentru a-l debloca pe %2$@,%1$lld more shell to unlock %2$@,"VoiceOver label for the next-character prompt on the home screen. First argument is the shells still needed, second is the animal's name."
Localizable,home.nextCharacter %lld %@,ro,plural.other,new,Încă %1$lld scoici pentru a-l debloca pe %2$@,%1$lld more shells to unlock %2$@,"VoiceOver label for the next-character prompt on the home screen. First argument is the shells still needed, second is the animal's name."
Localizable,home.nextCharacter %lld %@,ru,plural.one,new,"Ещё %1$lld ракушка, чтобы открыть %2$@",%1$lld more shell to unlock %2$@,"VoiceOver label for the next-character prompt on the home screen. First argument is the shells still needed, second is the animal's name."
Localizable,home.nextCharacter %lld %@,ru,plural.other,new,"Ещё %1$lld ракушек, чтобы открыть %2$@",%1$lld more shells to unlock %2$@,"VoiceOver label for the next-character prompt on the home screen. First argument is the shells still needed, second is the animal's name."
Localizable,home.nextCharacter %lld %@,si,plural.one,new,%2$@ අගුළු හැරීමට තවත් සිප්පි කටුව %1$lldක්,%1$lld more shell to unlock %2$@,"VoiceOver label for the next-character prompt on the home screen. First argument is the shells still needed, second is the animal's name."
Localizable,home.nextCharacter %lld %@,si,plural.other,new,%2$@ අගුළු හැරීමට තවත් සිප්පි කටු %1$lldක්,%1$lld more shells to unlock %2$@,"VoiceOver label for the next-character prompt on the home screen. First argument is the shells still needed, second is the animal's name."
Localizable,home.nextCharacter %lld %@,sk,plural.one,new,Ešte %1$lld mušľa na odomknutie %2$@,%1$lld more shell to unlock %2$@,"VoiceOver label for the next-character prompt on the home screen. First argument is the shells still needed, second is the animal's name."
Localizable,home.nextCharacter %lld %@,sk,plural.other,new,Ešte %1$lld mušlí na odomknutie %2$@,%1$lld more shells to unlock %2$@,"VoiceOver label for the next-character prompt on the home screen. First argument is the shells still needed, second is the animal's name."
Localizable,home.nextCharacter %lld %@,sl,plural.one,new,Še %1$lld školjka za odklep %2$@,%1$lld more shell to unlock %2$@,"VoiceOver label for the next-character prompt on the home screen. First argument is the shells still needed, second is the animal's name."
Localizable,home.nextCharacter %lld %@,sl,plural.other,new,Še %1$lld školjk za odklep %2$@,%1$lld more shells to unlock %2$@,"VoiceOver label for the next-character prompt on the home screen. First argument is the shells still needed, second is the animal's name."
Localizable,home.nextCharacter %lld %@,sq,plural.one,new,Edhe %1$lld guaskë për të zhbllokuar %2$@,%1$lld more shell to unlock %2$@,"VoiceOver label for the next-character prompt on the home screen. First argument is the shells still needed, second is the animal's name."
Localizable,home.nextCharacter %lld %@,sq,plural.other,new,Edhe %1$lld guaska për të zhbllokuar %2$@,%1$lld more shells to unlock %2$@,"VoiceOver label for the next-character prompt on the home screen. First argument is the shells still needed, second is the animal's name."
Localizable,home.nextCharacter %lld %@,sr,plural.one,new,Још %1$lld шкољка за откључавање лика %2$@,%1$lld more shell to unlock %2$@,"VoiceOver label for the next-character prompt on the home screen. First argument is the shells still needed, second is the animal's name."
Localizable,home.nextCharacter %lld %@,sr,plural.other,new,Још %1$lld шкољки за откључавање лика %2$@,%1$lld more shells to unlock %2$@,"VoiceOver label for the next-character prompt on the home screen. First argument is the shells still needed, second is the animal's name."
Localizable,home.nextCharacter %lld %@,sv,plural.one,new,%1$lld snäcka till för att låsa upp %2$@,%1$lld more shell to unlock %2$@,"VoiceOver label for the next-character prompt on the home screen. First argument is the shells still needed, second is the animal's name."
Localizable,home.nextCharacter %lld %@,sv,plural.other,new,%1$lld snäckor till för att låsa upp %2$@,%1$lld more shells to unlock %2$@,"VoiceOver label for the next-character prompt on the home screen. First argument is the shells still needed, second is the animal's name."
Localizable,home.nextCharacter %lld %@,sw,plural.one,new,Gamba %1$lld zaidi ili kufungua %2$@,%1$lld more shell to unlock %2$@,"VoiceOver label for the next-character prompt on the home screen. First argument is the shells still needed, second is the animal's name."
Localizable,home.nextCharacter %lld %@,sw,plural.other,new,Magamba %1$lld zaidi ili kufungua %2$@,%1$lld more shells to unlock %2$@,"VoiceOver label for the next-character prompt on the home screen. First argument is the shells still needed, second is the animal's name."
Localizable,home.nextCharacter %lld %@,ta,plural.one,new,%2$@-ஐ திறக்க இன்னும் %1$lld சிப்பி,%1$lld more shell to unlock %2$@,"VoiceOver label for the next-character prompt on the home screen. First argument is the shells still needed, second is the animal's name."
Localizable,home.nextCharacter %lld %@,ta,plural.other,new,%2$@-ஐ திறக்க இன்னும் %1$lld சிப்பிகள்,%1$lld more shells to unlock %2$@,"VoiceOver label for the next-character prompt on the home screen. First argument is the shells still needed, second is the animal's name."
Localizable,home.nextCharacter %lld %@,te,plural.one,new,%2$@ ను అన్‌లాక్ చేయడానికి ఇంకా %1$lld గవ్వ,%1$lld more shell to unlock %2$@,"VoiceOver label for the next-character prompt on the home screen. First argument is the shells still needed, second is the animal's name."
Localizable,home.nextCharacter %lld %@,te,plural.other,new,%2$@ ను అన్‌లాక్ చేయడానికి ఇంకా %1$lld గవ్వలు,%1$lld more shells to unlock %2$@,"VoiceOver label for the next-character prompt on the home screen. First argument is the shells still needed, second is the animal's name."
Localizable,home.nextCharacter %lld %@,th,plural.one,new,เหลือเปลือกหอยอีก %1$lld ชิ้นเพื่อปลดล็อก %2$@,%1$lld more shell to unlock %2$@,"VoiceOver label for the next-character prompt on the home screen. First argument is the shells still needed, second is the animal's name."
Localizable,home.nextCharacter %lld %@,th,plural.other,new,เหลือเปลือกหอยอีก %1$lld ชิ้นเพื่อปลดล็อก %2$@,%1$lld more shells to unlock %2$@,"VoiceOver label for the next-character prompt on the home screen. First argument is the shells still needed, second is the animal's name."
Localizable,home.nextCharacter %lld %@,tr,plural.one,new,%2$@ kilidini açmak için %1$lld deniz kabuğu daha,%1$lld more shell to unlock %2$@,"VoiceOver label for the next-character prompt on the home screen. First argument is the shells still needed, second is the animal's name."
Localizable,home.nextCharacter %lld %@,tr,plural.other,new,%2$@ kilidini açmak için %1$lld deniz kabuğu daha,%1$lld more shells to unlock %2$@,"VoiceOver label for the next-character prompt on the home screen. First argument is the shells still needed, second is the animal's name."
Localizable,home.nextCharacter %lld %@,ug,plural.one,new,%2$@ نى ئېچىشقا يەنە %1$lld دېڭىز قېپى كېرەك,%1$lld more shell to unlock %2$@,"VoiceOver label for the next-character prompt on the home screen. First argument is the shells still needed, second is the animal's name."
Localizable,home.nextCharacter %lld %@,ug,plural.other,new,%2$@ نى ئېچىشقا يەنە %1$lld دېڭىز قېپى كېرەك,%1$lld more shells to unlock %2$@,"VoiceOver label for the next-character prompt on the home screen. First argument is the shells still needed, second is the animal's name."
Localizable,home.nextCharacter %lld %@,uk,plural.one,new,"Ще %1$lld мушля, щоб відкрити %2$@",%1$lld more shell to unlock %2$@,"VoiceOver label for the next-character prompt on the home screen. First argument is the shells still needed, second is the animal's name."
Localizable,home.nextCharacter %lld %@,uk,plural.other,new,"Ще %1$lld мушель, щоб відкрити %2$@",%1$lld more shells to unlock %2$@,"VoiceOver label for the next-character prompt on the home screen. First argument is the shells still needed, second is the animal's name."
Localizable,home.nextCharacter %lld %@,ur,plural.one,new,%2$@ کو کھولنے کے لیے مزید %1$lld سیپی,%1$lld more shell to unlock %2$@,"VoiceOver label for the next-character prompt on the home screen. First argument is the shells still needed, second is the animal's name."
Localizable,home.nextCharacter %lld %@,ur,plural.other,new,%2$@ کو کھولنے کے لیے مزید %1$lld سیپیاں,%1$lld more shells to unlock %2$@,"VoiceOver label for the next-character prompt on the home screen. First argument is the shells still needed, second is the animal's name."
Localizable,home.nextCharacter %lld %@,uz,plural.one,new,%2$@ ni ochish uchun yana %1$lld ta chig‘anoq,%1$lld more shell to unlock %2$@,"VoiceOver label for the next-character prompt on the home screen. First argument is the shells still needed, second is the animal's name."
Localizable,home.nextCharacter %lld %@,uz,plural.other,new,%2$@ ni ochish uchun yana %1$lld ta chig‘anoq,%1$lld more shells to unlock %2$@,"VoiceOver label for the next-character prompt on the home screen. First argument is the shells still needed, second is the animal's name."
Localizable,home.nextCharacter %lld %@,vi,plural.one,new,Cần thêm %1$lld vỏ sò để mở khóa %2$@,%1$lld more shell to unlock %2$@,"VoiceOver label for the next-character prompt on the home screen. First argument is the shells still needed, second is the animal's name."
Localizable,home.nextCharacter %lld %@,vi,plural.other,new,Cần thêm %1$lld vỏ sò để mở khóa %2$@,%1$lld more shells to unlock %2$@,"VoiceOver label for the next-character prompt on the home screen. First argument is the shells still needed, second is the animal's name."
Localizable,home.nextCharacter %lld %@,zh,plural.one,new,还差 %1$lld 个贝壳即可解锁 %2$@,%1$lld more shell to unlock %2$@,"VoiceOver label for the next-character prompt on the home screen. First argument is the shells still needed, second is the animal's name."
Localizable,home.nextCharacter %lld %@,zh,plural.other,new,还差 %1$lld 个贝壳即可解锁 %2$@,%1$lld more shells to unlock %2$@,"VoiceOver label for the next-character prompt on the home screen. First argument is the shells still needed, second is the animal's name."
Localizable,home.nextCharacter %lld %@,zu,plural.one,new,Kusele igobolondo elingu-%1$lld ukuze uvule u-%2$@,%1$lld more shell to unlock %2$@,"VoiceOver label for the next-character prompt on the home screen. First argument is the shells still needed, second is the animal's name."
Localizable,home.nextCharacter %lld %@,zu,plural.other,new,Kusele amagobolondo angu-%1$lld ukuze uvule u-%2$@,%1$lld more shells to unlock %2$@,"VoiceOver label for the next-character prompt on the home screen. First argument is the shells still needed, second is the animal's name."
Localizable,home.pausedCards %lld,af,plural.one,new,%lld skulp onderbreek,%lld shell paused,"VoiceOver value for a level tile that holds a paused run, saying how many shells are being kept."
Localizable,home.pausedCards %lld,af,plural.other,new,%lld skulpe onderbreek,%lld shells paused,"VoiceOver value for a level tile that holds a paused run, saying how many shells are being kept."
Localizable,home.pausedCards %lld,am,plural.one,new,%lld ዛጎል በቆመ ጨዋታ ውስጥ ተቀምጧል,%lld shell paused,"VoiceOver value for a level tile that holds a paused run, saying how many shells are being kept."
Localizable,home.pausedCards %lld,am,plural.other,new,%lld ዛጎሎች በቆመ ጨዋታ ውስጥ ተቀምጠዋል,%lld shells paused,"VoiceOver value for a level tile that holds a paused run, saying how many shells are being kept."
Localizable,home.pausedCards %lld,ar,plural.one,new,%lld صدفة محفوظة في لعبة متوقفة,%lld shell paused,"VoiceOver value for a level tile that holds a paused run, saying how many shells are being kept."
Localizable,home.pausedCards %lld,ar,plural.other,new,%lld أصداف محفوظة في لعبة متوقفة,%lld shells paused,"VoiceOver value for a level tile that holds a paused run, saying how many shells are being kept."
Localizable,home.pausedCards %lld,as,plural.one,new,%lldটা শামুকৰ খোলা থমকাই ৰখা খেলত সুৰক্ষিত,%lld shell paused,"VoiceOver value for a level tile that holds a paused run, saying how many shells are being kept."
Localizable,home.pausedCards %lld,as,plural.other,new,%lldটা শামুকৰ খোলা থমকাই ৰখা খেলত সুৰক্ষিত,%lld shells paused,"VoiceOver value for a level tile that holds a paused run, saying how many shells are being kept."
Localizable,home.pausedCards %lld,az,plural.one,new,%lld dəniz qabığı fasilədədir,%lld shell paused,"VoiceOver value for a level tile that holds a paused run, saying how many shells are being kept."
Localizable,home.pausedCards %lld,az,plural.other,new,%lld dəniz qabığı fasilədədir,%lld shells paused,"VoiceOver value for a level tile that holds a paused run, saying how many shells are being kept."
Localizable,home.pausedCards %lld,be,plural.one,new,На паўзе %lld ракавінка,%lld shell paused,"VoiceOver value for a level tile that holds a paused run, saying how many shells are being kept."
Localizable,home.pausedCards %lld,be,plural.other,new,На паўзе %lld ракавінак,%lld shells paused,"VoiceOver value for a level tile that holds a paused run, saying how many shells are being kept."
Localizable,home.pausedCards %lld,bg,plural.one,new,%lld мида е запазена на пауза,%lld shell paused,"VoiceOver value for a level tile that holds a paused run, saying how many shells are being kept."
Localizable,home.pausedCards %lld,bg,plural.other,new,%lld миди са запазени на пауза,%lld shells paused,"VoiceOver value for a level tile that holds a paused run, saying how many shells are being kept."
Localizable,home.pausedCards %lld,bn,plural.one,new,%lldটি ঝিনুক বিরত রাখা খেলায় জমা আছে,%lld shell paused,"VoiceOver value for a level tile that holds a paused run, saying how many shells are being kept."
Localizable,home.pausedCards %lld,bn,plural.other,new,%lldটি ঝিনুক বিরত রাখা খেলায় জমা আছে,%lld shells paused,"VoiceOver value for a level tile that holds a paused run, saying how many shells are being kept."
Localizable,home.pausedCards %lld,bo,plural.one,new,མཚམས་བཞག་པའི་རྩེད་མོའི་ནང་ཉ་ཕྱིས་ %lld ཉར་ཡོད།,%lld shell paused,"VoiceOver value for a level tile that holds a paused run, saying how many shells are being kept."
Localizable,home.pausedCards %lld,bo,plural.other,new,མཚམས་བཞག་པའི་རྩེད་མོའི་ནང་ཉ་ཕྱིས་ %lld ཉར་ཡོད།,%lld shells paused,"VoiceOver value for a level tile that holds a paused run, saying how many shells are being kept."
Localizable,home.pausedCards %lld,bs,plural.one,new,%lld školjka na pauzi,%lld shell paused,"VoiceOver value for a level tile that holds a paused run, saying how many shells are being kept."
Localizable,home.pausedCards %lld,bs,plural.other,new,%lld školjki na pauzi,%lld shells paused,"VoiceOver value for a level tile that holds a paused run, saying how many shells are being kept."
Localizable,home.pausedCards %lld,ca,plural.one,new,%lld petxina en pausa,%lld shell paused,"VoiceOver value for a level tile that holds a paused run, saying how many shells are being kept."
Localizable,home.pausedCards %lld,ca,plural.other,new,%lld petxines en pausa,%lld shells paused,"VoiceOver value for a level tile that holds a paused run, saying how many shells are being kept."
Localizable,home.pausedCards %lld,cs,plural.one,new,%lld mušle pozastavena,%lld shell paused,"VoiceOver value for a level tile that holds a paused run, saying how many shells are being kept."
Localizable,home.pausedCards %lld,cs,plural.other,new,%lld mušlí pozastaveno,%lld shells paused,"VoiceOver value for a level tile that holds a paused run, saying how many shells are being kept."
Localizable,home.pausedCards %lld,cy,plural.one,new,%lld gragen wedi’i seibio,%lld shell paused,"VoiceOver value for a level tile that holds a paused run, saying how many shells are being kept."
Localizable,home.pausedCards %lld,cy,plural.other,new,%lld cregyn wedi’u seibio,%lld shells paused,"VoiceOver value for a level tile that holds a paused run, saying how many shells are being kept."
Localizable,home.pausedCards %lld,da,plural.one,new,%lld musling sat på pause,%lld shell paused,"VoiceOver value for a level tile that holds a paused run, saying how many shells are being kept."
Localizable,home.pausedCards %lld,da,plural.other,new,%lld muslinger sat på pause,%lld shells paused,"VoiceOver value for a level tile that holds a paused run, saying how many shells are being kept."
Localizable,home.pausedCards %lld,de,plural.one,new,%lld Muschel pausiert,%lld shell paused,"VoiceOver value for a level tile that holds a paused run, saying how many shells are being kept."
Localizable,home.pausedCards %lld,de,plural.other,new,%lld Muscheln pausiert,%lld shells paused,"VoiceOver value for a level tile that holds a paused run, saying how many shells are being kept."
Localizable,home.pausedCards %lld,el,plural.one,new,%lld κοχύλι σε παύση,%lld shell paused,"VoiceOver value for a level tile that holds a paused run, saying how many shells are being kept."
Localizable,home.pausedCards %lld,el,plural.other,new,%lld κοχύλια σε παύση,%lld shells paused,"VoiceOver value for a level tile that holds a paused run, saying how many shells are being kept."
Localizable,home.pausedCards %lld,es,plural.one,new,%lld concha en pausa,%lld shell paused,"VoiceOver value for a level tile that holds a paused run, saying how many shells are being kept."
Localizable,home.pausedCards %lld,es,plural.other,new,%lld conchas en pausa,%lld shells paused,"VoiceOver value for a level tile that holds a paused run, saying how many shells are being kept."
Localizable,home.pausedCards %lld,et,plural.one,new,%lld merekarp pausil,%lld shell paused,"VoiceOver value for a level tile that holds a paused run, saying how many shells are being kept."
Localizable,home.pausedCards %lld,et,plural.other,new,%lld merekarpi pausil,%lld shells paused,"VoiceOver value for a level tile that holds a paused run, saying how many shells are being kept."
Localizable,home.pausedCards %lld,eu,plural.one,new,Maskor %lld pausatuta,%lld shell paused,"VoiceOver value for a level tile that holds a paused run, saying how many shells are being kept."
Localizable,home.pausedCards %lld,eu,plural.other,new,%lld maskor pausatuta,%lld shells paused,"VoiceOver value for a level tile that holds a paused run, saying how many shells are being kept."
Localizable,home.pausedCards %lld,fa,plural.one,new,%lld صدف در بازیِ متوقف‌شده,%lld shell paused,"VoiceOver value for a level tile that holds a paused run, saying how many shells are being kept."
Localizable,home.pausedCards %lld,fa,plural.other,new,%lld صدف در بازیِ متوقف‌شده,%lld shells paused,"VoiceOver value for a level tile that holds a paused run, saying how many shells are being kept."
Localizable,home.pausedCards %lld,fi,plural.one,new,%lld simpukka tauolla,%lld shell paused,"VoiceOver value for a level tile that holds a paused run, saying how many shells are being kept."
Localizable,home.pausedCards %lld,fi,plural.other,new,%lld simpukkaa tauolla,%lld shells paused,"VoiceOver value for a level tile that holds a paused run, saying how many shells are being kept."
Localizable,home.pausedCards %lld,fo,plural.one,new,%lld skel sett á steðg,%lld shell paused,"VoiceOver value for a level tile that holds a paused run, saying how many shells are being kept."
Localizable,home.pausedCards %lld,fo,plural.other,new,%lld skel sett á steðg,%lld shells paused,"VoiceOver value for a level tile that holds a paused run, saying how many shells are being kept."
Localizable,home.pausedCards %lld,fr,plural.one,new,%lld coquillage en pause,%lld shell paused,"VoiceOver value for a level tile that holds a paused run, saying how many shells are being kept."
Localizable,home.pausedCards %lld,fr,plural.other,new,%lld coquillages en pause,%lld shells paused,"VoiceOver value for a level tile that holds a paused run, saying how many shells are being kept."
Localizable,home.pausedCards %lld,ga,plural.one,new,%lld bhlaosc ar sos,%lld shell paused,"VoiceOver value for a level tile that holds a paused run, saying how many shells are being kept."
Localizable,home.pausedCards %lld,ga,plural.other,new,%lld blaosc ar sos,%lld shells paused,"VoiceOver value for a level tile that holds a paused run, saying how many shells are being kept."
Localizable,home.pausedCards %lld,gl,plural.one,new,%lld cuncha en pausa,%lld shell paused,"VoiceOver value for a level tile that holds a paused run, saying how many shells are being kept."
Localizable,home.pausedCards %lld,gl,plural.other,new,%lld cunchas en pausa,%lld shells paused,"VoiceOver value for a level tile that holds a paused run, saying how many shells are being kept."
Localizable,home.pausedCards %lld,gu,plural.one,new,%lld છીપ રોકાયેલી રમતમાં સાચવેલી,%lld shell paused,"VoiceOver value for a level tile that holds a paused run, saying how many shells are being kept."
Localizable,home.pausedCards %lld,gu,plural.other,new,%lld છીપો રોકાયેલી રમતમાં સાચવેલી,%lld shells paused,"VoiceOver value for a level tile that holds a paused run, saying how many shells are being kept."
Localizable,home.pausedCards %lld,he,plural.one,new,%lld צדפה שמורה במשחק מושהה,%lld shell paused,"VoiceOver value for a level tile that holds a paused run, saying how many shells are being kept."
Localizable,home.pausedCards %lld,he,plural.other,new,%lld צדפות שמורות במשחק מושהה,%lld shells paused,"VoiceOver value for a level tile that holds a paused run, saying how many shells are being kept."
Localizable,home.pausedCards %lld,hi,plural.one,new,%lld सीपी रुके हुए खेल में सुरक्षित,%lld shell paused,"VoiceOver value for a level tile that holds a paused run, saying how many shells are being kept."
Localizable,home.pausedCards %lld,hi,plural.other,new,%lld सीपियाँ रुके हुए खेल में सुरक्षित,%lld shells paused,"VoiceOver value for a level tile that holds a paused run, saying how many shells are being kept."
Localizable,home.pausedCards %lld,hr,plural.one,new,%lld školjka na pauzi,%lld shell paused,"VoiceOver value for a level tile that holds a paused run, saying how many shells are being kept."
Localizable,home.pausedCards %lld,hr,plural.other,new,%lld školjki na pauzi,%lld shells paused,"VoiceOver value for a level tile that holds a paused run, saying how many shells are being kept."
Localizable,home.pausedCards %lld,hu,plural.one,new,%lld kagyló szüneteltetve,%lld shell paused,"VoiceOver value for a level tile that holds a paused run, saying how many shells are being kept."
Localizable,home.pausedCards %lld,hu,plural.other,new,%lld kagyló szüneteltetve,%lld shells paused,"VoiceOver value for a level tile that holds a paused run, saying how many shells are being kept."
Localizable,home.pausedCards %lld,hy,plural.one,new,%lld խեցի դադարի մեջ,%lld shell paused,"VoiceOver value for a level tile that holds a paused run, saying how many shells are being kept."
Localizable,home.pausedCards %lld,hy,plural.other,new,%lld խեցի դադարի մեջ,%lld shells paused,"VoiceOver value for a level tile that holds a paused run, saying how many shells are being kept."
Localizable,home.pausedCards %lld,id,plural.one,new,%lld kerang dijeda,%lld shell paused,"VoiceOver value for a level tile that holds a paused run, saying how many shells are being kept."
Localizable,home.pausedCards %lld,id,plural.other,new,%lld kerang dijeda,%lld shells paused,"VoiceOver value for a level tile that holds a paused run, saying how many shells are being kept."
Localizable,home.pausedCards %lld,is,plural.one,new,%lld skel í bið,%lld shell paused,"VoiceOver value for a level tile that holds a paused run, saying how many shells are being kept."
Localizable,home.pausedCards %lld,is,plural.other,new,%lld skeljar í bið,%lld shells paused,"VoiceOver value for a level tile that holds a paused run, saying how many shells are being kept."
Localizable,home.pausedCards %lld,it,plural.one,new,%lld conchiglia in pausa,%lld shell paused,"VoiceOver value for a level tile that holds a paused run, saying how many shells are being kept."
Localizable,home.pausedCards %lld,it,plural.other,new,%lld conchiglie in pausa,%lld shells paused,"VoiceOver value for a level tile that holds a paused run, saying how many shells are being kept."
Localizable,home.pausedCards %lld,ja,plural.one,new,一時停止中：貝がら%lld個,%lld shell paused,"VoiceOver value for a level tile that holds a paused run, saying how many shells are being kept."
Localizable,home.pausedCards %lld,ja,plural.other,new,一時停止中：貝がら%lld個,%lld shells paused,"VoiceOver value for a level tile that holds a paused run, saying how many shells are being kept."
Localizable,home.pausedCards %lld,ka,plural.one,new,%lld ნიჟარა პაუზაზეა,%lld shell paused,"VoiceOver value for a level tile that holds a paused run, saying how many shells are being kept."
Localizable,home.pausedCards %lld,ka,plural.other,new,%lld ნიჟარა პაუზაზეა,%lld shells paused,"VoiceOver value for a level tile that holds a paused run, saying how many shells are being kept."
Localizable,home.pausedCards %lld,kk,plural.one,new,%lld бақалшақ кідіртілді,%lld shell paused,"VoiceOver value for a level tile that holds a paused run, saying how many shells are being kept."
Localizable,home.pausedCards %lld,kk,plural.other,new,%lld бақалшақ кідіртілді,%lld shells paused,"VoiceOver value for a level tile that holds a paused run, saying how many shells are being kept."
Localizable,home.pausedCards %lld,km,plural.one,new,សំបកខ្យង %lld ត្រូវបានរក្សាទុកក្នុងហ្គេមដែលផ្អាក,%lld shell paused,"VoiceOver value for a level tile that holds a paused run, saying how many shells are being kept."
Localizable,home.pausedCards %lld,km,plural.other,new,សំបកខ្យង %lld ត្រូវបានរក្សាទុកក្នុងហ្គេមដែលផ្អាក,%lld shells paused,"VoiceOver value for a level tile that holds a paused run, saying how many shells are being kept."
Localizable,home.pausedCards %lld,kn,plural.one,new,%lld ಚಿಪ್ಪು ವಿರಾಮದಲ್ಲಿರುವ ಆಟದಲ್ಲಿ ಉಳಿಸಲಾಗಿದೆ,%lld shell paused,"VoiceOver value for a level tile that holds a paused run, saying how many shells are being kept."
Localizable,home.pausedCards %lld,kn,plural.other,new,%lld ಚಿಪ್ಪುಗಳು ವಿರಾಮದಲ್ಲಿರುವ ಆಟದಲ್ಲಿ ಉಳಿಸಲಾಗಿದೆ,%lld shells paused,"VoiceOver value for a level tile that holds a paused run, saying how many shells are being kept."
Localizable,home.pausedCards %lld,ko,plural.one,new,일시 정지 중: 조개껍데기 %lld개,%lld shell paused,"VoiceOver value for a level tile that holds a paused run, saying how many shells are being kept."
Localizable,home.pausedCards %lld,ko,plural.other,new,일시 정지 중: 조개껍데기 %lld개,%lld shells paused,"VoiceOver value for a level tile that holds a paused run, saying how many shells are being kept."
Localizable,home.pausedCards %lld,lo,plural.one,new,ເປືອກຫອຍ %lld ຖືກເກັບໄວ້ໃນເກມທີ່ຢຸດພັກ,%lld shell paused,"VoiceOver value for a level tile that holds a paused run, saying how many shells are being kept."
Localizable,home.pausedCards %lld,lo,plural.other,new,ເປືອກຫອຍ %lld ຖືກເກັບໄວ້ໃນເກມທີ່ຢຸດພັກ,%lld shells paused,"VoiceOver value for a level tile that holds a paused run, saying how many shells are being kept."
Localizable,home.pausedCards %lld,lt,plural.one,new,%lld kriauklė pristabdyta,%lld shell paused,"VoiceOver value for a level tile that holds a paused run, saying how many shells are being kept."
Localizable,home.pausedCards %lld,lt,plural.other,new,%lld kriauklių pristabdyta,%lld shells paused,"VoiceOver value for a level tile that holds a paused run, saying how many shells are being kept."
Localizable,home.pausedCards %lld,lv,plural.one,new,%lld gliemežvāks pauzē,%lld shell paused,"VoiceOver value for a level tile that holds a paused run, saying how many shells are being kept."
Localizable,home.pausedCards %lld,lv,plural.other,new,%lld gliemežvāki pauzē,%lld shells paused,"VoiceOver value for a level tile that holds a paused run, saying how many shells are being kept."
Localizable,home.pausedCards %lld,mk,plural.one,new,%lld школка на пауза,%lld shell paused,"VoiceOver value for a level tile that holds a paused run, saying how many shells are being kept."
Localizable,home.pausedCards %lld,mk,plural.other,new,%lld школки на пауза,%lld shells paused,"VoiceOver value for a level tile that holds a paused run, saying how many shells are being kept."
Localizable,home.pausedCards %lld,ml,plural.one,new,%lld ചിപ്പി നിർത്തിവെച്ച ഗെയിമിൽ സൂക്ഷിച്ചിരിക്കുന്നു,%lld shell paused,"VoiceOver value for a level tile that holds a paused run, saying how many shells are being kept."
Localizable,home.pausedCards %lld,ml,plural.other,new,%lld ചിപ്പികൾ നിർത്തിവെച്ച ഗെയിമിൽ സൂക്ഷിച്ചിരിക്കുന്നു,%lld shells paused,"VoiceOver value for a level tile that holds a paused run, saying how many shells are being kept."
Localizable,home.pausedCards %lld,mn,plural.one,new,%lld хясаа түр зогссон,%lld shell paused,"VoiceOver value for a level tile that holds a paused run, saying how many shells are being kept."
Localizable,home.pausedCards %lld,mn,plural.other,new,%lld хясаа түр зогссон,%lld shells paused,"VoiceOver value for a level tile that holds a paused run, saying how many shells are being kept."
Localizable,home.pausedCards %lld,mr,plural.one,new,%lld शिंपला थांबवलेल्या खेळात सुरक्षित,%lld shell paused,"VoiceOver value for a level tile that holds a paused run, saying how many shells are being kept."
Localizable,home.pausedCards %lld,mr,plural.other,new,%lld शिंपले थांबवलेल्या खेळात सुरक्षित,%lld shells paused,"VoiceOver value for a level tile that holds a paused run, saying how many shells are being kept."
Localizable,home.pausedCards %lld,ms,plural.one,new,%lld cangkerang dijeda,%lld shell paused,"VoiceOver value for a level tile that holds a paused run, saying how many shells are being kept."
Localizable,home.pausedCards %lld,ms,plural.other,new,%lld cangkerang dijeda,%lld shells paused,"VoiceOver value for a level tile that holds a paused run, saying how many shells are being kept."
Localizable,home.pausedCards %lld,my,plural.one,new,ရပ်ထားသောဂိမ်းတွင် ခရုခွံ %lld ခု သိမ်းထားသည်,%lld shell paused,"VoiceOver value for a level tile that holds a paused run, saying how many shells are being kept."
Localizable,home.pausedCards %lld,my,plural.other,new,ရပ်ထားသောဂိမ်းတွင် ခရုခွံ %lld ခု သိမ်းထားသည်,%lld shells paused,"VoiceOver value for a level tile that holds a paused run, saying how many shells are being kept."
Localizable,home.pausedCards %lld,nb,plural.one,new,%lld skjell på pause,%lld shell paused,"VoiceOver value for a level tile that holds a paused run, saying how many shells are being kept."
Localizable,home.pausedCards %lld,nb,plural.other,new,%lld skjell på pause,%lld shells paused,"VoiceOver value for a level tile that holds a paused run, saying how many shells are being kept."
Localizable,home.pausedCards %lld,ne,plural.one,new,%lld सिपी रोकिएको खेलमा सुरक्षित,%lld shell paused,"VoiceOver value for a level tile that holds a paused run, saying how many shells are being kept."
Localizable,home.pausedCards %lld,ne,plural.other,new,%lld सिपीहरू रोकिएको खेलमा सुरक्षित,%lld shells paused,"VoiceOver value for a level tile that holds a paused run, saying how many shells are being kept."
Localizable,home.pausedCards %lld,or,plural.one,new,%lldଟି ଶାମୁକା ଖୋଳ ବିରତ ଖେଳରେ ସୁରକ୍ଷିତ,%lld shell paused,"VoiceOver value for a level tile that holds a paused run, saying how many shells are being kept."
Localizable,home.pausedCards %lld,or,plural.other,new,%lldଟି ଶାମୁକା ଖୋଳ ବିରତ ଖେଳରେ ସୁରକ୍ଷିତ,%lld shells paused,"VoiceOver value for a level tile that holds a paused run, saying how many shells are being kept."
Localizable,home.pausedCards %lld,pa,plural.one,new,%lld ਸੀਪੀ ਰੁਕੀ ਹੋਈ ਗੇਮ ਵਿੱਚ ਸੁਰੱਖਿਅਤ,%lld shell paused,"VoiceOver value for a level tile that holds a paused run, saying how many shells are being kept."
Localizable,home.pausedCards %lld,pa,plural.other,new,%lld ਸੀਪੀਆਂ ਰੁਕੀ ਹੋਈ ਗੇਮ ਵਿੱਚ ਸੁਰੱਖਿਅਤ,%lld shells paused,"VoiceOver value for a level tile that holds a paused run, saying how many shells are being kept."
Localizable,home.pausedCards %lld,pl,plural.one,new,%lld muszla wstrzymana,%lld shell paused,"VoiceOver value for a level tile that holds a paused run, saying how many shells are being kept."
Localizable,home.pausedCards %lld,pl,plural.other,new,%lld muszli wstrzymanych,%lld shells paused,"VoiceOver value for a level tile that holds a paused run, saying how many shells are being kept."
Localizable,home.pausedCards %lld,pt,plural.one,new,%lld concha em pausa,%lld shell paused,"VoiceOver value for a level tile that holds a paused run, saying how many shells are being kept."
Localizable,home.pausedCards %lld,pt,plural.other,new,%lld conchas em pausa,%lld shells paused,"VoiceOver value for a level tile that holds a paused run, saying how many shells are being kept."
Localizable,home.pausedCards %lld,ro,plural.one,new,%lld scoică pusă pe pauză,%lld shell paused,"VoiceOver value for a level tile that holds a paused run, saying how many shells are being kept."
Localizable,home.pausedCards %lld,ro,plural.other,new,%lld scoici puse pe pauză,%lld shells paused,"VoiceOver value for a level tile that holds a paused run, saying how many shells are being kept."
Localizable,home.pausedCards %lld,ru,plural.one,new,На паузе %lld ракушка,%lld shell paused,"VoiceOver value for a level tile that holds a paused run, saying how many shells are being kept."
Localizable,home.pausedCards %lld,ru,plural.other,new,На паузе %lld ракушек,%lld shells paused,"VoiceOver value for a level tile that holds a paused run, saying how many shells are being kept."
Localizable,home.pausedCards %lld,si,plural.one,new,සිප්පි කටුව %lldක් නවතා ඇති ක්‍රීඩාවේ සුරැකී ඇත,%lld shell paused,"VoiceOver value for a level tile that holds a paused run, saying how many shells are being kept."
Localizable,home.pausedCards %lld,si,plural.other,new,සිප්පි කටු %lldක් නවතා ඇති ක්‍රීඩාවේ සුරැකී ඇත,%lld shells paused,"VoiceOver value for a level tile that holds a paused run, saying how many shells are being kept."
Localizable,home.pausedCards %lld,sk,plural.one,new,%lld mušľa pozastavená,%lld shell paused,"VoiceOver value for a level tile that holds a paused run, saying how many shells are being kept."
Localizable,home.pausedCards %lld,sk,plural.other,new,%lld mušlí pozastavených,%lld shells paused,"VoiceOver value for a level tile that holds a paused run, saying how many shells are being kept."
Localizable,home.pausedCards %lld,sl,plural.one,new,%lld školjka na premoru,%lld shell paused,"VoiceOver value for a level tile that holds a paused run, saying how many shells are being kept."
Localizable,home.pausedCards %lld,sl,plural.other,new,%lld školjk na premoru,%lld shells paused,"VoiceOver value for a level tile that holds a paused run, saying how many shells are being kept."
Localizable,home.pausedCards %lld,sq,plural.one,new,%lld guaskë në pauzë,%lld shell paused,"VoiceOver value for a level tile that holds a paused run, saying how many shells are being kept."
Localizable,home.pausedCards %lld,sq,plural.other,new,%lld guaska në pauzë,%lld shells paused,"VoiceOver value for a level tile that holds a paused run, saying how many shells are being kept."
Localizable,home.pausedCards %lld,sr,plural.one,new,%lld шкољка на паузи,%lld shell paused,"VoiceOver value for a level tile that holds a paused run, saying how many shells are being kept."
Localizable,home.pausedCards %lld,sr,plural.other,new,%lld шкољки на паузи,%lld shells paused,"VoiceOver value for a level tile that holds a paused run, saying how many shells are being kept."
Localizable,home.pausedCards %lld,sv,plural.one,new,%lld snäcka pausad,%lld shell paused,"VoiceOver value for a level tile that holds a paused run, saying how many shells are being kept."
Localizable,home.pausedCards %lld,sv,plural.other,new,%lld snäckor pausade,%lld shells paused,"VoiceOver value for a level tile that holds a paused run, saying how many shells are being kept."
Localizable,home.pausedCards %lld,sw,plural.one,new,Gamba %lld limesitishwa,%lld shell paused,"VoiceOver value for a level tile that holds a paused run, saying how many shells are being kept."
Localizable,home.pausedCards %lld,sw,plural.other,new,Magamba %lld yamesitishwa,%lld shells paused,"VoiceOver value for a level tile that holds a paused run, saying how many shells are being kept."
Localizable,home.pausedCards %lld,ta,plural.one,new,%lld சிப்பி இடைநிறுத்தப்பட்ட விளையாட்டில் சேமிக்கப்பட்டுள்ளது,%lld shell paused,"VoiceOver value for a level tile that holds a paused run, saying how many shells are being kept."
Localizable,home.pausedCards %lld,ta,plural.other,new,%lld சிப்பிகள் இடைநிறுத்தப்பட்ட விளையாட்டில் சேமிக்கப்பட்டுள்ளன,%lld shells paused,"VoiceOver value for a level tile that holds a paused run, saying how many shells are being kept."
Localizable,home.pausedCards %lld,te,plural.one,new,%lld గవ్వ నిలిపిన ఆటలో భద్రంగా ఉంది,%lld shell paused,"VoiceOver value for a level tile that holds a paused run, saying how many shells are being kept."
Localizable,home.pausedCards %lld,te,plural.other,new,%lld గవ్వలు నిలిపిన ఆటలో భద్రంగా ఉన్నాయి,%lld shells paused,"VoiceOver value for a level tile that holds a paused run, saying how many shells are being kept."
Localizable,home.pausedCards %lld,th,plural.one,new,เก็บเปลือกหอย %lld ชิ้นไว้ในเกมที่หยุดพัก,%lld shell paused,"VoiceOver value for a level tile that holds a paused run, saying how many shells are being kept."
Localizable,home.pausedCards %lld,th,plural.other,new,เก็บเปลือกหอย %lld ชิ้นไว้ในเกมที่หยุดพัก,%lld shells paused,"VoiceOver value for a level tile that holds a paused run, saying how many shells are being kept."
Localizable,home.pausedCards %lld,tr,plural.one,new,%lld deniz kabuğu duraklatıldı,%lld shell paused,"VoiceOver value for a level tile that holds a paused run, saying how many shells are being kept."
Localizable,home.pausedCards %lld,tr,plural.other,new,%lld deniz kabuğu duraklatıldı,%lld shells paused,"VoiceOver value for a level tile that holds a paused run, saying how many shells are being kept."
Localizable,home.pausedCards %lld,ug,plural.one,new,%lld دېڭىز قېپى توختىتىلغان ئويۇندا ساقلانغان,%lld shell paused,"VoiceOver value for a level tile that holds a paused run, saying how many shells are being kept."
Localizable,home.pausedCards %lld,ug,plural.other,new,%lld دېڭىز قېپى توختىتىلغان ئويۇندا ساقلانغان,%lld shells paused,"VoiceOver value for a level tile that holds a paused run, saying how many shells are being kept."
Localizable,home.pausedCards %lld,uk,plural.one,new,На паузі %lld мушля,%lld shell paused,"VoiceOver value for a level tile that holds a paused run, saying how many shells are being kept."
Localizable,home.pausedCards %lld,uk,plural.other,new,На паузі %lld мушель,%lld shells paused,"VoiceOver value for a level tile that holds a paused run, saying how many shells are being kept."
Localizable,home.pausedCards %lld,ur,plural.one,new,%lld سیپی رکی ہوئی گیم میں محفوظ,%lld shell paused,"VoiceOver value for a level tile that holds a paused run, saying how many shells are being kept."
Localizable,home.pausedCards %lld,ur,plural.other,new,%lld سیپیاں رکی ہوئی گیم میں محفوظ,%lld shells paused,"VoiceOver value for a level tile that holds a paused run, saying how many shells are being kept."
Localizable,home.pausedCards %lld,uz,plural.one,new,%lld ta chig‘anoq pauzada,%lld shell paused,"VoiceOver value for a level tile that holds a paused run, saying how many shells are being kept."
Localizable,home.pausedCards %lld,uz,plural.other,new,%lld ta chig‘anoq pauzada,%lld shells paused,"VoiceOver value for a level tile that holds a paused run, saying how many shells are being kept."
Localizable,home.pausedCards %lld,vi,plural.one,new,%lld vỏ sò đang tạm dừng,%lld shell paused,"VoiceOver value for a level tile that holds a paused run, saying how many shells are being kept."
Localizable,home.pausedCards %lld,vi,plural.other,new,%lld vỏ sò đang tạm dừng,%lld shells paused,"VoiceOver value for a level tile that holds a paused run, saying how many shells are being kept."
Localizable,home.pausedCards %lld,zh,plural.one,new,暂停关卡中保留 %lld 个贝壳,%lld shell paused,"VoiceOver value for a level tile that holds a paused run, saying how many shells are being kept."
Localizable,home.pausedCards %lld,zh,plural.other,new,暂停关卡中保留 %lld 个贝壳,%lld shells paused,"VoiceOver value for a level tile that holds a paused run, saying how many shells are being kept."
Localizable,home.pausedCards %lld,zu,plural.one,new,Igobolondo elingu-%lld limisiwe,%lld shell paused,"VoiceOver value for a level tile that holds a paused run, saying how many shells are being kept."
Localizable,home.pausedCards %lld,zu,plural.other,new,Amagobolondo angu-%lld amisiwe,%lld shells paused,"VoiceOver value for a level tile that holds a paused run, saying how many shells are being kept."
Localizable,levelIntro.cardsBullet %lld,af,plural.one,new,Jy kan tot **%lld skulp** in hierdie vlak versamel.,You can collect up to **%lld shell** in this level.,Third line of the level intro card: the most shells this level can yield. Emphasise the count and its noun with Markdown **bold**.
Localizable,levelIntro.cardsBullet %lld,af,plural.other,new,Jy kan tot **%lld skulpe** in hierdie vlak versamel.,You can collect up to **%lld shells** in this level.,Third line of the level intro card: the most shells this level can yield. Emphasise the count and its noun with Markdown **bold**.
Localizable,levelIntro.cardsBullet %lld,am,plural.one,new,በዚህ ደረጃ እስከ **%lld ዛጎል** መሰብሰብ ትችላለህ።,You can collect up to **%lld shell** in this level.,Third line of the level intro card: the most shells this level can yield. Emphasise the count and its noun with Markdown **bold**.
Localizable,levelIntro.cardsBullet %lld,am,plural.other,new,በዚህ ደረጃ እስከ **%lld ዛጎሎች** መሰብሰብ ትችላለህ።,You can collect up to **%lld shells** in this level.,Third line of the level intro card: the most shells this level can yield. Emphasise the count and its noun with Markdown **bold**.
Localizable,levelIntro.cardsBullet %lld,ar,plural.one,new,يمكنك جمع ما يصل إلى **%lld صدفة** في هذا المستوى.,You can collect up to **%lld shell** in this level.,Third line of the level intro card: the most shells this level can yield. Emphasise the count and its noun with Markdown **bold**.
Localizable,levelIntro.cardsBullet %lld,ar,plural.other,new,يمكنك جمع ما يصل إلى **%lld أصداف** في هذا المستوى.,You can collect up to **%lld shells** in this level.,Third line of the level intro card: the most shells this level can yield. Emphasise the count and its noun with Markdown **bold**.
Localizable,levelIntro.cardsBullet %lld,as,plural.one,new,এই স্তৰত তুমি সৰ্বাধিক **%lldটা শামুকৰ খোলা** সংগ্ৰহ কৰিব পাৰা।,You can collect up to **%lld shell** in this level.,Third line of the level intro card: the most shells this level can yield. Emphasise the count and its noun with Markdown **bold**.
Localizable,levelIntro.cardsBullet %lld,as,plural.other,new,এই স্তৰত তুমি সৰ্বাধিক **%lldটা শামুকৰ খোলা** সংগ্ৰহ কৰিব পাৰা।,You can collect up to **%lld shells** in this level.,Third line of the level intro card: the most shells this level can yield. Emphasise the count and its noun with Markdown **bold**.
Localizable,levelIntro.cardsBullet %lld,az,plural.one,new,Bu səviyyədə **%lld dəniz qabığına** qədər toplaya bilərsən.,You can collect up to **%lld shell** in this level.,Third line of the level intro card: the most shells this level can yield. Emphasise the count and its noun with Markdown **bold**.
Localizable,levelIntro.cardsBullet %lld,az,plural.other,new,Bu səviyyədə **%lld dəniz qabığına** qədər toplaya bilərsən.,You can collect up to **%lld shells** in this level.,Third line of the level intro card: the most shells this level can yield. Emphasise the count and its noun with Markdown **bold**.
Localizable,levelIntro.cardsBullet %lld,be,plural.one,new,На гэтым узроўні можна сабраць да **%lld ракавінкі**.,You can collect up to **%lld shell** in this level.,Third line of the level intro card: the most shells this level can yield. Emphasise the count and its noun with Markdown **bold**.
Localizable,levelIntro.cardsBullet %lld,be,plural.other,new,На гэтым узроўні можна сабраць да **%lld ракавінак**.,You can collect up to **%lld shells** in this level.,Third line of the level intro card: the most shells this level can yield. Emphasise the count and its noun with Markdown **bold**.
Localizable,levelIntro.cardsBullet %lld,bg,plural.one,new,В това ниво можеш да събереш до **%lld мида**.,You can collect up to **%lld shell** in this level.,Third line of the level intro card: the most shells this level can yield. Emphasise the count and its noun with Markdown **bold**.
Localizable,levelIntro.cardsBullet %lld,bg,plural.other,new,В това ниво можеш да събереш до **%lld миди**.,You can collect up to **%lld shells** in this level.,Third line of the level intro card: the most shells this level can yield. Emphasise the count and its noun with Markdown **bold**.
Localizable,levelIntro.cardsBullet %lld,bn,plural.one,new,এই লেভেলে তুমি সর্বোচ্চ **%lldটি ঝিনুক** সংগ্রহ করতে পারবে।,You can collect up to **%lld shell** in this level.,Third line of the level intro card: the most shells this level can yield. Emphasise the count and its noun with Markdown **bold**.
Localizable,levelIntro.cardsBullet %lld,bn,plural.other,new,এই লেভেলে তুমি সর্বোচ্চ **%lldটি ঝিনুক** সংগ্রহ করতে পারবে।,You can collect up to **%lld shells** in this level.,Third line of the level intro card: the most shells this level can yield. Emphasise the count and its noun with Markdown **bold**.
Localizable,levelIntro.cardsBullet %lld,bo,plural.one,new,རིམ་པ་འདིར་མང་ཤོས་ **ཉ་ཕྱིས་ %lld** བསྡུ་ཐུབ།,You can collect up to **%lld shell** in this level.,Third line of the level intro card: the most shells this level can yield. Emphasise the count and its noun with Markdown **bold**.
Localizable,levelIntro.cardsBullet %lld,bo,plural.other,new,རིམ་པ་འདིར་མང་ཤོས་ **ཉ་ཕྱིས་ %lld** བསྡུ་ཐུབ།,You can collect up to **%lld shells** in this level.,Third line of the level intro card: the most shells this level can yield. Emphasise the count and its noun with Markdown **bold**.
Localizable,levelIntro.cardsBullet %lld,bs,plural.one,new,Na ovom nivou možeš prikupiti do **%lld školjku**.,You can collect up to **%lld shell** in this level.,Third line of the level intro card: the most shells this level can yield. Emphasise the count and its noun with Markdown **bold**.
Localizable,levelIntro.cardsBullet %lld,bs,plural.other,new,Na ovom nivou možeš prikupiti do **%lld školjki**.,You can collect up to **%lld shells** in this level.,Third line of the level intro card: the most shells this level can yield. Emphasise the count and its noun with Markdown **bold**.
Localizable,levelIntro.cardsBullet %lld,ca,plural.one,new,En aquest nivell pots recollir fins a **%lld petxina**.,You can collect up to **%lld shell** in this level.,Third line of the level intro card: the most shells this level can yield. Emphasise the count and its noun with Markdown **bold**.
Localizable,levelIntro.cardsBullet %lld,ca,plural.other,new,En aquest nivell pots recollir fins a **%lld petxines**.,You can collect up to **%lld shells** in this level.,Third line of the level intro card: the most shells this level can yield. Emphasise the count and its noun with Markdown **bold**.
Localizable,levelIntro.cardsBullet %lld,cs,plural.one,new,V této úrovni můžeš sebrat až **%lld mušli**.,You can collect up to **%lld shell** in this level.,Third line of the level intro card: the most shells this level can yield. Emphasise the count and its noun with Markdown **bold**.
Localizable,levelIntro.cardsBullet %lld,cs,plural.other,new,V této úrovni můžeš sebrat až **%lld mušlí**.,You can collect up to **%lld shells** in this level.,Third line of the level intro card: the most shells this level can yield. Emphasise the count and its noun with Markdown **bold**.
Localizable,levelIntro.cardsBullet %lld,cy,plural.one,new,Galli di gasglu hyd at **%lld gragen** yn y lefel hon.,You can collect up to **%lld shell** in this level.,Third line of the level intro card: the most shells this level can yield. Emphasise the count and its noun with Markdown **bold**.
Localizable,levelIntro.cardsBullet %lld,cy,plural.other,new,Galli di gasglu hyd at **%lld cregyn** yn y lefel hon.,You can collect up to **%lld shells** in this level.,Third line of the level intro card: the most shells this level can yield. Emphasise the count and its noun with Markdown **bold**.
Localizable,levelIntro.cardsBullet %lld,da,plural.one,new,Du kan samle op til **%lld musling** på denne bane.,You can collect up to **%lld shell** in this level.,Third line of the level intro card: the most shells this level can yield. Emphasise the count and its noun with Markdown **bold**.
Localizable,levelIntro.cardsBullet %lld,da,plural.other,new,Du kan samle op til **%lld muslinger** på denne bane.,You can collect up to **%lld shells** in this level.,Third line of the level intro card: the most shells this level can yield. Emphasise the count and its noun with Markdown **bold**.
Localizable,levelIntro.cardsBullet %lld,de,plural.one,new,In diesem Level kannst du bis zu **%lld Muschel** sammeln.,You can collect up to **%lld shell** in this level.,Third line of the level intro card: the most shells this level can yield. Emphasise the count and its noun with Markdown **bold**.
Localizable,levelIntro.cardsBullet %lld,de,plural.other,new,In diesem Level kannst du bis zu **%lld Muscheln** sammeln.,You can collect up to **%lld shells** in this level.,Third line of the level intro card: the most shells this level can yield. Emphasise the count and its noun with Markdown **bold**.
Localizable,levelIntro.cardsBullet %lld,el,plural.one,new,Μπορείς να μαζέψεις έως **%lld κοχύλι** σε αυτό το επίπεδο.,You can collect up to **%lld shell** in this level.,Third line of the level intro card: the most shells this level can yield. Emphasise the count and its noun with Markdown **bold**.
Localizable,levelIntro.cardsBullet %lld,el,plural.other,new,Μπορείς να μαζέψεις έως **%lld κοχύλια** σε αυτό το επίπεδο.,You can collect up to **%lld shells** in this level.,Third line of the level intro card: the most shells this level can yield. Emphasise the count and its noun with Markdown **bold**.
Localizable,levelIntro.cardsBullet %lld,es,plural.one,new,Puedes recoger hasta **%lld concha** en este nivel.,You can collect up to **%lld shell** in this level.,Third line of the level intro card: the most shells this level can yield. Emphasise the count and its noun with Markdown **bold**.
Localizable,levelIntro.cardsBullet %lld,es,plural.other,new,Puedes recoger hasta **%lld conchas** en este nivel.,You can collect up to **%lld shells** in this level.,Third line of the level intro card: the most shells this level can yield. Emphasise the count and its noun with Markdown **bold**.
Localizable,levelIntro.cardsBullet %lld,et,plural.one,new,Sellel tasemel saad koguda kuni **%lld merekarbi**.,You can collect up to **%lld shell** in this level.,Third line of the level intro card: the most shells this level can yield. Emphasise the count and its noun with Markdown **bold**.
Localizable,levelIntro.cardsBullet %lld,et,plural.other,new,Sellel tasemel saad koguda kuni **%lld merekarpi**.,You can collect up to **%lld shells** in this level.,Third line of the level intro card: the most shells this level can yield. Emphasise the count and its noun with Markdown **bold**.
Localizable,levelIntro.cardsBullet %lld,eu,plural.one,new,Maila honetan gehienez **maskor %lld** bil ditzakezu.,You can collect up to **%lld shell** in this level.,Third line of the level intro card: the most shells this level can yield. Emphasise the count and its noun with Markdown **bold**.
Localizable,levelIntro.cardsBullet %lld,eu,plural.other,new,Maila honetan gehienez **%lld maskor** bil ditzakezu.,You can collect up to **%lld shells** in this level.,Third line of the level intro card: the most shells this level can yield. Emphasise the count and its noun with Markdown **bold**.
Localizable,levelIntro.cardsBullet %lld,fa,plural.one,new,در این مرحله می‌توانی تا **%lld صدف** جمع کنی.,You can collect up to **%lld shell** in this level.,Third line of the level intro card: the most shells this level can yield. Emphasise the count and its noun with Markdown **bold**.
Localizable,levelIntro.cardsBullet %lld,fa,plural.other,new,در این مرحله می‌توانی تا **%lld صدف** جمع کنی.,You can collect up to **%lld shells** in this level.,Third line of the level intro card: the most shells this level can yield. Emphasise the count and its noun with Markdown **bold**.
Localizable,levelIntro.cardsBullet %lld,fi,plural.one,new,Tällä tasolla voit kerätä enintään **%lld simpukan**.,You can collect up to **%lld shell** in this level.,Third line of the level intro card: the most shells this level can yield. Emphasise the count and its noun with Markdown **bold**.
Localizable,levelIntro.cardsBullet %lld,fi,plural.other,new,Tällä tasolla voit kerätä enintään **%lld simpukkaa**.,You can collect up to **%lld shells** in this level.,Third line of the level intro card: the most shells this level can yield. Emphasise the count and its noun with Markdown **bold**.
Localizable,levelIntro.cardsBullet %lld,fo,plural.one,new,Tú kanst savna upp til **%lld skel** á hesum stiginum.,You can collect up to **%lld shell** in this level.,Third line of the level intro card: the most shells this level can yield. Emphasise the count and its noun with Markdown **bold**.
Localizable,levelIntro.cardsBullet %lld,fo,plural.other,new,Tú kanst savna upp til **%lld skel** á hesum stiginum.,You can collect up to **%lld shells** in this level.,Third line of the level intro card: the most shells this level can yield. Emphasise the count and its noun with Markdown **bold**.
Localizable,levelIntro.cardsBullet %lld,fr,plural.one,new,Tu peux ramasser jusqu’à **%lld coquillage** dans ce niveau.,You can collect up to **%lld shell** in this level.,Third line of the level intro card: the most shells this level can yield. Emphasise the count and its noun with Markdown **bold**.
Localizable,levelIntro.cardsBullet %lld,fr,plural.other,new,Tu peux ramasser jusqu’à **%lld coquillages** dans ce niveau.,You can collect up to **%lld shells** in this level.,Third line of the level intro card: the most shells this level can yield. Emphasise the count and its noun with Markdown **bold**.
Localizable,levelIntro.cardsBullet %lld,ga,plural.one,new,Is féidir leat suas le **%lld bhlaosc** a bhailiú sa leibhéal seo.,You can collect up to **%lld shell** in this level.,Third line of the level intro card: the most shells this level can yield. Emphasise the count and its noun with Markdown **bold**.
Localizable,levelIntro.cardsBullet %lld,ga,plural.other,new,Is féidir leat suas le **%lld blaosc** a bhailiú sa leibhéal seo.,You can collect up to **%lld shells** in this level.,Third line of the level intro card: the most shells this level can yield. Emphasise the count and its noun with Markdown **bold**.
Localizable,levelIntro.cardsBullet %lld,gl,plural.one,new,Neste nivel podes recoller ata **%lld cuncha**.,You can collect up to **%lld shell** in this level.,Third line of the level intro card: the most shells this level can yield. Emphasise the count and its noun with Markdown **bold**.
Localizable,levelIntro.cardsBullet %lld,gl,plural.other,new,Neste nivel podes recoller ata **%lld cunchas**.,You can collect up to **%lld shells** in this level.,Third line of the level intro card: the most shells this level can yield. Emphasise the count and its noun with Markdown **bold**.
Localizable,levelIntro.cardsBullet %lld,gu,plural.one,new,આ લેવલમાં તમે વધુમાં વધુ **%lld છીપ** ભેગી કરી શકો છો.,You can collect up to **%lld shell** in this level.,Third line of the level intro card: the most shells this level can yield. Emphasise the count and its noun with Markdown **bold**.
Localizable,levelIntro.cardsBullet %lld,gu,plural.other,new,આ લેવલમાં તમે વધુમાં વધુ **%lld છીપો** ભેગી કરી શકો છો.,You can collect up to **%lld shells** in this level.,Third line of the level intro card: the most shells this level can yield. Emphasise the count and its noun with Markdown **bold**.
Localizable,levelIntro.cardsBullet %lld,he,plural.one,new,אפשר לאסוף עד **%lld צדפה** בשלב הזה.,You can collect up to **%lld shell** in this level.,Third line of the level intro card: the most shells this level can yield. Emphasise the count and its noun with Markdown **bold**.
Localizable,levelIntro.cardsBullet %lld,he,plural.other,new,אפשר לאסוף עד **%lld צדפות** בשלב הזה.,You can collect up to **%lld shells** in this level.,Third line of the level intro card: the most shells this level can yield. Emphasise the count and its noun with Markdown **bold**.
Localizable,levelIntro.cardsBullet %lld,hi,plural.one,new,इस लेवल में तुम अधिकतम **%lld सीपी** इकट्ठी कर सकते हो।,You can collect up to **%lld shell** in this level.,Third line of the level intro card: the most shells this level can yield. Emphasise the count and its noun with Markdown **bold**.
Localizable,levelIntro.cardsBullet %lld,hi,plural.other,new,इस लेवल में तुम अधिकतम **%lld सीपियाँ** इकट्ठी कर सकते हो।,You can collect up to **%lld shells** in this level.,Third line of the level intro card: the most shells this level can yield. Emphasise the count and its noun with Markdown **bold**.
Localizable,levelIntro.cardsBullet %lld,hr,plural.one,new,Na ovoj razini možeš prikupiti do **%lld školjku**.,You can collect up to **%lld shell** in this level.,Third line of the level intro card: the most shells this level can yield. Emphasise the count and its noun with Markdown **bold**.
Localizable,levelIntro.cardsBullet %lld,hr,plural.other,new,Na ovoj razini možeš prikupiti do **%lld školjki**.,You can collect up to **%lld shells** in this level.,Third line of the level intro card: the most shells this level can yield. Emphasise the count and its noun with Markdown **bold**.
Localizable,levelIntro.cardsBullet %lld,hu,plural.one,new,Ezen a pályán legfeljebb **%lld kagylót** gyűjthetsz.,You can collect up to **%lld shell** in this level.,Third line of the level intro card: the most shells this level can yield. Emphasise the count and its noun with Markdown **bold**.
Localizable,levelIntro.cardsBullet %lld,hu,plural.other,new,Ezen a pályán legfeljebb **%lld kagylót** gyűjthetsz.,You can collect up to **%lld shells** in this level.,Third line of the level intro card: the most shells this level can yield. Emphasise the count and its noun with Markdown **bold**.
Localizable,levelIntro.cardsBullet %lld,hy,plural.one,new,Այս փուլում կարող ես հավաքել մինչև **%lld խեցի**։,You can collect up to **%lld shell** in this level.,Third line of the level intro card: the most shells this level can yield. Emphasise the count and its noun with Markdown **bold**.
Localizable,levelIntro.cardsBullet %lld,hy,plural.other,new,Այս փուլում կարող ես հավաքել մինչև **%lld խեցի**։,You can collect up to **%lld shells** in this level.,Third line of the level intro card: the most shells this level can yield. Emphasise the count and its noun with Markdown **bold**.
Localizable,levelIntro.cardsBullet %lld,id,plural.one,new,Kamu bisa mengumpulkan hingga **%lld kerang** di level ini.,You can collect up to **%lld shell** in this level.,Third line of the level intro card: the most shells this level can yield. Emphasise the count and its noun with Markdown **bold**.
Localizable,levelIntro.cardsBullet %lld,id,plural.other,new,Kamu bisa mengumpulkan hingga **%lld kerang** di level ini.,You can collect up to **%lld shells** in this level.,Third line of the level intro card: the most shells this level can yield. Emphasise the count and its noun with Markdown **bold**.
Localizable,levelIntro.cardsBullet %lld,is,plural.one,new,Þú getur safnað allt að **%lld skel** í þessu borði.,You can collect up to **%lld shell** in this level.,Third line of the level intro card: the most shells this level can yield. Emphasise the count and its noun with Markdown **bold**.
Localizable,levelIntro.cardsBullet %lld,is,plural.other,new,Þú getur safnað allt að **%lld skeljum** í þessu borði.,You can collect up to **%lld shells** in this level.,Third line of the level intro card: the most shells this level can yield. Emphasise the count and its noun with Markdown **bold**.
Localizable,levelIntro.cardsBullet %lld,it,plural.one,new,In questo livello puoi raccogliere fino a **%lld conchiglia**.,You can collect up to **%lld shell** in this level.,Third line of the level intro card: the most shells this level can yield. Emphasise the count and its noun with Markdown **bold**.
Localizable,levelIntro.cardsBullet %lld,it,plural.other,new,In questo livello puoi raccogliere fino a **%lld conchiglie**.,You can collect up to **%lld shells** in this level.,Third line of the level intro card: the most shells this level can yield. Emphasise the count and its noun with Markdown **bold**.
Localizable,levelIntro.cardsBullet %lld,ja,plural.one,new,このレベルでは最大 **%lld個の貝がら** を集められるよ。,You can collect up to **%lld shell** in this level.,Third line of the level intro card: the most shells this level can yield. Emphasise the count and its noun with Markdown **bold**.
Localizable,levelIntro.cardsBullet %lld,ja,plural.other,new,このレベルでは最大 **%lld個の貝がら** を集められるよ。,You can collect up to **%lld shells** in this level.,Third line of the level intro card: the most shells this level can yield. Emphasise the count and its noun with Markdown **bold**.
Localizable,levelIntro.cardsBullet %lld,ka,plural.one,new,ამ დონეზე შეგიძლია შეაგროვო მაქსიმუმ **%lld ნიჟარა**.,You can collect up to **%lld shell** in this level.,Third line of the level intro card: the most shells this level can yield. Emphasise the count and its noun with Markdown **bold**.
Localizable,levelIntro.cardsBullet %lld,ka,plural.other,new,ამ დონეზე შეგიძლია შეაგროვო მაქსიმუმ **%lld ნიჟარა**.,You can collect up to **%lld shells** in this level.,Third line of the level intro card: the most shells this level can yield. Emphasise the count and its noun with Markdown **bold**.
Localizable,levelIntro.cardsBullet %lld,kk,plural.one,new,Бұл деңгейде **%lld бақалшаққа** дейін жинай аласың.,You can collect up to **%lld shell** in this level.,Third line of the level intro card: the most shells this level can yield. Emphasise the count and its noun with Markdown **bold**.
Localizable,levelIntro.cardsBullet %lld,kk,plural.other,new,Бұл деңгейде **%lld бақалшаққа** дейін жинай аласың.,You can collect up to **%lld shells** in this level.,Third line of the level intro card: the most shells this level can yield. Emphasise the count and its noun with Markdown **bold**.
Localizable,levelIntro.cardsBullet %lld,km,plural.one,new,ក្នុងកម្រិតនេះ អ្នកអាចប្រមូលបានរហូតដល់ **សំបកខ្យង %lld**។,You can collect up to **%lld shell** in this level.,Third line of the level intro card: the most shells this level can yield. Emphasise the count and its noun with Markdown **bold**.
Localizable,levelIntro.cardsBullet %lld,km,plural.other,new,ក្នុងកម្រិតនេះ អ្នកអាចប្រមូលបានរហូតដល់ **សំបកខ្យង %lld**។,You can collect up to **%lld shells** in this level.,Third line of the level intro card: the most shells this level can yield. Emphasise the count and its noun with Markdown **bold**.
Localizable,levelIntro.cardsBullet %lld,kn,plural.one,new,ಈ ಹಂತದಲ್ಲಿ ನೀನು ಗರಿಷ್ಠ **%lld ಚಿಪ್ಪು** ಸಂಗ್ರಹಿಸಬಹುದು.,You can collect up to **%lld shell** in this level.,Third line of the level intro card: the most shells this level can yield. Emphasise the count and its noun with Markdown **bold**.
Localizable,levelIntro.cardsBullet %lld,kn,plural.other,new,ಈ ಹಂತದಲ್ಲಿ ನೀನು ಗರಿಷ್ಠ **%lld ಚಿಪ್ಪುಗಳು** ಸಂಗ್ರಹಿಸಬಹುದು.,You can collect up to **%lld shells** in this level.,Third line of the level intro card: the most shells this level can yield. Emphasise the count and its noun with Markdown **bold**.
Localizable,levelIntro.cardsBullet %lld,ko,plural.one,new,이 레벨에서는 최대 **조개껍데기 %lld개**를 모을 수 있어요.,You can collect up to **%lld shell** in this level.,Third line of the level intro card: the most shells this level can yield. Emphasise the count and its noun with Markdown **bold**.
Localizable,levelIntro.cardsBullet %lld,ko,plural.other,new,이 레벨에서는 최대 **조개껍데기 %lld개**를 모을 수 있어요.,You can collect up to **%lld shells** in this level.,Third line of the level intro card: the most shells this level can yield. Emphasise the count and its noun with Markdown **bold**.
Localizable,levelIntro.cardsBullet %lld,lo,plural.one,new,ໃນດ່ານນີ້ ເຈົ້າເກັບໄດ້ສູງສຸດ **ເປືອກຫອຍ %lld**.,You can collect up to **%lld shell** in this level.,Third line of the level intro card: the most shells this level can yield. Emphasise the count and its noun with Markdown **bold**.
Localizable,levelIntro.cardsBullet %lld,lo,plural.other,new,ໃນດ່ານນີ້ ເຈົ້າເກັບໄດ້ສູງສຸດ **ເປືອກຫອຍ %lld**.,You can collect up to **%lld shells** in this level.,Third line of the level intro card: the most shells this level can yield. Emphasise the count and its noun with Markdown **bold**.
Localizable,levelIntro.cardsBullet %lld,lt,plural.one,new,Šiame lygyje gali surinkti iki **%lld kriauklės**.,You can collect up to **%lld shell** in this level.,Third line of the level intro card: the most shells this level can yield. Emphasise the count and its noun with Markdown **bold**.
Localizable,levelIntro.cardsBullet %lld,lt,plural.other,new,Šiame lygyje gali surinkti iki **%lld kriauklių**.,You can collect up to **%lld shells** in this level.,Third line of the level intro card: the most shells this level can yield. Emphasise the count and its noun with Markdown **bold**.
Localizable,levelIntro.cardsBullet %lld,lv,plural.one,new,Šajā līmenī vari savākt līdz **%lld gliemežvākam**.,You can collect up to **%lld shell** in this level.,Third line of the level intro card: the most shells this level can yield. Emphasise the count and its noun with Markdown **bold**.
Localizable,levelIntro.cardsBullet %lld,lv,plural.other,new,Šajā līmenī vari savākt līdz **%lld gliemežvākiem**.,You can collect up to **%lld shells** in this level.,Third line of the level intro card: the most shells this level can yield. Emphasise the count and its noun with Markdown **bold**.
Localizable,levelIntro.cardsBullet %lld,mk,plural.one,new,На ова ниво можеш да собереш до **%lld школка**.,You can collect up to **%lld shell** in this level.,Third line of the level intro card: the most shells this level can yield. Emphasise the count and its noun with Markdown **bold**.
Localizable,levelIntro.cardsBullet %lld,mk,plural.other,new,На ова ниво можеш да собереш до **%lld школки**.,You can collect up to **%lld shells** in this level.,Third line of the level intro card: the most shells this level can yield. Emphasise the count and its noun with Markdown **bold**.
Localizable,levelIntro.cardsBullet %lld,ml,plural.one,new,ഈ ലെവലിൽ പരമാവധി **%lld ചിപ്പി** ശേഖരിക്കാം.,You can collect up to **%lld shell** in this level.,Third line of the level intro card: the most shells this level can yield. Emphasise the count and its noun with Markdown **bold**.
Localizable,levelIntro.cardsBullet %lld,ml,plural.other,new,ഈ ലെവലിൽ പരമാവധി **%lld ചിപ്പികൾ** ശേഖരിക്കാം.,You can collect up to **%lld shells** in this level.,Third line of the level intro card: the most shells this level can yield. Emphasise the count and its noun with Markdown **bold**.
Localizable,levelIntro.cardsBullet %lld,mn,plural.one,new,Энэ түвшинд **%lld хясаа** хүртэл цуглуулж болно.,You can collect up to **%lld shell** in this level.,Third line of the level intro card: the most shells this level can yield. Emphasise the count and its noun with Markdown **bold**.
Localizable,levelIntro.cardsBullet %lld,mn,plural.other,new,Энэ түвшинд **%lld хясаа** хүртэл цуглуулж болно.,You can collect up to **%lld shells** in this level.,Third line of the level intro card: the most shells this level can yield. Emphasise the count and its noun with Markdown **bold**.
Localizable,levelIntro.cardsBullet %lld,mr,plural.one,new,या पातळीत तू जास्तीत जास्त **%lld शिंपला** गोळा करू शकतोस.,You can collect up to **%lld shell** in this level.,Third line of the level intro card: the most shells this level can yield. Emphasise the count and its noun with Markdown **bold**.
Localizable,levelIntro.cardsBullet %lld,mr,plural.other,new,या पातळीत तू जास्तीत जास्त **%lld शिंपले** गोळा करू शकतोस.,You can collect up to **%lld shells** in this level.,Third line of the level intro card: the most shells this level can yield. Emphasise the count and its noun with Markdown **bold**.
Localizable,levelIntro.cardsBullet %lld,ms,plural.one,new,Kamu boleh mengumpul sehingga **%lld cangkerang** dalam aras ini.,You can collect up to **%lld shell** in this level.,Third line of the level intro card: the most shells this level can yield. Emphasise the count and its noun with Markdown **bold**.
Localizable,levelIntro.cardsBullet %lld,ms,plural.other,new,Kamu boleh mengumpul sehingga **%lld cangkerang** dalam aras ini.,You can collect up to **%lld shells** in this level.,Third line of the level intro card: the most shells this level can yield. Emphasise the count and its noun with Markdown **bold**.
Localizable,levelIntro.cardsBullet %lld,my,plural.one,new,ဒီအဆင့်မှာ အများဆုံး **ခရုခွံ %lld ခု** စုဆောင်းနိုင်တယ်။,You can collect up to **%lld shell** in this level.,Third line of the level intro card: the most shells this level can yield. Emphasise the count and its noun with Markdown **bold**.
Localizable,levelIntro.cardsBullet %lld,my,plural.other,new,ဒီအဆင့်မှာ အများဆုံး **ခရုခွံ %lld ခု** စုဆောင်းနိုင်တယ်။,You can collect up to **%lld shells** in this level.,Third line of the level intro card: the most shells this level can yield. Emphasise the count and its noun with Markdown **bold**.
Localizable,levelIntro.cardsBullet %lld,nb,plural.one,new,Du kan samle opptil **%lld skjell** på dette nivået.,You can collect up to **%lld shell** in this level.,Third line of the level intro card: the most shells this level can yield. Emphasise the count and its noun with Markdown **bold**.
Localizable,levelIntro.cardsBullet %lld,nb,plural.other,new,Du kan samle opptil **%lld skjell** på dette nivået.,You can collect up to **%lld shells** in this level.,Third line of the level intro card: the most shells this level can yield. Emphasise the count and its noun with Markdown **bold**.
Localizable,levelIntro.cardsBullet %lld,ne,plural.one,new,यो स्तरमा तिमीले बढीमा **%lld सिपी** सङ्कलन गर्न सक्छौ।,You can collect up to **%lld shell** in this level.,Third line of the level intro card: the most shells this level can yield. Emphasise the count and its noun with Markdown **bold**.
Localizable,levelIntro.cardsBullet %lld,ne,plural.other,new,यो स्तरमा तिमीले बढीमा **%lld सिपीहरू** सङ्कलन गर्न सक्छौ।,You can collect up to **%lld shells** in this level.,Third line of the level intro card: the most shells this level can yield. Emphasise the count and its noun with Markdown **bold**.
Localizable,levelIntro.cardsBullet %lld,or,plural.one,new,ଏହି ଲେଭେଲରେ ତୁମେ ସର୍ବାଧିକ **%lldଟି ଶାମୁକା ଖୋଳ** ସଂଗ୍ରହ କରିପାରିବ।,You can collect up to **%lld shell** in this level.,Third line of the level intro card: the most shells this level can yield. Emphasise the count and its noun with Markdown **bold**.
Localizable,levelIntro.cardsBullet %lld,or,plural.other,new,ଏହି ଲେଭେଲରେ ତୁମେ ସର୍ବାଧିକ **%lldଟି ଶାମୁକା ଖୋଳ** ସଂଗ୍ରହ କରିପାରିବ।,You can collect up to **%lld shells** in this level.,Third line of the level intro card: the most shells this level can yield. Emphasise the count and its noun with Markdown **bold**.
Localizable,levelIntro.cardsBullet %lld,pa,plural.one,new,ਇਸ ਲੈਵਲ ਵਿੱਚ ਤੂੰ ਵੱਧ ਤੋਂ ਵੱਧ **%lld ਸੀਪੀ** ਇਕੱਠੀ ਕਰ ਸਕਦਾ ਹੈਂ।,You can collect up to **%lld shell** in this level.,Third line of the level intro card: the most shells this level can yield. Emphasise the count and its noun with Markdown **bold**.
Localizable,levelIntro.cardsBullet %lld,pa,plural.other,new,ਇਸ ਲੈਵਲ ਵਿੱਚ ਤੂੰ ਵੱਧ ਤੋਂ ਵੱਧ **%lld ਸੀਪੀਆਂ** ਇਕੱਠੀਆਂ ਕਰ ਸਕਦਾ ਹੈਂ।,You can collect up to **%lld shells** in this level.,Third line of the level intro card: the most shells this level can yield. Emphasise the count and its noun with Markdown **bold**.
Localizable,levelIntro.cardsBullet %lld,pl,plural.one,new,Na tym poziomie możesz zebrać do **%lld muszli**.,You can collect up to **%lld shell** in this level.,Third line of the level intro card: the most shells this level can yield. Emphasise the count and its noun with Markdown **bold**.
Localizable,levelIntro.cardsBullet %lld,pl,plural.other,new,Na tym poziomie możesz zebrać do **%lld muszli**.,You can collect up to **%lld shells** in this level.,Third line of the level intro card: the most shells this level can yield. Emphasise the count and its noun with Markdown **bold**.
Localizable,levelIntro.cardsBullet %lld,pt,plural.one,new,Podes apanhar até **%lld concha** neste nível.,You can collect up to **%lld shell** in this level.,Third line of the level intro card: the most shells this level can yield. Emphasise the count and its noun with Markdown **bold**.
Localizable,levelIntro.cardsBullet %lld,pt,plural.other,new,Podes apanhar até **%lld conchas** neste nível.,You can collect up to **%lld shells** in this level.,Third line of the level intro card: the most shells this level can yield. Emphasise the count and its noun with Markdown **bold**.
Localizable,levelIntro.cardsBullet %lld,ro,plural.one,new,Poți aduna până la **%lld scoică** în acest nivel.,You can collect up to **%lld shell** in this level.,Third line of the level intro card: the most shells this level can yield. Emphasise the count and its noun with Markdown **bold**.
Localizable,levelIntro.cardsBullet %lld,ro,plural.other,new,Poți aduna până la **%lld scoici** în acest nivel.,You can collect up to **%lld shells** in this level.,Third line of the level intro card: the most shells this level can yield. Emphasise the count and its noun with Markdown **bold**.
Localizable,levelIntro.cardsBullet %lld,ru,plural.one,new,На этом уровне можно собрать до **%lld ракушки**.,You can collect up to **%lld shell** in this level.,Third line of the level intro card: the most shells this level can yield. Emphasise the count and its noun with Markdown **bold**.
Localizable,levelIntro.cardsBullet %lld,ru,plural.other,new,На этом уровне можно собрать до **%lld ракушек**.,You can collect up to **%lld shells** in this level.,Third line of the level intro card: the most shells this level can yield. Emphasise the count and its noun with Markdown **bold**.
Localizable,levelIntro.cardsBullet %lld,si,plural.one,new,මේ මට්ටමේදී ඔයාට **සිප්පි කටුව %lldක්** දක්වා එකතු කළ හැක.,You can collect up to **%lld shell** in this level.,Third line of the level intro card: the most shells this level can yield. Emphasise the count and its noun with Markdown **bold**.
Localizable,levelIntro.cardsBullet %lld,si,plural.other,new,මේ මට්ටමේදී ඔයාට **සිප්පි කටු %lldක්** දක්වා එකතු කළ හැක.,You can collect up to **%lld shells** in this level.,Third line of the level intro card: the most shells this level can yield. Emphasise the count and its noun with Markdown **bold**.
Localizable,levelIntro.cardsBullet %lld,sk,plural.one,new,V tejto úrovni môžeš nazbierať až **%lld mušľu**.,You can collect up to **%lld shell** in this level.,Third line of the level intro card: the most shells this level can yield. Emphasise the count and its noun with Markdown **bold**.
Localizable,levelIntro.cardsBullet %lld,sk,plural.other,new,V tejto úrovni môžeš nazbierať až **%lld mušlí**.,You can collect up to **%lld shells** in this level.,Third line of the level intro card: the most shells this level can yield. Emphasise the count and its noun with Markdown **bold**.
Localizable,levelIntro.cardsBullet %lld,sl,plural.one,new,Na tej stopnji lahko zbereš do **%lld školjko**.,You can collect up to **%lld shell** in this level.,Third line of the level intro card: the most shells this level can yield. Emphasise the count and its noun with Markdown **bold**.
Localizable,levelIntro.cardsBullet %lld,sl,plural.other,new,Na tej stopnji lahko zbereš do **%lld školjk**.,You can collect up to **%lld shells** in this level.,Third line of the level intro card: the most shells this level can yield. Emphasise the count and its noun with Markdown **bold**.
Localizable,levelIntro.cardsBullet %lld,sq,plural.one,new,Në këtë nivel mund të mbledhësh deri në **%lld guaskë**.,You can collect up to **%lld shell** in this level.,Third line of the level intro card: the most shells this level can yield. Emphasise the count and its noun with Markdown **bold**.
Localizable,levelIntro.cardsBullet %lld,sq,plural.other,new,Në këtë nivel mund të mbledhësh deri në **%lld guaska**.,You can collect up to **%lld shells** in this level.,Third line of the level intro card: the most shells this level can yield. Emphasise the count and its noun with Markdown **bold**.
Localizable,levelIntro.cardsBullet %lld,sr,plural.one,new,На овом нивоу можеш да сакупиш до **%lld шкољку**.,You can collect up to **%lld shell** in this level.,Third line of the level intro card: the most shells this level can yield. Emphasise the count and its noun with Markdown **bold**.
Localizable,levelIntro.cardsBullet %lld,sr,plural.other,new,На овом нивоу можеш да сакупиш до **%lld шкољки**.,You can collect up to **%lld shells** in this level.,Third line of the level intro card: the most shells this level can yield. Emphasise the count and its noun with Markdown **bold**.
Localizable,levelIntro.cardsBullet %lld,sv,plural.one,new,Du kan samla upp till **%lld snäcka** på den här nivån.,You can collect up to **%lld shell** in this level.,Third line of the level intro card: the most shells this level can yield. Emphasise the count and its noun with Markdown **bold**.
Localizable,levelIntro.cardsBullet %lld,sv,plural.other,new,Du kan samla upp till **%lld snäckor** på den här nivån.,You can collect up to **%lld shells** in this level.,Third line of the level intro card: the most shells this level can yield. Emphasise the count and its noun with Markdown **bold**.
Localizable,levelIntro.cardsBullet %lld,sw,plural.one,new,Unaweza kukusanya hadi **gamba %lld** katika kiwango hiki.,You can collect up to **%lld shell** in this level.,Third line of the level intro card: the most shells this level can yield. Emphasise the count and its noun with Markdown **bold**.
Localizable,levelIntro.cardsBullet %lld,sw,plural.other,new,Unaweza kukusanya hadi **magamba %lld** katika kiwango hiki.,You can collect up to **%lld shells** in this level.,Third line of the level intro card: the most shells this level can yield. Emphasise the count and its noun with Markdown **bold**.
Localizable,levelIntro.cardsBullet %lld,ta,plural.one,new,இந்த நிலையில் அதிகபட்சம் **%lld சிப்பி** சேகரிக்கலாம்.,You can collect up to **%lld shell** in this level.,Third line of the level intro card: the most shells this level can yield. Emphasise the count and its noun with Markdown **bold**.
Localizable,levelIntro.cardsBullet %lld,ta,plural.other,new,இந்த நிலையில் அதிகபட்சம் **%lld சிப்பிகள்** சேகரிக்கலாம்.,You can collect up to **%lld shells** in this level.,Third line of the level intro card: the most shells this level can yield. Emphasise the count and its noun with Markdown **bold**.
Localizable,levelIntro.cardsBullet %lld,te,plural.one,new,ఈ లెవెల్‌లో గరిష్ఠంగా **%lld గవ్వ** సేకరించవచ్చు.,You can collect up to **%lld shell** in this level.,Third line of the level intro card: the most shells this level can yield. Emphasise the count and its noun with Markdown **bold**.
Localizable,levelIntro.cardsBullet %lld,te,plural.other,new,ఈ లెవెల్‌లో గరిష్ఠంగా **%lld గవ్వలు** సేకరించవచ్చు.,You can collect up to **%lld shells** in this level.,Third line of the level intro card: the most shells this level can yield. Emphasise the count and its noun with Markdown **bold**.
Localizable,levelIntro.cardsBullet %lld,th,plural.one,new,ด่านนี้เก็บเปลือกหอยได้สูงสุด **%lld ชิ้น**,You can collect up to **%lld shell** in this level.,Third line of the level intro card: the most shells this level can yield. Emphasise the count and its noun with Markdown **bold**.
Localizable,levelIntro.cardsBullet %lld,th,plural.other,new,ด่านนี้เก็บเปลือกหอยได้สูงสุด **%lld ชิ้น**,You can collect up to **%lld shells** in this level.,Third line of the level intro card: the most shells this level can yield. Emphasise the count and its noun with Markdown **bold**.
Localizable,levelIntro.cardsBullet %lld,tr,plural.one,new,Bu seviyede en fazla **%lld deniz kabuğu** toplayabilirsin.,You can collect up to **%lld shell** in this level.,Third line of the level intro card: the most shells this level can yield. Emphasise the count and its noun with Markdown **bold**.
Localizable,levelIntro.cardsBullet %lld,tr,plural.other,new,Bu seviyede en fazla **%lld deniz kabuğu** toplayabilirsin.,You can collect up to **%lld shells** in this level.,Third line of the level intro card: the most shells this level can yield. Emphasise the count and its noun with Markdown **bold**.
Localizable,levelIntro.cardsBullet %lld,ug,plural.one,new,بۇ باسقۇچتا ئەڭ كۆپ **%lld دېڭىز قېپى** يىغالايسىز.,You can collect up to **%lld shell** in this level.,Third line of the level intro card: the most shells this level can yield. Emphasise the count and its noun with Markdown **bold**.
Localizable,levelIntro.cardsBullet %lld,ug,plural.other,new,بۇ باسقۇچتا ئەڭ كۆپ **%lld دېڭىز قېپى** يىغالايسىز.,You can collect up to **%lld shells** in this level.,Third line of the level intro card: the most shells this level can yield. Emphasise the count and its noun with Markdown **bold**.
Localizable,levelIntro.cardsBullet %lld,uk,plural.one,new,На цьому рівні можна зібрати до **%lld мушлі**.,You can collect up to **%lld shell** in this level.,Third line of the level intro card: the most shells this level can yield. Emphasise the count and its noun with Markdown **bold**.
Localizable,levelIntro.cardsBullet %lld,uk,plural.other,new,На цьому рівні можна зібрати до **%lld мушель**.,You can collect up to **%lld shells** in this level.,Third line of the level intro card: the most shells this level can yield. Emphasise the count and its noun with Markdown **bold**.
Localizable,levelIntro.cardsBullet %lld,ur,plural.one,new,اس لیول میں تم زیادہ سے زیادہ **%lld سیپی** جمع کر سکتے ہو۔,You can collect up to **%lld shell** in this level.,Third line of the level intro card: the most shells this level can yield. Emphasise the count and its noun with Markdown **bold**.
Localizable,levelIntro.cardsBullet %lld,ur,plural.other,new,اس لیول میں تم زیادہ سے زیادہ **%lld سیپیاں** جمع کر سکتے ہو۔,You can collect up to **%lld shells** in this level.,Third line of the level intro card: the most shells this level can yield. Emphasise the count and its noun with Markdown **bold**.
Localizable,levelIntro.cardsBullet %lld,uz,plural.one,new,Bu bosqichda **%lld ta chig‘anoq**gacha yig‘ishing mumkin.,You can collect up to **%lld shell** in this level.,Third line of the level intro card: the most shells this level can yield. Emphasise the count and its noun with Markdown **bold**.
Localizable,levelIntro.cardsBullet %lld,uz,plural.other,new,Bu bosqichda **%lld ta chig‘anoq**gacha yig‘ishing mumkin.,You can collect up to **%lld shells** in this level.,Third line of the level intro card: the most shells this level can yield. Emphasise the count and its noun with Markdown **bold**.
Localizable,levelIntro.cardsBullet %lld,vi,plural.one,new,Bạn có thể nhặt tối đa **%lld vỏ sò** trong màn này.,You can collect up to **%lld shell** in this level.,Third line of the level intro card: the most shells this level can yield. Emphasise the count and its noun with Markdown **bold**.
Localizable,levelIntro.cardsBullet %lld,vi,plural.other,new,Bạn có thể nhặt tối đa **%lld vỏ sò** trong màn này.,You can collect up to **%lld shells** in this level.,Third line of the level intro card: the most shells this level can yield. Emphasise the count and its noun with Markdown **bold**.
Localizable,levelIntro.cardsBullet %lld,zh,plural.one,new,这一关最多可以收集 **%lld 个贝壳**。,You can collect up to **%lld shell** in this level.,Third line of the level intro card: the most shells this level can yield. Emphasise the count and its noun with Markdown **bold**.
Localizable,levelIntro.cardsBullet %lld,zh,plural.other,new,这一关最多可以收集 **%lld 个贝壳**。,You can collect up to **%lld shells** in this level.,Third line of the level intro card: the most shells this level can yield. Emphasise the count and its noun with Markdown **bold**.
Localizable,levelIntro.cardsBullet %lld,zu,plural.one,new,Kuleli zinga ungaqoqa kuze kufike **egobolondweni elingu-%lld**.,You can collect up to **%lld shell** in this level.,Third line of the level intro card: the most shells this level can yield. Emphasise the count and its noun with Markdown **bold**.
Localizable,levelIntro.cardsBullet %lld,zu,plural.other,new,Kuleli zinga ungaqoqa kuze kufike **emagobolondweni angu-%lld**.,You can collect up to **%lld shells** in this level.,Third line of the level intro card: the most shells this level can yield. Emphasise the count and its noun with Markdown **bold**.
Localizable,notif.animal.body %@,af,,new,Versamel nog ’n paar skulpe om %@ te ontsluit! 🐼,Collect a few more shells to unlock %@! 🐼,Push notification body when a new animal is nearly earned. The argument is the animal's name.
Localizable,notif.animal.body %@,am,,new,%@ን ለመክፈት ጥቂት ተጨማሪ ዛጎሎችን ሰብስብ! 🐼,Collect a few more shells to unlock %@! 🐼,Push notification body when a new animal is nearly earned. The argument is the animal's name.
Localizable,notif.animal.body %@,ar,,new,اجمع بضعة أصداف أخرى لفتح %@! 🐼,Collect a few more shells to unlock %@! 🐼,Push notification body when a new animal is nearly earned. The argument is the animal's name.
Localizable,notif.animal.body %@,as,,new,%@ খোলিবলৈ আৰু কেইটামান শামুকৰ খোলা সংগ্ৰহ কৰা! 🐼,Collect a few more shells to unlock %@! 🐼,Push notification body when a new animal is nearly earned. The argument is the animal's name.
Localizable,notif.animal.body %@,az,,new,%@ kilidini açmaq üçün bir neçə dəniz qabığı da topla! 🐼,Collect a few more shells to unlock %@! 🐼,Push notification body when a new animal is nearly earned. The argument is the animal's name.
Localizable,notif.animal.body %@,be,,new,"Збяры яшчэ некалькі ракавінак, каб адкрыць %@! 🐼",Collect a few more shells to unlock %@! 🐼,Push notification body when a new animal is nearly earned. The argument is the animal's name.
Localizable,notif.animal.body %@,bg,,new,"Събери още няколко миди, за да отключиш %@! 🐼",Collect a few more shells to unlock %@! 🐼,Push notification body when a new animal is nearly earned. The argument is the animal's name.
Localizable,notif.animal.body %@,bn,,new,%@ আনলক করতে আরও কয়েকটি ঝিনুক সংগ্রহ করো! 🐼,Collect a few more shells to unlock %@! 🐼,Push notification body when a new animal is nearly earned. The argument is the animal's name.
Localizable,notif.animal.body %@,bo,,new,%@ ཁ་ཕྱེ་བར་ཉ་ཕྱིས་ཁ་ཤས་ད་དུང་བསྡུས་དང་། 🐼,Collect a few more shells to unlock %@! 🐼,Push notification body when a new animal is nearly earned. The argument is the animal's name.
Localizable,notif.animal.body %@,bs,,new,Prikupi još nekoliko školjki da otključaš %@! 🐼,Collect a few more shells to unlock %@! 🐼,Push notification body when a new animal is nearly earned. The argument is the animal's name.
Localizable,notif.animal.body %@,ca,,new,Recull unes quantes petxines més per desbloquejar %@! 🐼,Collect a few more shells to unlock %@! 🐼,Push notification body when a new animal is nearly earned. The argument is the animal's name.
Localizable,notif.animal.body %@,cs,,new,Seber ještě pár mušlí a odemkni %@! 🐼,Collect a few more shells to unlock %@! 🐼,Push notification body when a new animal is nearly earned. The argument is the animal's name.
Localizable,notif.animal.body %@,cy,,new,Casgla ychydig mwy o gregyn i ddatgloi %@! 🐼,Collect a few more shells to unlock %@! 🐼,Push notification body when a new animal is nearly earned. The argument is the animal's name.
Localizable,notif.animal.body %@,da,,new,Saml et par muslinger mere for at låse %@ op! 🐼,Collect a few more shells to unlock %@! 🐼,Push notification body when a new animal is nearly earned. The argument is the animal's name.
Localizable,notif.animal.body %@,de,,new,"Sammle noch ein paar Muscheln, um %@ freizuschalten! 🐼",Collect a few more shells to unlock %@! 🐼,Push notification body when a new animal is nearly earned. The argument is the animal's name.
Localizable,notif.animal.body %@,el,,new,Μάζεψε λίγα ακόμα κοχύλια για να ξεκλειδώσεις τον %@! 🐼,Collect a few more shells to unlock %@! 🐼,Push notification body when a new animal is nearly earned. The argument is the animal's name.
Localizable,notif.animal.body %@,es,,new,¡Recoge unas cuantas conchas más para desbloquear a %@! 🐼,Collect a few more shells to unlock %@! 🐼,Push notification body when a new animal is nearly earned. The argument is the animal's name.
Localizable,notif.animal.body %@,et,,new,"Kogu veel paar merekarpi, et avada %@! 🐼",Collect a few more shells to unlock %@! 🐼,Push notification body when a new animal is nearly earned. The argument is the animal's name.
Localizable,notif.animal.body %@,eu,,new,Bildu maskor batzuk gehiago %@ desblokeatzeko! 🐼,Collect a few more shells to unlock %@! 🐼,Push notification body when a new animal is nearly earned. The argument is the animal's name.
Localizable,notif.animal.body %@,fa,,new,چند صدف دیگر جمع کن تا %@ باز شود! 🐼,Collect a few more shells to unlock %@! 🐼,Push notification body when a new animal is nearly earned. The argument is the animal's name.
Localizable,notif.animal.body %@,fi,,new,"Kerää vielä muutama simpukka, niin %@ avautuu! 🐼",Collect a few more shells to unlock %@! 🐼,Push notification body when a new animal is nearly earned. The argument is the animal's name.
Localizable,notif.animal.body %@,fo,,new,Savna nøkur skel afturat fyri at lata %@ upp! 🐼,Collect a few more shells to unlock %@! 🐼,Push notification body when a new animal is nearly earned. The argument is the animal's name.
Localizable,notif.animal.body %@,fr,,new,Ramasse encore quelques coquillages pour débloquer %@ ! 🐼,Collect a few more shells to unlock %@! 🐼,Push notification body when a new animal is nearly earned. The argument is the animal's name.
Localizable,notif.animal.body %@,ga,,new,Bailigh cúpla blaosc eile chun %@ a dhíghlasáil! 🐼,Collect a few more shells to unlock %@! 🐼,Push notification body when a new animal is nearly earned. The argument is the animal's name.
Localizable,notif.animal.body %@,gl,,new,Recolle unhas cantas cunchas máis para desbloquear %@! 🐼,Collect a few more shells to unlock %@! 🐼,Push notification body when a new animal is nearly earned. The argument is the animal's name.
Localizable,notif.animal.body %@,gu,,new,%@ ને અનલૉક કરવા માટે થોડી વધુ છીપો ભેગી કરો! 🐼,Collect a few more shells to unlock %@! 🐼,Push notification body when a new animal is nearly earned. The argument is the animal's name.
Localizable,notif.animal.body %@,he,,new,אספו עוד כמה צדפות כדי לפתוח את %@! 🐼,Collect a few more shells to unlock %@! 🐼,Push notification body when a new animal is nearly earned. The argument is the animal's name.
Localizable,notif.animal.body %@,hi,,new,%@ को अनलॉक करने के लिए कुछ और सीपियाँ इकट्ठी करो! 🐼,Collect a few more shells to unlock %@! 🐼,Push notification body when a new animal is nearly earned. The argument is the animal's name.
Localizable,notif.animal.body %@,hr,,new,Prikupi još nekoliko školjki kako bi otključao/la %@! 🐼,Collect a few more shells to unlock %@! 🐼,Push notification body when a new animal is nearly earned. The argument is the animal's name.
Localizable,notif.animal.body %@,hu,,new,Gyűjts még néhány kagylót %@ feloldásához! 🐼,Collect a few more shells to unlock %@! 🐼,Push notification body when a new animal is nearly earned. The argument is the animal's name.
Localizable,notif.animal.body %@,hy,,new,Հավաքիր ևս մի քանի խեցի՝ %@-ին բացելու համար։ 🐼,Collect a few more shells to unlock %@! 🐼,Push notification body when a new animal is nearly earned. The argument is the animal's name.
Localizable,notif.animal.body %@,id,,new,Kumpulkan beberapa kerang lagi untuk membuka %@! 🐼,Collect a few more shells to unlock %@! 🐼,Push notification body when a new animal is nearly earned. The argument is the animal's name.
Localizable,notif.animal.body %@,is,,new,Safnaðu nokkrum skeljum í viðbót til að opna %@! 🐼,Collect a few more shells to unlock %@! 🐼,Push notification body when a new animal is nearly earned. The argument is the animal's name.
Localizable,notif.animal.body %@,it,,new,Raccogli ancora qualche conchiglia per sbloccare %@! 🐼,Collect a few more shells to unlock %@! 🐼,Push notification body when a new animal is nearly earned. The argument is the animal's name.
Localizable,notif.animal.body %@,ja,,new,あと少し貝がらを集めると%@をアンロックできるよ！ 🐼,Collect a few more shells to unlock %@! 🐼,Push notification body when a new animal is nearly earned. The argument is the animal's name.
Localizable,notif.animal.body %@,ka,,new,"შეაგროვე კიდევ რამდენიმე ნიჟარა, რომ გახსნა %@! 🐼",Collect a few more shells to unlock %@! 🐼,Push notification body when a new animal is nearly earned. The argument is the animal's name.
Localizable,notif.animal.body %@,kk,,new,%@ құлпын ашу үшін тағы бірнеше бақалшақ жина! 🐼,Collect a few more shells to unlock %@! 🐼,Push notification body when a new animal is nearly earned. The argument is the animal's name.
Localizable,notif.animal.body %@,km,,new,ប្រមូលសំបកខ្យងបន្ថែមបន្តិចទៀត ដើម្បីដោះសោ %@! 🐼,Collect a few more shells to unlock %@! 🐼,Push notification body when a new animal is nearly earned. The argument is the animal's name.
Localizable,notif.animal.body %@,kn,,new,%@ ಅನ್ನು ತೆರೆಯಲು ಇನ್ನೂ ಕೆಲವು ಚಿಪ್ಪುಗಳನ್ನು ಸಂಗ್ರಹಿಸು! 🐼,Collect a few more shells to unlock %@! 🐼,Push notification body when a new animal is nearly earned. The argument is the animal's name.
Localizable,notif.animal.body %@,ko,,new,조개껍데기를 조금만 더 모으면 %@의 잠금을 해제할 수 있어요! 🐼,Collect a few more shells to unlock %@! 🐼,Push notification body when a new animal is nearly earned. The argument is the animal's name.
Localizable,notif.animal.body %@,lo,,new,ເກັບເປືອກຫອຍເພີ່ມອີກໜ້ອຍ ເພື່ອປົດລັອກ %@! 🐼,Collect a few more shells to unlock %@! 🐼,Push notification body when a new animal is nearly earned. The argument is the animal's name.
Localizable,notif.animal.body %@,lt,,new,"Surink dar kelias kriaukles, kad atrakintum %@! 🐼",Collect a few more shells to unlock %@! 🐼,Push notification body when a new animal is nearly earned. The argument is the animal's name.
Localizable,notif.animal.body %@,lv,,new,"Savāc vēl dažus gliemežvākus, lai atbloķētu %@! 🐼",Collect a few more shells to unlock %@! 🐼,Push notification body when a new animal is nearly earned. The argument is the animal's name.
Localizable,notif.animal.body %@,mk,,new,Собери уште неколку школки за да го отклучиш %@! 🐼,Collect a few more shells to unlock %@! 🐼,Push notification body when a new animal is nearly earned. The argument is the animal's name.
Localizable,notif.animal.body %@,ml,,new,%@ അൺലോക്ക് ചെയ്യാൻ കുറച്ച് ചിപ്പികൾ കൂടി ശേഖരിക്കൂ! 🐼,Collect a few more shells to unlock %@! 🐼,Push notification body when a new animal is nearly earned. The argument is the animal's name.
Localizable,notif.animal.body %@,mn,,new,%@-г нээхийн тулд дахиад хэдэн хясаа цуглуулаарай! 🐼,Collect a few more shells to unlock %@! 🐼,Push notification body when a new animal is nearly earned. The argument is the animal's name.
Localizable,notif.animal.body %@,mr,,new,%@ अनलॉक करण्यासाठी अजून काही शिंपले गोळा कर! 🐼,Collect a few more shells to unlock %@! 🐼,Push notification body when a new animal is nearly earned. The argument is the animal's name.
Localizable,notif.animal.body %@,ms,,new,Kumpul beberapa cangkerang lagi untuk membuka %@! 🐼,Collect a few more shells to unlock %@! 🐼,Push notification body when a new animal is nearly earned. The argument is the animal's name.
Localizable,notif.animal.body %@,my,,new,%@ ကို လော့ခ်ဖွင့်ဖို့ ခရုခွံ နည်းနည်း ထပ်စုဆောင်းလိုက်ပါ! 🐼,Collect a few more shells to unlock %@! 🐼,Push notification body when a new animal is nearly earned. The argument is the animal's name.
Localizable,notif.animal.body %@,nb,,new,Samle noen flere skjell for å låse opp %@! 🐼,Collect a few more shells to unlock %@! 🐼,Push notification body when a new animal is nearly earned. The argument is the animal's name.
Localizable,notif.animal.body %@,ne,,new,%@ खोल्न अझै केही सिपीहरू सङ्कलन गर! 🐼,Collect a few more shells to unlock %@! 🐼,Push notification body when a new animal is nearly earned. The argument is the animal's name.
Localizable,notif.animal.body %@,or,,new,%@ ଖୋଲିବାକୁ ଆଉ କିଛି ଶାମୁକା ଖୋଳ ସଂଗ୍ରହ କର! 🐼,Collect a few more shells to unlock %@! 🐼,Push notification body when a new animal is nearly earned. The argument is the animal's name.
Localizable,notif.animal.body %@,pa,,new,%@ ਨੂੰ ਅਨਲੌਕ ਕਰਨ ਲਈ ਕੁਝ ਹੋਰ ਸੀਪੀਆਂ ਇਕੱਠੀਆਂ ਕਰ! 🐼,Collect a few more shells to unlock %@! 🐼,Push notification body when a new animal is nearly earned. The argument is the animal's name.
Localizable,notif.animal.body %@,pl,,new,"Zbierz jeszcze kilka muszli, aby odblokować %@! 🐼",Collect a few more shells to unlock %@! 🐼,Push notification body when a new animal is nearly earned. The argument is the animal's name.
Localizable,notif.animal.body %@,pt,,new,Apanha mais algumas conchas para desbloquear %@! 🐼,Collect a few more shells to unlock %@! 🐼,Push notification body when a new animal is nearly earned. The argument is the animal's name.
Localizable,notif.animal.body %@,ro,,new,Mai adună câteva scoici pentru a-l debloca pe %@! 🐼,Collect a few more shells to unlock %@! 🐼,Push notification body when a new animal is nearly earned. The argument is the animal's name.
Localizable,notif.animal.body %@,ru,,new,"Собери ещё несколько ракушек, чтобы открыть %@! 🐼",Collect a few more shells to unlock %@! 🐼,Push notification body when a new animal is nearly earned. The argument is the animal's name.
Localizable,notif.animal.body %@,si,,new,%@ අගුළු හැරීමට තවත් සිප්පි කටු ටිකක් එකතු කරන්න! 🐼,Collect a few more shells to unlock %@! 🐼,Push notification body when a new animal is nearly earned. The argument is the animal's name.
Localizable,notif.animal.body %@,sk,,new,Nazbieraj ešte pár mušlí a odomkni %@! 🐼,Collect a few more shells to unlock %@! 🐼,Push notification body when a new animal is nearly earned. The argument is the animal's name.
Localizable,notif.animal.body %@,sl,,new,"Zberi še nekaj školjk, da odkleneš %@! 🐼",Collect a few more shells to unlock %@! 🐼,Push notification body when a new animal is nearly earned. The argument is the animal's name.
Localizable,notif.animal.body %@,sq,,new,Mblidh edhe disa guaska për të zhbllokuar %@! 🐼,Collect a few more shells to unlock %@! 🐼,Push notification body when a new animal is nearly earned. The argument is the animal's name.
Localizable,notif.animal.body %@,sr,,new,Сакупи још неколико шкољки да откључаш %@! 🐼,Collect a few more shells to unlock %@! 🐼,Push notification body when a new animal is nearly earned. The argument is the animal's name.
Localizable,notif.animal.body %@,sv,,new,Samla några snäckor till för att låsa upp %@! 🐼,Collect a few more shells to unlock %@! 🐼,Push notification body when a new animal is nearly earned. The argument is the animal's name.
Localizable,notif.animal.body %@,sw,,new,Kusanya magamba machache zaidi ili kufungua %@! 🐼,Collect a few more shells to unlock %@! 🐼,Push notification body when a new animal is nearly earned. The argument is the animal's name.
Localizable,notif.animal.body %@,ta,,new,%@-ஐ திறக்க இன்னும் சில சிப்பிகளை சேகரி! 🐼,Collect a few more shells to unlock %@! 🐼,Push notification body when a new animal is nearly earned. The argument is the animal's name.
Localizable,notif.animal.body %@,te,,new,%@ ను అన్‌లాక్ చేయడానికి ఇంకొన్ని గవ్వలు సేకరించు! 🐼,Collect a few more shells to unlock %@! 🐼,Push notification body when a new animal is nearly earned. The argument is the animal's name.
Localizable,notif.animal.body %@,th,,new,เก็บเปลือกหอยเพิ่มอีกนิดเพื่อปลดล็อก %@! 🐼,Collect a few more shells to unlock %@! 🐼,Push notification body when a new animal is nearly earned. The argument is the animal's name.
Localizable,notif.animal.body %@,tr,,new,%@ kilidini açmak için birkaç deniz kabuğu daha topla! 🐼,Collect a few more shells to unlock %@! 🐼,Push notification body when a new animal is nearly earned. The argument is the animal's name.
Localizable,notif.animal.body %@,ug,,new,%@ نى ئېچىش ئۈچۈن يەنە بىر نەچچە دېڭىز قېپى يىغىڭ! 🐼,Collect a few more shells to unlock %@! 🐼,Push notification body when a new animal is nearly earned. The argument is the animal's name.
Localizable,notif.animal.body %@,uk,,new,"Збери ще кілька мушель, щоб відкрити %@! 🐼",Collect a few more shells to unlock %@! 🐼,Push notification body when a new animal is nearly earned. The argument is the animal's name.
Localizable,notif.animal.body %@,ur,,new,%@ کو کھولنے کے لیے کچھ اور سیپیاں جمع کرو! 🐼,Collect a few more shells to unlock %@! 🐼,Push notification body when a new animal is nearly earned. The argument is the animal's name.
Localizable,notif.animal.body %@,uz,,new,%@ ni ochish uchun yana bir nechta chig‘anoq yig‘! 🐼,Collect a few more shells to unlock %@! 🐼,Push notification body when a new animal is nearly earned. The argument is the animal's name.
Localizable,notif.animal.body %@,vi,,new,Nhặt thêm vài vỏ sò để mở khóa %@ nhé! 🐼,Collect a few more shells to unlock %@! 🐼,Push notification body when a new animal is nearly earned. The argument is the animal's name.
Localizable,notif.animal.body %@,zh,,new,再收集几个贝壳就能解锁 %@！🐼,Collect a few more shells to unlock %@! 🐼,Push notification body when a new animal is nearly earned. The argument is the animal's name.
Localizable,notif.animal.body %@,zu,,new,Qoqa amanye amagobolondo ambalwa ukuze uvule u-%@! 🐼,Collect a few more shells to unlock %@! 🐼,Push notification body when a new animal is nearly earned. The argument is the animal's name.
Localizable,notif.animal.title %lld,af,plural.one,new,Nog net %lld skulp! 🐚,Only %lld shell to go! 🐚,Push notification title when a new animal is nearly earned. The argument is the shells still needed.
Localizable,notif.animal.title %lld,af,plural.other,new,Nog net %lld skulpe! 🐚,Only %lld shells to go! 🐚,Push notification title when a new animal is nearly earned. The argument is the shells still needed.
Localizable,notif.animal.title %lld,am,plural.one,new,%lld ዛጎል ብቻ ቀረ! 🐚,Only %lld shell to go! 🐚,Push notification title when a new animal is nearly earned. The argument is the shells still needed.
Localizable,notif.animal.title %lld,am,plural.other,new,%lld ዛጎሎች ብቻ ቀሩ! 🐚,Only %lld shells to go! 🐚,Push notification title when a new animal is nearly earned. The argument is the shells still needed.
Localizable,notif.animal.title %lld,ar,plural.one,new,بقيت %lld صدفة فقط! 🐚,Only %lld shell to go! 🐚,Push notification title when a new animal is nearly earned. The argument is the shells still needed.
Localizable,notif.animal.title %lld,ar,plural.other,new,بقي %lld أصداف فقط! 🐚,Only %lld shells to go! 🐚,Push notification title when a new animal is nearly earned. The argument is the shells still needed.
Localizable,notif.animal.title %lld,as,plural.one,new,আৰু মাত্ৰ %lldটা শামুকৰ খোলা! 🐚,Only %lld shell to go! 🐚,Push notification title when a new animal is nearly earned. The argument is the shells still needed.
Localizable,notif.animal.title %lld,as,plural.other,new,আৰু মাত্ৰ %lldটা শামুকৰ খোলা! 🐚,Only %lld shells to go! 🐚,Push notification title when a new animal is nearly earned. The argument is the shells still needed.
Localizable,notif.animal.title %lld,az,plural.one,new,Cəmi %lld dəniz qabığı qalıb! 🐚,Only %lld shell to go! 🐚,Push notification title when a new animal is nearly earned. The argument is the shells still needed.
Localizable,notif.animal.title %lld,az,plural.other,new,Cəmi %lld dəniz qabığı qalıb! 🐚,Only %lld shells to go! 🐚,Push notification title when a new animal is nearly earned. The argument is the shells still needed.
Localizable,notif.animal.title %lld,be,plural.one,new,Засталася толькі %lld ракавінка! 🐚,Only %lld shell to go! 🐚,Push notification title when a new animal is nearly earned. The argument is the shells still needed.
Localizable,notif.animal.title %lld,be,plural.other,new,Засталося толькі %lld ракавінак! 🐚,Only %lld shells to go! 🐚,Push notification title when a new animal is nearly earned. The argument is the shells still needed.
Localizable,notif.animal.title %lld,bg,plural.one,new,Остава само %lld мида! 🐚,Only %lld shell to go! 🐚,Push notification title when a new animal is nearly earned. The argument is the shells still needed.
Localizable,notif.animal.title %lld,bg,plural.other,new,Остават само %lld миди! 🐚,Only %lld shells to go! 🐚,Push notification title when a new animal is nearly earned. The argument is the shells still needed.
Localizable,notif.animal.title %lld,bn,plural.one,new,আর মাত্র %lldটি ঝিনুক! 🐚,Only %lld shell to go! 🐚,Push notification title when a new animal is nearly earned. The argument is the shells still needed.
Localizable,notif.animal.title %lld,bn,plural.other,new,আর মাত্র %lldটি ঝিনুক! 🐚,Only %lld shells to go! 🐚,Push notification title when a new animal is nearly earned. The argument is the shells still needed.
Localizable,notif.animal.title %lld,bo,plural.one,new,ད་དུང་ཉ་ཕྱིས་ %lld ཙམ་ལས་མེད། 🐚,Only %lld shell to go! 🐚,Push notification title when a new animal is nearly earned. The argument is the shells still needed.
Localizable,notif.animal.title %lld,bo,plural.other,new,ད་དུང་ཉ་ཕྱིས་ %lld ཙམ་ལས་མེད། 🐚,Only %lld shells to go! 🐚,Push notification title when a new animal is nearly earned. The argument is the shells still needed.
Localizable,notif.animal.title %lld,bs,plural.one,new,Još samo %lld školjka! 🐚,Only %lld shell to go! 🐚,Push notification title when a new animal is nearly earned. The argument is the shells still needed.
Localizable,notif.animal.title %lld,bs,plural.other,new,Još samo %lld školjki! 🐚,Only %lld shells to go! 🐚,Push notification title when a new animal is nearly earned. The argument is the shells still needed.
Localizable,notif.animal.title %lld,ca,plural.one,new,Només falta %lld petxina! 🐚,Only %lld shell to go! 🐚,Push notification title when a new animal is nearly earned. The argument is the shells still needed.
Localizable,notif.animal.title %lld,ca,plural.other,new,Només falten %lld petxines! 🐚,Only %lld shells to go! 🐚,Push notification title when a new animal is nearly earned. The argument is the shells still needed.
Localizable,notif.animal.title %lld,cs,plural.one,new,Zbývá jen %lld mušle! 🐚,Only %lld shell to go! 🐚,Push notification title when a new animal is nearly earned. The argument is the shells still needed.
Localizable,notif.animal.title %lld,cs,plural.other,new,Zbývá jen %lld mušlí! 🐚,Only %lld shells to go! 🐚,Push notification title when a new animal is nearly earned. The argument is the shells still needed.
Localizable,notif.animal.title %lld,cy,plural.one,new,Dim ond %lld gragen ar ôl! 🐚,Only %lld shell to go! 🐚,Push notification title when a new animal is nearly earned. The argument is the shells still needed.
Localizable,notif.animal.title %lld,cy,plural.other,new,Dim ond %lld cregyn ar ôl! 🐚,Only %lld shells to go! 🐚,Push notification title when a new animal is nearly earned. The argument is the shells still needed.
Localizable,notif.animal.title %lld,da,plural.one,new,Kun %lld musling tilbage! 🐚,Only %lld shell to go! 🐚,Push notification title when a new animal is nearly earned. The argument is the shells still needed.
Localizable,notif.animal.title %lld,da,plural.other,new,Kun %lld muslinger tilbage! 🐚,Only %lld shells to go! 🐚,Push notification title when a new animal is nearly earned. The argument is the shells still needed.
Localizable,notif.animal.title %lld,de,plural.one,new,Nur noch %lld Muschel! 🐚,Only %lld shell to go! 🐚,Push notification title when a new animal is nearly earned. The argument is the shells still needed.
Localizable,notif.animal.title %lld,de,plural.other,new,Nur noch %lld Muscheln! 🐚,Only %lld shells to go! 🐚,Push notification title when a new animal is nearly earned. The argument is the shells still needed.
Localizable,notif.animal.title %lld,el,plural.one,new,Μένει μόνο %lld κοχύλι! 🐚,Only %lld shell to go! 🐚,Push notification title when a new animal is nearly earned. The argument is the shells still needed.
Localizable,notif.animal.title %lld,el,plural.other,new,Μένουν μόνο %lld κοχύλια! 🐚,Only %lld shells to go! 🐚,Push notification title when a new animal is nearly earned. The argument is the shells still needed.
Localizable,notif.animal.title %lld,es,plural.one,new,¡Solo falta %lld concha! 🐚,Only %lld shell to go! 🐚,Push notification title when a new animal is nearly earned. The argument is the shells still needed.
Localizable,notif.animal.title %lld,es,plural.other,new,¡Solo faltan %lld conchas! 🐚,Only %lld shells to go! 🐚,Push notification title when a new animal is nearly earned. The argument is the shells still needed.
Localizable,notif.animal.title %lld,et,plural.one,new,Ainult %lld merekarp veel! 🐚,Only %lld shell to go! 🐚,Push notification title when a new animal is nearly earned. The argument is the shells still needed.
Localizable,notif.animal.title %lld,et,plural.other,new,Ainult %lld merekarpi veel! 🐚,Only %lld shells to go! 🐚,Push notification title when a new animal is nearly earned. The argument is the shells still needed.
Localizable,notif.animal.title %lld,eu,plural.one,new,Maskor %lld besterik ez falta! 🐚,Only %lld shell to go! 🐚,Push notification title when a new animal is nearly earned. The argument is the shells still needed.
Localizable,notif.animal.title %lld,eu,plural.other,new,%lld maskor besterik ez falta! 🐚,Only %lld shells to go! 🐚,Push notification title when a new animal is nearly earned. The argument is the shells still needed.
Localizable,notif.animal.title %lld,fa,plural.one,new,فقط %lld صدف دیگر مانده! 🐚,Only %lld shell to go! 🐚,Push notification title when a new animal is nearly earned. The argument is the shells still needed.
Localizable,notif.animal.title %lld,fa,plural.other,new,فقط %lld صدف دیگر مانده! 🐚,Only %lld shells to go! 🐚,Push notification title when a new animal is nearly earned. The argument is the shells still needed.
Localizable,notif.animal.title %lld,fi,plural.one,new,Vain %lld simpukka jäljellä! 🐚,Only %lld shell to go! 🐚,Push notification title when a new animal is nearly earned. The argument is the shells still needed.
Localizable,notif.animal.title %lld,fi,plural.other,new,Vain %lld simpukkaa jäljellä! 🐚,Only %lld shells to go! 🐚,Push notification title when a new animal is nearly earned. The argument is the shells still needed.
Localizable,notif.animal.title %lld,fo,plural.one,new,Bara %lld skel eftir! 🐚,Only %lld shell to go! 🐚,Push notification title when a new animal is nearly earned. The argument is the shells still needed.
Localizable,notif.animal.title %lld,fo,plural.other,new,Bara %lld skel eftir! 🐚,Only %lld shells to go! 🐚,Push notification title when a new animal is nearly earned. The argument is the shells still needed.
Localizable,notif.animal.title %lld,fr,plural.one,new,Plus que %lld coquillage ! 🐚,Only %lld shell to go! 🐚,Push notification title when a new animal is nearly earned. The argument is the shells still needed.
Localizable,notif.animal.title %lld,fr,plural.other,new,Plus que %lld coquillages ! 🐚,Only %lld shells to go! 🐚,Push notification title when a new animal is nearly earned. The argument is the shells still needed.
Localizable,notif.animal.title %lld,ga,plural.one,new,Níl ach %lld bhlaosc fágtha! 🐚,Only %lld shell to go! 🐚,Push notification title when a new animal is nearly earned. The argument is the shells still needed.
Localizable,notif.animal.title %lld,ga,plural.other,new,Níl ach %lld blaosc fágtha! 🐚,Only %lld shells to go! 🐚,Push notification title when a new animal is nearly earned. The argument is the shells still needed.
Localizable,notif.animal.title %lld,gl,plural.one,new,Só falta %lld cuncha! 🐚,Only %lld shell to go! 🐚,Push notification title when a new animal is nearly earned. The argument is the shells still needed.
Localizable,notif.animal.title %lld,gl,plural.other,new,Só faltan %lld cunchas! 🐚,Only %lld shells to go! 🐚,Push notification title when a new animal is nearly earned. The argument is the shells still needed.
Localizable,notif.animal.title %lld,gu,plural.one,new,માત્ર %lld છીપ બાકી! 🐚,Only %lld shell to go! 🐚,Push notification title when a new animal is nearly earned. The argument is the shells still needed.
Localizable,notif.animal.title %lld,gu,plural.other,new,માત્ર %lld છીપો બાકી! 🐚,Only %lld shells to go! 🐚,Push notification title when a new animal is nearly earned. The argument is the shells still needed.
Localizable,notif.animal.title %lld,he,plural.one,new,נשארה רק %lld צדפה! 🐚,Only %lld shell to go! 🐚,Push notification title when a new animal is nearly earned. The argument is the shells still needed.
Localizable,notif.animal.title %lld,he,plural.other,new,נשארו רק %lld צדפות! 🐚,Only %lld shells to go! 🐚,Push notification title when a new animal is nearly earned. The argument is the shells still needed.
Localizable,notif.animal.title %lld,hi,plural.one,new,बस %lld सीपी और! 🐚,Only %lld shell to go! 🐚,Push notification title when a new animal is nearly earned. The argument is the shells still needed.
Localizable,notif.animal.title %lld,hi,plural.other,new,बस %lld सीपियाँ और! 🐚,Only %lld shells to go! 🐚,Push notification title when a new animal is nearly earned. The argument is the shells still needed.
Localizable,notif.animal.title %lld,hr,plural.one,new,Još samo %lld školjka! 🐚,Only %lld shell to go! 🐚,Push notification title when a new animal is nearly earned. The argument is the shells still needed.
Localizable,notif.animal.title %lld,hr,plural.other,new,Još samo %lld školjki! 🐚,Only %lld shells to go! 🐚,Push notification title when a new animal is nearly earned. The argument is the shells still needed.
Localizable,notif.animal.title %lld,hu,plural.one,new,Már csak %lld kagyló! 🐚,Only %lld shell to go! 🐚,Push notification title when a new animal is nearly earned. The argument is the shells still needed.
Localizable,notif.animal.title %lld,hu,plural.other,new,Már csak %lld kagyló! 🐚,Only %lld shells to go! 🐚,Push notification title when a new animal is nearly earned. The argument is the shells still needed.
Localizable,notif.animal.title %lld,hy,plural.one,new,Մնացել է ընդամենը %lld խեցի։ 🐚,Only %lld shell to go! 🐚,Push notification title when a new animal is nearly earned. The argument is the shells still needed.
Localizable,notif.animal.title %lld,hy,plural.other,new,Մնացել է ընդամենը %lld խեցի։ 🐚,Only %lld shells to go! 🐚,Push notification title when a new animal is nearly earned. The argument is the shells still needed.
Localizable,notif.animal.title %lld,id,plural.one,new,Tinggal %lld kerang lagi! 🐚,Only %lld shell to go! 🐚,Push notification title when a new animal is nearly earned. The argument is the shells still needed.
Localizable,notif.animal.title %lld,id,plural.other,new,Tinggal %lld kerang lagi! 🐚,Only %lld shells to go! 🐚,Push notification title when a new animal is nearly earned. The argument is the shells still needed.
Localizable,notif.animal.title %lld,is,plural.one,new,Aðeins %lld skel eftir! 🐚,Only %lld shell to go! 🐚,Push notification title when a new animal is nearly earned. The argument is the shells still needed.
Localizable,notif.animal.title %lld,is,plural.other,new,Aðeins %lld skeljar eftir! 🐚,Only %lld shells to go! 🐚,Push notification title when a new animal is nearly earned. The argument is the shells still needed.
Localizable,notif.animal.title %lld,it,plural.one,new,Manca solo %lld conchiglia! 🐚,Only %lld shell to go! 🐚,Push notification title when a new animal is nearly earned. The argument is the shells still needed.
Localizable,notif.animal.title %lld,it,plural.other,new,Mancano solo %lld conchiglie! 🐚,Only %lld shells to go! 🐚,Push notification title when a new animal is nearly earned. The argument is the shells still needed.
Localizable,notif.animal.title %lld,ja,plural.one,new,あと貝がら%lld個！ 🐚,Only %lld shell to go! 🐚,Push notification title when a new animal is nearly earned. The argument is the shells still needed.
Localizable,notif.animal.title %lld,ja,plural.other,new,あと貝がら%lld個！ 🐚,Only %lld shells to go! 🐚,Push notification title when a new animal is nearly earned. The argument is the shells still needed.
Localizable,notif.animal.title %lld,ka,plural.one,new,დარჩა მხოლოდ %lld ნიჟარა! 🐚,Only %lld shell to go! 🐚,Push notification title when a new animal is nearly earned. The argument is the shells still needed.
Localizable,notif.animal.title %lld,ka,plural.other,new,დარჩა მხოლოდ %lld ნიჟარა! 🐚,Only %lld shells to go! 🐚,Push notification title when a new animal is nearly earned. The argument is the shells still needed.
Localizable,notif.animal.title %lld,kk,plural.one,new,Тек %lld бақалшақ қалды! 🐚,Only %lld shell to go! 🐚,Push notification title when a new animal is nearly earned. The argument is the shells still needed.
Localizable,notif.animal.title %lld,kk,plural.other,new,Тек %lld бақалшақ қалды! 🐚,Only %lld shells to go! 🐚,Push notification title when a new animal is nearly earned. The argument is the shells still needed.
Localizable,notif.animal.title %lld,km,plural.one,new,នៅសល់តែសំបកខ្យង %lld ទៀត! 🐚,Only %lld shell to go! 🐚,Push notification title when a new animal is nearly earned. The argument is the shells still needed.
Localizable,notif.animal.title %lld,km,plural.other,new,នៅសល់តែសំបកខ្យង %lld ទៀត! 🐚,Only %lld shells to go! 🐚,Push notification title when a new animal is nearly earned. The argument is the shells still needed.
Localizable,notif.animal.title %lld,kn,plural.one,new,ಇನ್ನೂ %lld ಚಿಪ್ಪು ಮಾತ್ರ! 🐚,Only %lld shell to go! 🐚,Push notification title when a new animal is nearly earned. The argument is the shells still needed.
Localizable,notif.animal.title %lld,kn,plural.other,new,ಇನ್ನೂ %lld ಚಿಪ್ಪುಗಳು ಮಾತ್ರ! 🐚,Only %lld shells to go! 🐚,Push notification title when a new animal is nearly earned. The argument is the shells still needed.
Localizable,notif.animal.title %lld,ko,plural.one,new,조개껍데기 %lld개만 더! 🐚,Only %lld shell to go! 🐚,Push notification title when a new animal is nearly earned. The argument is the shells still needed.
Localizable,notif.animal.title %lld,ko,plural.other,new,조개껍데기 %lld개만 더! 🐚,Only %lld shells to go! 🐚,Push notification title when a new animal is nearly earned. The argument is the shells still needed.
Localizable,notif.animal.title %lld,lo,plural.one,new,ເຫຼືອເປືອກຫອຍອີກພຽງ %lld! 🐚,Only %lld shell to go! 🐚,Push notification title when a new animal is nearly earned. The argument is the shells still needed.
Localizable,notif.animal.title %lld,lo,plural.other,new,ເຫຼືອເປືອກຫອຍອີກພຽງ %lld! 🐚,Only %lld shells to go! 🐚,Push notification title when a new animal is nearly earned. The argument is the shells still needed.
Localizable,notif.animal.title %lld,lt,plural.one,new,Liko tik %lld kriauklė! 🐚,Only %lld shell to go! 🐚,Push notification title when a new animal is nearly earned. The argument is the shells still needed.
Localizable,notif.animal.title %lld,lt,plural.other,new,Liko tik %lld kriauklių! 🐚,Only %lld shells to go! 🐚,Push notification title when a new animal is nearly earned. The argument is the shells still needed.
Localizable,notif.animal.title %lld,lv,plural.one,new,Palicis tikai %lld gliemežvāks! 🐚,Only %lld shell to go! 🐚,Push notification title when a new animal is nearly earned. The argument is the shells still needed.
Localizable,notif.animal.title %lld,lv,plural.other,new,Palikuši tikai %lld gliemežvāki! 🐚,Only %lld shells to go! 🐚,Push notification title when a new animal is nearly earned. The argument is the shells still needed.
Localizable,notif.animal.title %lld,mk,plural.one,new,Останува само %lld школка! 🐚,Only %lld shell to go! 🐚,Push notification title when a new animal is nearly earned. The argument is the shells still needed.
Localizable,notif.animal.title %lld,mk,plural.other,new,Остануваат само %lld школки! 🐚,Only %lld shells to go! 🐚,Push notification title when a new animal is nearly earned. The argument is the shells still needed.
Localizable,notif.animal.title %lld,ml,plural.one,new,ഇനി %lld ചിപ്പി മാത്രം! 🐚,Only %lld shell to go! 🐚,Push notification title when a new animal is nearly earned. The argument is the shells still needed.
Localizable,notif.animal.title %lld,ml,plural.other,new,ഇനി %lld ചിപ്പികൾ മാത്രം! 🐚,Only %lld shells to go! 🐚,Push notification title when a new animal is nearly earned. The argument is the shells still needed.
Localizable,notif.animal.title %lld,mn,plural.one,new,Ердөө %lld хясаа үлдлээ! 🐚,Only %lld shell to go! 🐚,Push notification title when a new animal is nearly earned. The argument is the shells still needed.
Localizable,notif.animal.title %lld,mn,plural.other,new,Ердөө %lld хясаа үлдлээ! 🐚,Only %lld shells to go! 🐚,Push notification title when a new animal is nearly earned. The argument is the shells still needed.
Localizable,notif.animal.title %lld,mr,plural.one,new,फक्त %lld शिंपला बाकी! 🐚,Only %lld shell to go! 🐚,Push notification title when a new animal is nearly earned. The argument is the shells still needed.
Localizable,notif.animal.title %lld,mr,plural.other,new,फक्त %lld शिंपले बाकी! 🐚,Only %lld shells to go! 🐚,Push notification title when a new animal is nearly earned. The argument is the shells still needed.
Localizable,notif.animal.title %lld,ms,plural.one,new,Tinggal %lld cangkerang lagi! 🐚,Only %lld shell to go! 🐚,Push notification title when a new animal is nearly earned. The argument is the shells still needed.
Localizable,notif.animal.title %lld,ms,plural.other,new,Tinggal %lld cangkerang lagi! 🐚,Only %lld shells to go! 🐚,Push notification title when a new animal is nearly earned. The argument is the shells still needed.
Localizable,notif.animal.title %lld,my,plural.one,new,ခရုခွံ %lld ခုပဲ လိုတော့တယ်! 🐚,Only %lld shell to go! 🐚,Push notification title when a new animal is nearly earned. The argument is the shells still needed.
Localizable,notif.animal.title %lld,my,plural.other,new,ခရုခွံ %lld ခုပဲ လိုတော့တယ်! 🐚,Only %lld shells to go! 🐚,Push notification title when a new animal is nearly earned. The argument is the shells still needed.
Localizable,notif.animal.title %lld,nb,plural.one,new,Bare %lld skjell igjen! 🐚,Only %lld shell to go! 🐚,Push notification title when a new animal is nearly earned. The argument is the shells still needed.
Localizable,notif.animal.title %lld,nb,plural.other,new,Bare %lld skjell igjen! 🐚,Only %lld shells to go! 🐚,Push notification title when a new animal is nearly earned. The argument is the shells still needed.
Localizable,notif.animal.title %lld,ne,plural.one,new,अब %lld सिपी मात्र बाँकी! 🐚,Only %lld shell to go! 🐚,Push notification title when a new animal is nearly earned. The argument is the shells still needed.
Localizable,notif.animal.title %lld,ne,plural.other,new,अब %lld सिपीहरू मात्र बाँकी! 🐚,Only %lld shells to go! 🐚,Push notification title when a new animal is nearly earned. The argument is the shells still needed.
Localizable,notif.animal.title %lld,or,plural.one,new,ଆଉ ମାତ୍ର %lldଟି ଶାମୁକା ଖୋଳ! 🐚,Only %lld shell to go! 🐚,Push notification title when a new animal is nearly earned. The argument is the shells still needed.
Localizable,notif.animal.title %lld,or,plural.other,new,ଆଉ ମାତ୍ର %lldଟି ଶାମୁକା ଖୋଳ! 🐚,Only %lld shells to go! 🐚,Push notification title when a new animal is nearly earned. The argument is the shells still needed.
Localizable,notif.animal.title %lld,pa,plural.one,new,ਸਿਰਫ਼ %lld ਸੀਪੀ ਹੋਰ! 🐚,Only %lld shell to go! 🐚,Push notification title when a new animal is nearly earned. The argument is the shells still needed.
Localizable,notif.animal.title %lld,pa,plural.other,new,ਸਿਰਫ਼ %lld ਸੀਪੀਆਂ ਹੋਰ! 🐚,Only %lld shells to go! 🐚,Push notification title when a new animal is nearly earned. The argument is the shells still needed.
Localizable,notif.animal.title %lld,pl,plural.one,new,Została tylko %lld muszla! 🐚,Only %lld shell to go! 🐚,Push notification title when a new animal is nearly earned. The argument is the shells still needed.
Localizable,notif.animal.title %lld,pl,plural.other,new,Zostało tylko %lld muszli! 🐚,Only %lld shells to go! 🐚,Push notification title when a new animal is nearly earned. The argument is the shells still needed.
Localizable,notif.animal.title %lld,pt,plural.one,new,Falta só %lld concha! 🐚,Only %lld shell to go! 🐚,Push notification title when a new animal is nearly earned. The argument is the shells still needed.
Localizable,notif.animal.title %lld,pt,plural.other,new,Faltam só %lld conchas! 🐚,Only %lld shells to go! 🐚,Push notification title when a new animal is nearly earned. The argument is the shells still needed.
Localizable,notif.animal.title %lld,ro,plural.one,new,Mai e doar %lld scoică! 🐚,Only %lld shell to go! 🐚,Push notification title when a new animal is nearly earned. The argument is the shells still needed.
Localizable,notif.animal.title %lld,ro,plural.other,new,Mai sunt doar %lld scoici! 🐚,Only %lld shells to go! 🐚,Push notification title when a new animal is nearly earned. The argument is the shells still needed.
Localizable,notif.animal.title %lld,ru,plural.one,new,Осталась всего %lld ракушка! 🐚,Only %lld shell to go! 🐚,Push notification title when a new animal is nearly earned. The argument is the shells still needed.
Localizable,notif.animal.title %lld,ru,plural.other,new,Осталось всего %lld ракушек! 🐚,Only %lld shells to go! 🐚,Push notification title when a new animal is nearly earned. The argument is the shells still needed.
Localizable,notif.animal.title %lld,si,plural.one,new,තවත් සිප්පි කටුව %lldක් විතරයි! 🐚,Only %lld shell to go! 🐚,Push notification title when a new animal is nearly earned. The argument is the shells still needed.
Localizable,notif.animal.title %lld,si,plural.other,new,තවත් සිප්පි කටු %lldක් විතරයි! 🐚,Only %lld shells to go! 🐚,Push notification title when a new animal is nearly earned. The argument is the shells still needed.
Localizable,notif.animal.title %lld,sk,plural.one,new,Zostáva už len %lld mušľa! 🐚,Only %lld shell to go! 🐚,Push notification title when a new animal is nearly earned. The argument is the shells still needed.
Localizable,notif.animal.title %lld,sk,plural.other,new,Zostáva už len %lld mušlí! 🐚,Only %lld shells to go! 🐚,Push notification title when a new animal is nearly earned. The argument is the shells still needed.
Localizable,notif.animal.title %lld,sl,plural.one,new,Samo še %lld školjka! 🐚,Only %lld shell to go! 🐚,Push notification title when a new animal is nearly earned. The argument is the shells still needed.
Localizable,notif.animal.title %lld,sl,plural.other,new,Samo še %lld školjk! 🐚,Only %lld shells to go! 🐚,Push notification title when a new animal is nearly earned. The argument is the shells still needed.
Localizable,notif.animal.title %lld,sq,plural.one,new,Ka mbetur vetëm %lld guaskë! 🐚,Only %lld shell to go! 🐚,Push notification title when a new animal is nearly earned. The argument is the shells still needed.
Localizable,notif.animal.title %lld,sq,plural.other,new,Kanë mbetur vetëm %lld guaska! 🐚,Only %lld shells to go! 🐚,Push notification title when a new animal is nearly earned. The argument is the shells still needed.
Localizable,notif.animal.title %lld,sr,plural.one,new,Још само %lld шкољка! 🐚,Only %lld shell to go! 🐚,Push notification title when a new animal is nearly earned. The argument is the shells still needed.
Localizable,notif.animal.title %lld,sr,plural.other,new,Још само %lld шкољки! 🐚,Only %lld shells to go! 🐚,Push notification title when a new animal is nearly earned. The argument is the shells still needed.
Localizable,notif.animal.title %lld,sv,plural.one,new,Bara %lld snäcka kvar! 🐚,Only %lld shell to go! 🐚,Push notification title when a new animal is nearly earned. The argument is the shells still needed.
Localizable,notif.animal.title %lld,sv,plural.other,new,Bara %lld snäckor kvar! 🐚,Only %lld shells to go! 🐚,Push notification title when a new animal is nearly earned. The argument is the shells still needed.
Localizable,notif.animal.title %lld,sw,plural.one,new,Limebaki gamba %lld tu! 🐚,Only %lld shell to go! 🐚,Push notification title when a new animal is nearly earned. The argument is the shells still needed.
Localizable,notif.animal.title %lld,sw,plural.other,new,Yamebaki magamba %lld tu! 🐚,Only %lld shells to go! 🐚,Push notification title when a new animal is nearly earned. The argument is the shells still needed.
Localizable,notif.animal.title %lld,ta,plural.one,new,இன்னும் %lld சிப்பி மட்டுமே! 🐚,Only %lld shell to go! 🐚,Push notification title when a new animal is nearly earned. The argument is the shells still needed.
Localizable,notif.animal.title %lld,ta,plural.other,new,இன்னும் %lld சிப்பிகள் மட்டுமே! 🐚,Only %lld shells to go! 🐚,Push notification title when a new animal is nearly earned. The argument is the shells still needed.
Localizable,notif.animal.title %lld,te,plural.one,new,ఇంకా %lld గవ్వ మాత్రమే! 🐚,Only %lld shell to go! 🐚,Push notification title when a new animal is nearly earned. The argument is the shells still needed.
Localizable,notif.animal.title %lld,te,plural.other,new,ఇంకా %lld గవ్వలు మాత్రమే! 🐚,Only %lld shells to go! 🐚,Push notification title when a new animal is nearly earned. The argument is the shells still needed.
Localizable,notif.animal.title %lld,th,plural.one,new,เหลือเปลือกหอยอีกแค่ %lld ชิ้น! 🐚,Only %lld shell to go! 🐚,Push notification title when a new animal is nearly earned. The argument is the shells still needed.
Localizable,notif.animal.title %lld,th,plural.other,new,เหลือเปลือกหอยอีกแค่ %lld ชิ้น! 🐚,Only %lld shells to go! 🐚,Push notification title when a new animal is nearly earned. The argument is the shells still needed.
Localizable,notif.animal.title %lld,tr,plural.one,new,Sadece %lld deniz kabuğu kaldı! 🐚,Only %lld shell to go! 🐚,Push notification title when a new animal is nearly earned. The argument is the shells still needed.
Localizable,notif.animal.title %lld,tr,plural.other,new,Sadece %lld deniz kabuğu kaldı! 🐚,Only %lld shells to go! 🐚,Push notification title when a new animal is nearly earned. The argument is the shells still needed.
Localizable,notif.animal.title %lld,ug,plural.one,new,پەقەت %lld دېڭىز قېپى قالدى! 🐚,Only %lld shell to go! 🐚,Push notification title when a new animal is nearly earned. The argument is the shells still needed.
Localizable,notif.animal.title %lld,ug,plural.other,new,پەقەت %lld دېڭىز قېپى قالدى! 🐚,Only %lld shells to go! 🐚,Push notification title when a new animal is nearly earned. The argument is the shells still needed.
Localizable,notif.animal.title %lld,uk,plural.one,new,Залишилася лише %lld мушля! 🐚,Only %lld shell to go! 🐚,Push notification title when a new animal is nearly earned. The argument is the shells still needed.
Localizable,notif.animal.title %lld,uk,plural.other,new,Залишилося лише %lld мушель! 🐚,Only %lld shells to go! 🐚,Push notification title when a new animal is nearly earned. The argument is the shells still needed.
Localizable,notif.animal.title %lld,ur,plural.one,new,صرف %lld سیپی باقی! 🐚,Only %lld shell to go! 🐚,Push notification title when a new animal is nearly earned. The argument is the shells still needed.
Localizable,notif.animal.title %lld,ur,plural.other,new,صرف %lld سیپیاں باقی! 🐚,Only %lld shells to go! 🐚,Push notification title when a new animal is nearly earned. The argument is the shells still needed.
Localizable,notif.animal.title %lld,uz,plural.one,new,Atigi %lld ta chig‘anoq qoldi! 🐚,Only %lld shell to go! 🐚,Push notification title when a new animal is nearly earned. The argument is the shells still needed.
Localizable,notif.animal.title %lld,uz,plural.other,new,Atigi %lld ta chig‘anoq qoldi! 🐚,Only %lld shells to go! 🐚,Push notification title when a new animal is nearly earned. The argument is the shells still needed.
Localizable,notif.animal.title %lld,vi,plural.one,new,Chỉ còn %lld vỏ sò nữa thôi! 🐚,Only %lld shell to go! 🐚,Push notification title when a new animal is nearly earned. The argument is the shells still needed.
Localizable,notif.animal.title %lld,vi,plural.other,new,Chỉ còn %lld vỏ sò nữa thôi! 🐚,Only %lld shells to go! 🐚,Push notification title when a new animal is nearly earned. The argument is the shells still needed.
Localizable,notif.animal.title %lld,zh,plural.one,new,只差 %lld 个贝壳啦！🐚,Only %lld shell to go! 🐚,Push notification title when a new animal is nearly earned. The argument is the shells still needed.
Localizable,notif.animal.title %lld,zh,plural.other,new,只差 %lld 个贝壳啦！🐚,Only %lld shells to go! 🐚,Push notification title when a new animal is nearly earned. The argument is the shells still needed.
Localizable,notif.animal.title %lld,zu,plural.one,new,Kusele igobolondo elingu-%lld kuphela! 🐚,Only %lld shell to go! 🐚,Push notification title when a new animal is nearly earned. The argument is the shells still needed.
Localizable,notif.animal.title %lld,zu,plural.other,new,Kusele amagobolondo angu-%lld kuphela! 🐚,Only %lld shells to go! 🐚,Push notification title when a new animal is nearly earned. The argument is the shells still needed.
Localizable,notif.cards.title %lld,af,plural.one,new,%lld skulp versamel! 🐚,%lld shell collected! 🐚,Push notification title celebrating a shell milestone. The argument is the player's total.
Localizable,notif.cards.title %lld,af,plural.other,new,%lld skulpe versamel! 🐚,%lld shells collected! 🐚,Push notification title celebrating a shell milestone. The argument is the player's total.
Localizable,notif.cards.title %lld,am,plural.one,new,%lld ዛጎል ተሰብስቧል! 🐚,%lld shell collected! 🐚,Push notification title celebrating a shell milestone. The argument is the player's total.
Localizable,notif.cards.title %lld,am,plural.other,new,%lld ዛጎሎች ተሰብስበዋል! 🐚,%lld shells collected! 🐚,Push notification title celebrating a shell milestone. The argument is the player's total.
Localizable,notif.cards.title %lld,ar,plural.one,new,تم جمع %lld صدفة! 🐚,%lld shell collected! 🐚,Push notification title celebrating a shell milestone. The argument is the player's total.
Localizable,notif.cards.title %lld,ar,plural.other,new,تم جمع %lld أصداف! 🐚,%lld shells collected! 🐚,Push notification title celebrating a shell milestone. The argument is the player's total.
Localizable,notif.cards.title %lld,as,plural.one,new,%lldটা শামুকৰ খোলা সংগ্ৰহ হ’ল! 🐚,%lld shell collected! 🐚,Push notification title celebrating a shell milestone. The argument is the player's total.
Localizable,notif.cards.title %lld,as,plural.other,new,%lldটা শামুকৰ খোলা সংগ্ৰহ হ’ল! 🐚,%lld shells collected! 🐚,Push notification title celebrating a shell milestone. The argument is the player's total.
Localizable,notif.cards.title %lld,az,plural.one,new,%lld dəniz qabığı toplandı! 🐚,%lld shell collected! 🐚,Push notification title celebrating a shell milestone. The argument is the player's total.
Localizable,notif.cards.title %lld,az,plural.other,new,%lld dəniz qabığı toplandı! 🐚,%lld shells collected! 🐚,Push notification title celebrating a shell milestone. The argument is the player's total.
Localizable,notif.cards.title %lld,be,plural.one,new,Сабрана %lld ракавінка! 🐚,%lld shell collected! 🐚,Push notification title celebrating a shell milestone. The argument is the player's total.
Localizable,notif.cards.title %lld,be,plural.other,new,Сабрана %lld ракавінак! 🐚,%lld shells collected! 🐚,Push notification title celebrating a shell milestone. The argument is the player's total.
Localizable,notif.cards.title %lld,bg,plural.one,new,Събрана %lld мида! 🐚,%lld shell collected! 🐚,Push notification title celebrating a shell milestone. The argument is the player's total.
Localizable,notif.cards.title %lld,bg,plural.other,new,Събрани %lld миди! 🐚,%lld shells collected! 🐚,Push notification title celebrating a shell milestone. The argument is the player's total.
Localizable,notif.cards.title %lld,bn,plural.one,new,%lldটি ঝিনুক সংগ্রহ করা হয়েছে! 🐚,%lld shell collected! 🐚,Push notification title celebrating a shell milestone. The argument is the player's total.
Localizable,notif.cards.title %lld,bn,plural.other,new,%lldটি ঝিনুক সংগ্রহ করা হয়েছে! 🐚,%lld shells collected! 🐚,Push notification title celebrating a shell milestone. The argument is the player's total.
Localizable,notif.cards.title %lld,bo,plural.one,new,ཉ་ཕྱིས་ %lld བསྡུས་ཟིན། 🐚,%lld shell collected! 🐚,Push notification title celebrating a shell milestone. The argument is the player's total.
Localizable,notif.cards.title %lld,bo,plural.other,new,ཉ་ཕྱིས་ %lld བསྡུས་ཟིན། 🐚,%lld shells collected! 🐚,Push notification title celebrating a shell milestone. The argument is the player's total.
Localizable,notif.cards.title %lld,bs,plural.one,new,Prikupljena %lld školjka! 🐚,%lld shell collected! 🐚,Push notification title celebrating a shell milestone. The argument is the player's total.
Localizable,notif.cards.title %lld,bs,plural.other,new,Prikupljeno %lld školjki! 🐚,%lld shells collected! 🐚,Push notification title celebrating a shell milestone. The argument is the player's total.
Localizable,notif.cards.title %lld,ca,plural.one,new,%lld petxina recollida! 🐚,%lld shell collected! 🐚,Push notification title celebrating a shell milestone. The argument is the player's total.
Localizable,notif.cards.title %lld,ca,plural.other,new,%lld petxines recollides! 🐚,%lld shells collected! 🐚,Push notification title celebrating a shell milestone. The argument is the player's total.
Localizable,notif.cards.title %lld,cs,plural.one,new,Sebrána %lld mušle! 🐚,%lld shell collected! 🐚,Push notification title celebrating a shell milestone. The argument is the player's total.
Localizable,notif.cards.title %lld,cs,plural.other,new,Sebráno %lld mušlí! 🐚,%lld shells collected! 🐚,Push notification title celebrating a shell milestone. The argument is the player's total.
Localizable,notif.cards.title %lld,cy,plural.one,new,%lld gragen wedi’i chasglu! 🐚,%lld shell collected! 🐚,Push notification title celebrating a shell milestone. The argument is the player's total.
Localizable,notif.cards.title %lld,cy,plural.other,new,%lld cregyn wedi’u casglu! 🐚,%lld shells collected! 🐚,Push notification title celebrating a shell milestone. The argument is the player's total.
Localizable,notif.cards.title %lld,da,plural.one,new,%lld musling samlet! 🐚,%lld shell collected! 🐚,Push notification title celebrating a shell milestone. The argument is the player's total.
Localizable,notif.cards.title %lld,da,plural.other,new,%lld muslinger samlet! 🐚,%lld shells collected! 🐚,Push notification title celebrating a shell milestone. The argument is the player's total.
Localizable,notif.cards.title %lld,de,plural.one,new,%lld Muschel gesammelt! 🐚,%lld shell collected! 🐚,Push notification title celebrating a shell milestone. The argument is the player's total.
Localizable,notif.cards.title %lld,de,plural.other,new,%lld Muscheln gesammelt! 🐚,%lld shells collected! 🐚,Push notification title celebrating a shell milestone. The argument is the player's total.
Localizable,notif.cards.title %lld,el,plural.one,new,Συλλέχθηκε %lld κοχύλι! 🐚,%lld shell collected! 🐚,Push notification title celebrating a shell milestone. The argument is the player's total.
Localizable,notif.cards.title %lld,el,plural.other,new,Συλλέχθηκαν %lld κοχύλια! 🐚,%lld shells collected! 🐚,Push notification title celebrating a shell milestone. The argument is the player's total.
Localizable,notif.cards.title %lld,es,plural.one,new,¡%lld concha recogida! 🐚,%lld shell collected! 🐚,Push notification title celebrating a shell milestone. The argument is the player's total.
Localizable,notif.cards.title %lld,es,plural.other,new,¡%lld conchas recogidas! 🐚,%lld shells collected! 🐚,Push notification title celebrating a shell milestone. The argument is the player's total.
Localizable,notif.cards.title %lld,et,plural.one,new,Kogutud %lld merekarp! 🐚,%lld shell collected! 🐚,Push notification title celebrating a shell milestone. The argument is the player's total.
Localizable,notif.cards.title %lld,et,plural.other,new,Kogutud %lld merekarpi! 🐚,%lld shells collected! 🐚,Push notification title celebrating a shell milestone. The argument is the player's total.
Localizable,notif.cards.title %lld,eu,plural.one,new,Maskor %lld bildu da! 🐚,%lld shell collected! 🐚,Push notification title celebrating a shell milestone. The argument is the player's total.
Localizable,notif.cards.title %lld,eu,plural.other,new,%lld maskor bildu dira! 🐚,%lld shells collected! 🐚,Push notification title celebrating a shell milestone. The argument is the player's total.
Localizable,notif.cards.title %lld,fa,plural.one,new,%lld صدف جمع شد! 🐚,%lld shell collected! 🐚,Push notification title celebrating a shell milestone. The argument is the player's total.
Localizable,notif.cards.title %lld,fa,plural.other,new,%lld صدف جمع شد! 🐚,%lld shells collected! 🐚,Push notification title celebrating a shell milestone. The argument is the player's total.
Localizable,notif.cards.title %lld,fi,plural.one,new,Kerätty %lld simpukka! 🐚,%lld shell collected! 🐚,Push notification title celebrating a shell milestone. The argument is the player's total.
Localizable,notif.cards.title %lld,fi,plural.other,new,Kerätty %lld simpukkaa! 🐚,%lld shells collected! 🐚,Push notification title celebrating a shell milestone. The argument is the player's total.
Localizable,notif.cards.title %lld,fo,plural.one,new,%lld skel savnað! 🐚,%lld shell collected! 🐚,Push notification title celebrating a shell milestone. The argument is the player's total.
Localizable,notif.cards.title %lld,fo,plural.other,new,%lld skel savnað! 🐚,%lld shells collected! 🐚,Push notification title celebrating a shell milestone. The argument is the player's total.
Localizable,notif.cards.title %lld,fr,plural.one,new,%lld coquillage ramassé ! 🐚,%lld shell collected! 🐚,Push notification title celebrating a shell milestone. The argument is the player's total.
Localizable,notif.cards.title %lld,fr,plural.other,new,%lld coquillages ramassés ! 🐚,%lld shells collected! 🐚,Push notification title celebrating a shell milestone. The argument is the player's total.
Localizable,notif.cards.title %lld,ga,plural.one,new,%lld bhlaosc bailithe! 🐚,%lld shell collected! 🐚,Push notification title celebrating a shell milestone. The argument is the player's total.
Localizable,notif.cards.title %lld,ga,plural.other,new,%lld blaosc bailithe! 🐚,%lld shells collected! 🐚,Push notification title celebrating a shell milestone. The argument is the player's total.
Localizable,notif.cards.title %lld,gl,plural.one,new,%lld cuncha recollida! 🐚,%lld shell collected! 🐚,Push notification title celebrating a shell milestone. The argument is the player's total.
Localizable,notif.cards.title %lld,gl,plural.other,new,%lld cunchas recollidas! 🐚,%lld shells collected! 🐚,Push notification title celebrating a shell milestone. The argument is the player's total.
Localizable,notif.cards.title %lld,gu,plural.one,new,%lld છીપ ભેગી કરી! 🐚,%lld shell collected! 🐚,Push notification title celebrating a shell milestone. The argument is the player's total.
Localizable,notif.cards.title %lld,gu,plural.other,new,%lld છીપો ભેગી કરી! 🐚,%lld shells collected! 🐚,Push notification title celebrating a shell milestone. The argument is the player's total.
Localizable,notif.cards.title %lld,he,plural.one,new,נאספה %lld צדפה! 🐚,%lld shell collected! 🐚,Push notification title celebrating a shell milestone. The argument is the player's total.
Localizable,notif.cards.title %lld,he,plural.other,new,נאספו %lld צדפות! 🐚,%lld shells collected! 🐚,Push notification title celebrating a shell milestone. The argument is the player's total.
Localizable,notif.cards.title %lld,hi,plural.one,new,%lld सीपी इकट्ठी की! 🐚,%lld shell collected! 🐚,Push notification title celebrating a shell milestone. The argument is the player's total.
Localizable,notif.cards.title %lld,hi,plural.other,new,%lld सीपियाँ इकट्ठी कीं! 🐚,%lld shells collected! 🐚,Push notification title celebrating a shell milestone. The argument is the player's total.
Localizable,notif.cards.title %lld,hr,plural.one,new,Prikupljena %lld školjka! 🐚,%lld shell collected! 🐚,Push notification title celebrating a shell milestone. The argument is the player's total.
Localizable,notif.cards.title %lld,hr,plural.other,new,Prikupljeno %lld školjki! 🐚,%lld shells collected! 🐚,Push notification title celebrating a shell milestone. The argument is the player's total.
Localizable,notif.cards.title %lld,hu,plural.one,new,%lld kagyló összegyűjtve! 🐚,%lld shell collected! 🐚,Push notification title celebrating a shell milestone. The argument is the player's total.
Localizable,notif.cards.title %lld,hu,plural.other,new,%lld kagyló összegyűjtve! 🐚,%lld shells collected! 🐚,Push notification title celebrating a shell milestone. The argument is the player's total.
Localizable,notif.cards.title %lld,hy,plural.one,new,Հավաքվել է %lld խեցի։ 🐚,%lld shell collected! 🐚,Push notification title celebrating a shell milestone. The argument is the player's total.
Localizable,notif.cards.title %lld,hy,plural.other,new,Հավաքվել է %lld խեցի։ 🐚,%lld shells collected! 🐚,Push notification title celebrating a shell milestone. The argument is the player's total.
Localizable,notif.cards.title %lld,id,plural.one,new,%lld kerang terkumpul! 🐚,%lld shell collected! 🐚,Push notification title celebrating a shell milestone. The argument is the player's total.
Localizable,notif.cards.title %lld,id,plural.other,new,%lld kerang terkumpul! 🐚,%lld shells collected! 🐚,Push notification title celebrating a shell milestone. The argument is the player's total.
Localizable,notif.cards.title %lld,is,plural.one,new,%lld skel safnað! 🐚,%lld shell collected! 🐚,Push notification title celebrating a shell milestone. The argument is the player's total.
Localizable,notif.cards.title %lld,is,plural.other,new,%lld skeljum safnað! 🐚,%lld shells collected! 🐚,Push notification title celebrating a shell milestone. The argument is the player's total.
Localizable,notif.cards.title %lld,it,plural.one,new,%lld conchiglia raccolta! 🐚,%lld shell collected! 🐚,Push notification title celebrating a shell milestone. The argument is the player's total.
Localizable,notif.cards.title %lld,it,plural.other,new,%lld conchiglie raccolte! 🐚,%lld shells collected! 🐚,Push notification title celebrating a shell milestone. The argument is the player's total.
Localizable,notif.cards.title %lld,ja,plural.one,new,貝がらを%lld個集めた！ 🐚,%lld shell collected! 🐚,Push notification title celebrating a shell milestone. The argument is the player's total.
Localizable,notif.cards.title %lld,ja,plural.other,new,貝がらを%lld個集めた！ 🐚,%lld shells collected! 🐚,Push notification title celebrating a shell milestone. The argument is the player's total.
Localizable,notif.cards.title %lld,ka,plural.one,new,შეგროვდა %lld ნიჟარა! 🐚,%lld shell collected! 🐚,Push notification title celebrating a shell milestone. The argument is the player's total.
Localizable,notif.cards.title %lld,ka,plural.other,new,შეგროვდა %lld ნიჟარა! 🐚,%lld shells collected! 🐚,Push notification title celebrating a shell milestone. The argument is the player's total.
Localizable,notif.cards.title %lld,kk,plural.one,new,%lld бақалшақ жиналды! 🐚,%lld shell collected! 🐚,Push notification title celebrating a shell milestone. The argument is the player's total.
Localizable,notif.cards.title %lld,kk,plural.other,new,%lld бақалшақ жиналды! 🐚,%lld shells collected! 🐚,Push notification title celebrating a shell milestone. The argument is the player's total.
Localizable,notif.cards.title %lld,km,plural.one,new,ប្រមូលបានសំបកខ្យង %lld! 🐚,%lld shell collected! 🐚,Push notification title celebrating a shell milestone. The argument is the player's total.
Localizable,notif.cards.title %lld,km,plural.other,new,ប្រមូលបានសំបកខ្យង %lld! 🐚,%lld shells collected! 🐚,Push notification title celebrating a shell milestone. The argument is the player's total.
Localizable,notif.cards.title %lld,kn,plural.one,new,%lld ಚಿಪ್ಪು ಸಂಗ್ರಹಿಸಲಾಗಿದೆ! 🐚,%lld shell collected! 🐚,Push notification title celebrating a shell milestone. The argument is the player's total.
Localizable,notif.cards.title %lld,kn,plural.other,new,%lld ಚಿಪ್ಪುಗಳು ಸಂಗ್ರಹಿಸಲಾಗಿದೆ! 🐚,%lld shells collected! 🐚,Push notification title celebrating a shell milestone. The argument is the player's total.
Localizable,notif.cards.title %lld,ko,plural.one,new,조개껍데기 %lld개를 모았어요! 🐚,%lld shell collected! 🐚,Push notification title celebrating a shell milestone. The argument is the player's total.
Localizable,notif.cards.title %lld,ko,plural.other,new,조개껍데기 %lld개를 모았어요! 🐚,%lld shells collected! 🐚,Push notification title celebrating a shell milestone. The argument is the player's total.
Localizable,notif.cards.title %lld,lo,plural.one,new,ເກັບເປືອກຫອຍໄດ້ %lld! 🐚,%lld shell collected! 🐚,Push notification title celebrating a shell milestone. The argument is the player's total.
Localizable,notif.cards.title %lld,lo,plural.other,new,ເກັບເປືອກຫອຍໄດ້ %lld! 🐚,%lld shells collected! 🐚,Push notification title celebrating a shell milestone. The argument is the player's total.
Localizable,notif.cards.title %lld,lt,plural.one,new,Surinkta %lld kriauklė! 🐚,%lld shell collected! 🐚,Push notification title celebrating a shell milestone. The argument is the player's total.
Localizable,notif.cards.title %lld,lt,plural.other,new,Surinkta %lld kriauklių! 🐚,%lld shells collected! 🐚,Push notification title celebrating a shell milestone. The argument is the player's total.
Localizable,notif.cards.title %lld,lv,plural.one,new,Savākts %lld gliemežvāks! 🐚,%lld shell collected! 🐚,Push notification title celebrating a shell milestone. The argument is the player's total.
Localizable,notif.cards.title %lld,lv,plural.other,new,Savākti %lld gliemežvāki! 🐚,%lld shells collected! 🐚,Push notification title celebrating a shell milestone. The argument is the player's total.
Localizable,notif.cards.title %lld,mk,plural.one,new,Собрана %lld школка! 🐚,%lld shell collected! 🐚,Push notification title celebrating a shell milestone. The argument is the player's total.
Localizable,notif.cards.title %lld,mk,plural.other,new,Собрани %lld школки! 🐚,%lld shells collected! 🐚,Push notification title celebrating a shell milestone. The argument is the player's total.
Localizable,notif.cards.title %lld,ml,plural.one,new,%lld ചിപ്പി ശേഖരിച്ചു! 🐚,%lld shell collected! 🐚,Push notification title celebrating a shell milestone. The argument is the player's total.
Localizable,notif.cards.title %lld,ml,plural.other,new,%lld ചിപ്പികൾ ശേഖരിച്ചു! 🐚,%lld shells collected! 🐚,Push notification title celebrating a shell milestone. The argument is the player's total.
Localizable,notif.cards.title %lld,mn,plural.one,new,%lld хясаа цуглууллаа! 🐚,%lld shell collected! 🐚,Push notification title celebrating a shell milestone. The argument is the player's total.
Localizable,notif.cards.title %lld,mn,plural.other,new,%lld хясаа цуглууллаа! 🐚,%lld shells collected! 🐚,Push notification title celebrating a shell milestone. The argument is the player's total.
Localizable,notif.cards.title %lld,mr,plural.one,new,%lld शिंपला गोळा केला! 🐚,%lld shell collected! 🐚,Push notification title celebrating a shell milestone. The argument is the player's total.
Localizable,notif.cards.title %lld,mr,plural.other,new,%lld शिंपले गोळा केली! 🐚,%lld shells collected! 🐚,Push notification title celebrating a shell milestone. The argument is the player's total.
Localizable,notif.cards.title %lld,ms,plural.one,new,%lld cangkerang dikumpul! 🐚,%lld shell collected! 🐚,Push notification title celebrating a shell milestone. The argument is the player's total.
Localizable,notif.cards.title %lld,ms,plural.other,new,%lld cangkerang dikumpul! 🐚,%lld shells collected! 🐚,Push notification title celebrating a shell milestone. The argument is the player's total.
Localizable,notif.cards.title %lld,my,plural.one,new,ခရုခွံ %lld ခု စုဆောင်းပြီး! 🐚,%lld shell collected! 🐚,Push notification title celebrating a shell milestone. The argument is the player's total.
Localizable,notif.cards.title %lld,my,plural.other,new,ခရုခွံ %lld ခု စုဆောင်းပြီး! 🐚,%lld shells collected! 🐚,Push notification title celebrating a shell milestone. The argument is the player's total.
Localizable,notif.cards.title %lld,nb,plural.one,new,%lld skjell samlet! 🐚,%lld shell collected! 🐚,Push notification title celebrating a shell milestone. The argument is the player's total.
Localizable,notif.cards.title %lld,nb,plural.other,new,%lld skjell samlet! 🐚,%lld shells collected! 🐚,Push notification title celebrating a shell milestone. The argument is the player's total.
Localizable,notif.cards.title %lld,ne,plural.one,new,%lld सिपी सङ्कलन भयो! 🐚,%lld shell collected! 🐚,Push notification title celebrating a shell milestone. The argument is the player's total.
Localizable,notif.cards.title %lld,ne,plural.other,new,%lld सिपीहरू सङ्कलन भए! 🐚,%lld shells collected! 🐚,Push notification title celebrating a shell milestone. The argument is the player's total.
Localizable,notif.cards.title %lld,or,plural.one,new,%lldଟି ଶାମୁକା ଖୋଳ ସଂଗ୍ରହ ହେଲା! 🐚,%lld shell collected! 🐚,Push notification title celebrating a shell milestone. The argument is the player's total.
Localizable,notif.cards.title %lld,or,plural.other,new,%lldଟି ଶାମୁକା ଖୋଳ ସଂଗ୍ରହ ହେଲା! 🐚,%lld shells collected! 🐚,Push notification title celebrating a shell milestone. The argument is the player's total.
Localizable,notif.cards.title %lld,pa,plural.one,new,%lld ਸੀਪੀ ਇਕੱਠੀ ਕੀਤੀ! 🐚,%lld shell collected! 🐚,Push notification title celebrating a shell milestone. The argument is the player's total.
Localizable,notif.cards.title %lld,pa,plural.other,new,%lld ਸੀਪੀਆਂ ਇਕੱਠੀਆਂ ਕੀਤੀਆਂ! 🐚,%lld shells collected! 🐚,Push notification title celebrating a shell milestone. The argument is the player's total.
Localizable,notif.cards.title %lld,pl,plural.one,new,Zebrano %lld muszlę! 🐚,%lld shell collected! 🐚,Push notification title celebrating a shell milestone. The argument is the player's total.
Localizable,notif.cards.title %lld,pl,plural.other,new,Zebrano %lld muszli! 🐚,%lld shells collected! 🐚,Push notification title celebrating a shell milestone. The argument is the player's total.
Localizable,notif.cards.title %lld,pt,plural.one,new,%lld concha apanhada! 🐚,%lld shell collected! 🐚,Push notification title celebrating a shell milestone. The argument is the player's total.
Localizable,notif.cards.title %lld,pt,plural.other,new,%lld conchas apanhadas! 🐚,%lld shells collected! 🐚,Push notification title celebrating a shell milestone. The argument is the player's total.
Localizable,notif.cards.title %lld,ro,plural.one,new,%lld scoică adunată! 🐚,%lld shell collected! 🐚,Push notification title celebrating a shell milestone. The argument is the player's total.
Localizable,notif.cards.title %lld,ro,plural.other,new,%lld scoici adunate! 🐚,%lld shells collected! 🐚,Push notification title celebrating a shell milestone. The argument is the player's total.
Localizable,notif.cards.title %lld,ru,plural.one,new,Собрана %lld ракушка! 🐚,%lld shell collected! 🐚,Push notification title celebrating a shell milestone. The argument is the player's total.
Localizable,notif.cards.title %lld,ru,plural.other,new,Собрано %lld ракушек! 🐚,%lld shells collected! 🐚,Push notification title celebrating a shell milestone. The argument is the player's total.
Localizable,notif.cards.title %lld,si,plural.one,new,සිප්පි කටුව %lldක් එකතු කළා! 🐚,%lld shell collected! 🐚,Push notification title celebrating a shell milestone. The argument is the player's total.
Localizable,notif.cards.title %lld,si,plural.other,new,සිප්පි කටු %lldක් එකතු කළා! 🐚,%lld shells collected! 🐚,Push notification title celebrating a shell milestone. The argument is the player's total.
Localizable,notif.cards.title %lld,sk,plural.one,new,Zozbieraná %lld mušľa! 🐚,%lld shell collected! 🐚,Push notification title celebrating a shell milestone. The argument is the player's total.
Localizable,notif.cards.title %lld,sk,plural.other,new,Zozbieraných %lld mušlí! 🐚,%lld shells collected! 🐚,Push notification title celebrating a shell milestone. The argument is the player's total.
Localizable,notif.cards.title %lld,sl,plural.one,new,Zbrana %lld školjka! 🐚,%lld shell collected! 🐚,Push notification title celebrating a shell milestone. The argument is the player's total.
Localizable,notif.cards.title %lld,sl,plural.other,new,Zbranih %lld školjk! 🐚,%lld shells collected! 🐚,Push notification title celebrating a shell milestone. The argument is the player's total.
Localizable,notif.cards.title %lld,sq,plural.one,new,U mblodh %lld guaskë! 🐚,%lld shell collected! 🐚,Push notification title celebrating a shell milestone. The argument is the player's total.
Localizable,notif.cards.title %lld,sq,plural.other,new,U mblodhën %lld guaska! 🐚,%lld shells collected! 🐚,Push notification title celebrating a shell milestone. The argument is the player's total.
Localizable,notif.cards.title %lld,sr,plural.one,new,Сакупљена %lld шкољка! 🐚,%lld shell collected! 🐚,Push notification title celebrating a shell milestone. The argument is the player's total.
Localizable,notif.cards.title %lld,sr,plural.other,new,Сакупљено %lld шкољки! 🐚,%lld shells collected! 🐚,Push notification title celebrating a shell milestone. The argument is the player's total.
Localizable,notif.cards.title %lld,sv,plural.one,new,%lld snäcka samlad! 🐚,%lld shell collected! 🐚,Push notification title celebrating a shell milestone. The argument is the player's total.
Localizable,notif.cards.title %lld,sv,plural.other,new,%lld snäckor samlade! 🐚,%lld shells collected! 🐚,Push notification title celebrating a shell milestone. The argument is the player's total.
Localizable,notif.cards.title %lld,sw,plural.one,new,Gamba %lld limekusanywa! 🐚,%lld shell collected! 🐚,Push notification title celebrating a shell milestone. The argument is the player's total.
Localizable,notif.cards.title %lld,sw,plural.other,new,Magamba %lld yamekusanywa! 🐚,%lld shells collected! 🐚,Push notification title celebrating a shell milestone. The argument is the player's total.
Localizable,notif.cards.title %lld,ta,plural.one,new,%lld சிப்பி சேகரிக்கப்பட்டது! 🐚,%lld shell collected! 🐚,Push notification title celebrating a shell milestone. The argument is the player's total.
Localizable,notif.cards.title %lld,ta,plural.other,new,%lld சிப்பிகள் சேகரிக்கப்பட்டன! 🐚,%lld shells collected! 🐚,Push notification title celebrating a shell milestone. The argument is the player's total.
Localizable,notif.cards.title %lld,te,plural.one,new,%lld గవ్వ సేకరించబడింది! 🐚,%lld shell collected! 🐚,Push notification title celebrating a shell milestone. The argument is the player's total.
Localizable,notif.cards.title %lld,te,plural.other,new,%lld గవ్వలు సేకరించబడ్డాయి! 🐚,%lld shells collected! 🐚,Push notification title celebrating a shell milestone. The argument is the player's total.
Localizable,notif.cards.title %lld,th,plural.one,new,เก็บเปลือกหอยได้ %lld ชิ้น! 🐚,%lld shell collected! 🐚,Push notification title celebrating a shell milestone. The argument is the player's total.
Localizable,notif.cards.title %lld,th,plural.other,new,เก็บเปลือกหอยได้ %lld ชิ้น! 🐚,%lld shells collected! 🐚,Push notification title celebrating a shell milestone. The argument is the player's total.
Localizable,notif.cards.title %lld,tr,plural.one,new,%lld deniz kabuğu toplandı! 🐚,%lld shell collected! 🐚,Push notification title celebrating a shell milestone. The argument is the player's total.
Localizable,notif.cards.title %lld,tr,plural.other,new,%lld deniz kabuğu toplandı! 🐚,%lld shells collected! 🐚,Push notification title celebrating a shell milestone. The argument is the player's total.
Localizable,notif.cards.title %lld,ug,plural.one,new,%lld دېڭىز قېپى يىغىلدى! 🐚,%lld shell collected! 🐚,Push notification title celebrating a shell milestone. The argument is the player's total.
Localizable,notif.cards.title %lld,ug,plural.other,new,%lld دېڭىز قېپى يىغىلدى! 🐚,%lld shells collected! 🐚,Push notification title celebrating a shell milestone. The argument is the player's total.
Localizable,notif.cards.title %lld,uk,plural.one,new,Зібрано %lld мушлю! 🐚,%lld shell collected! 🐚,Push notification title celebrating a shell milestone. The argument is the player's total.
Localizable,notif.cards.title %lld,uk,plural.other,new,Зібрано %lld мушель! 🐚,%lld shells collected! 🐚,Push notification title celebrating a shell milestone. The argument is the player's total.
Localizable,notif.cards.title %lld,ur,plural.one,new,%lld سیپی جمع ہوئی! 🐚,%lld shell collected! 🐚,Push notification title celebrating a shell milestone. The argument is the player's total.
Localizable,notif.cards.title %lld,ur,plural.other,new,%lld سیپیاں جمع ہوئیں! 🐚,%lld shells collected! 🐚,Push notification title celebrating a shell milestone. The argument is the player's total.
Localizable,notif.cards.title %lld,uz,plural.one,new,%lld ta chig‘anoq yig‘ildi! 🐚,%lld shell collected! 🐚,Push notification title celebrating a shell milestone. The argument is the player's total.
Localizable,notif.cards.title %lld,uz,plural.other,new,%lld ta chig‘anoq yig‘ildi! 🐚,%lld shells collected! 🐚,Push notification title celebrating a shell milestone. The argument is the player's total.
Localizable,notif.cards.title %lld,vi,plural.one,new,Đã nhặt %lld vỏ sò! 🐚,%lld shell collected! 🐚,Push notification title celebrating a shell milestone. The argument is the player's total.
Localizable,notif.cards.title %lld,vi,plural.other,new,Đã nhặt %lld vỏ sò! 🐚,%lld shells collected! 🐚,Push notification title celebrating a shell milestone. The argument is the player's total.
Localizable,notif.cards.title %lld,zh,plural.one,new,已收集 %lld 个贝壳！🐚,%lld shell collected! 🐚,Push notification title celebrating a shell milestone. The argument is the player's total.
Localizable,notif.cards.title %lld,zh,plural.other,new,已收集 %lld 个贝壳！🐚,%lld shells collected! 🐚,Push notification title celebrating a shell milestone. The argument is the player's total.
Localizable,notif.cards.title %lld,zu,plural.one,new,Kuqoqwe igobolondo elingu-%lld! 🐚,%lld shell collected! 🐚,Push notification title celebrating a shell milestone. The argument is the player's total.
Localizable,notif.cards.title %lld,zu,plural.other,new,Kuqoqwe amagobolondo angu-%lld! 🐚,%lld shells collected! 🐚,Push notification title celebrating a shell milestone. The argument is the player's total.
Localizable,notif.comeback.body,af,,new,Jou diere wag. Spring weer in en hou aan om skulpe te versamel!,Your animals are waiting. Jump back in and keep collecting shells!,"Push notification body after a long absence. Warm, never guilt-inducing."
Localizable,notif.comeback.body,am,,new,እንስሳትህ እየጠበቁህ ነው። ወደ ጨዋታው ተመለስና ዛጎሎችን መሰብሰብህን ቀጥል!,Your animals are waiting. Jump back in and keep collecting shells!,"Push notification body after a long absence. Warm, never guilt-inducing."
Localizable,notif.comeback.body,ar,,new,حيواناتك تنتظرك. عد إلى اللعب وواصل جمع الأصداف!,Your animals are waiting. Jump back in and keep collecting shells!,"Push notification body after a long absence. Warm, never guilt-inducing."
Localizable,notif.comeback.body,as,,new,তোমাৰ জন্তুবোৰে অপেক্ষা কৰি আছে। খেললৈ উভতি আহা আৰু শামুকৰ খোলা সংগ্ৰহ কৰি থাকা!,Your animals are waiting. Jump back in and keep collecting shells!,"Push notification body after a long absence. Warm, never guilt-inducing."
Localizable,notif.comeback.body,az,,new,Heyvanların səni gözləyir. Oyuna qayıt və dəniz qabıqları toplamağa davam et!,Your animals are waiting. Jump back in and keep collecting shells!,"Push notification body after a long absence. Warm, never guilt-inducing."
Localizable,notif.comeback.body,be,,new,Твае звяркі чакаюць. Вяртайся ў гульню і працягвай збіраць ракавінкі!,Your animals are waiting. Jump back in and keep collecting shells!,"Push notification body after a long absence. Warm, never guilt-inducing."
Localizable,notif.comeback.body,bg,,new,Твоите животни те чакат. Върни се в играта и продължи да събираш миди!,Your animals are waiting. Jump back in and keep collecting shells!,"Push notification body after a long absence. Warm, never guilt-inducing."
Localizable,notif.comeback.body,bn,,new,তোমার প্রাণীরা অপেক্ষা করছে। আবার খেলায় ফিরে এসে ঝিনুক সংগ্রহ করতে থাকো!,Your animals are waiting. Jump back in and keep collecting shells!,"Push notification body after a long absence. Warm, never guilt-inducing."
Localizable,notif.comeback.body,bo,,new,ཁྱོད་ཀྱི་སྲོག་ཆགས་ཚོས་སྒུག་བསྡད་ཡོད། རྩེད་མོར་ཕྱིར་ལོག་ནས་ཉ་ཕྱིས་མུ་མཐུད་བསྡུས།,Your animals are waiting. Jump back in and keep collecting shells!,"Push notification body after a long absence. Warm, never guilt-inducing."
Localizable,notif.comeback.body,bs,,new,Tvoje životinje čekaju. Vrati se u igru i nastavi prikupljati školjke!,Your animals are waiting. Jump back in and keep collecting shells!,"Push notification body after a long absence. Warm, never guilt-inducing."
Localizable,notif.comeback.body,ca,,new,Els teus animals t’esperen. Torna a jugar i continua recollint petxines!,Your animals are waiting. Jump back in and keep collecting shells!,"Push notification body after a long absence. Warm, never guilt-inducing."
Localizable,notif.comeback.body,cs,,new,Tvoje zvířátka čekají. Vrať se do hry a pokračuj ve sbírání mušlí!,Your animals are waiting. Jump back in and keep collecting shells!,"Push notification body after a long absence. Warm, never guilt-inducing."
Localizable,notif.comeback.body,cy,,new,Mae dy anifeiliaid yn aros. Neidia’n ôl i mewn a dal ati i gasglu cregyn!,Your animals are waiting. Jump back in and keep collecting shells!,"Push notification body after a long absence. Warm, never guilt-inducing."
Localizable,notif.comeback.body,da,,new,"Dine dyr venter. Hop ind igen, og bliv ved med at samle muslinger!",Your animals are waiting. Jump back in and keep collecting shells!,"Push notification body after a long absence. Warm, never guilt-inducing."
Localizable,notif.comeback.body,de,,new,Deine Tiere warten schon. Spring wieder rein und sammle weiter Muscheln!,Your animals are waiting. Jump back in and keep collecting shells!,"Push notification body after a long absence. Warm, never guilt-inducing."
Localizable,notif.comeback.body,el,,new,Τα ζωάκια σου περιμένουν. Μπες ξανά στο παιχνίδι και συνέχισε να μαζεύεις κοχύλια!,Your animals are waiting. Jump back in and keep collecting shells!,"Push notification body after a long absence. Warm, never guilt-inducing."
Localizable,notif.comeback.body,es,,new,Tus animales te esperan. ¡Vuelve al juego y sigue recogiendo conchas!,Your animals are waiting. Jump back in and keep collecting shells!,"Push notification body after a long absence. Warm, never guilt-inducing."
Localizable,notif.comeback.body,et,,new,Sinu loomad ootavad. Hüppa mängu tagasi ja jätka merekarpide kogumist!,Your animals are waiting. Jump back in and keep collecting shells!,"Push notification body after a long absence. Warm, never guilt-inducing."
Localizable,notif.comeback.body,eu,,new,Zure animaliak zain dituzu. Itzuli jokora eta jarraitu maskorrak biltzen!,Your animals are waiting. Jump back in and keep collecting shells!,"Push notification body after a long absence. Warm, never guilt-inducing."
Localizable,notif.comeback.body,fa,,new,حیوان‌هایت منتظرند. دوباره وارد بازی شو و به جمع کردن صدف‌ها ادامه بده!,Your animals are waiting. Jump back in and keep collecting shells!,"Push notification body after a long absence. Warm, never guilt-inducing."
Localizable,notif.comeback.body,fi,,new,Eläimesi odottavat. Hyppää takaisin peliin ja jatka simpukoiden keräämistä!,Your animals are waiting. Jump back in and keep collecting shells!,"Push notification body after a long absence. Warm, never guilt-inducing."
Localizable,notif.comeback.body,fo,,new,Djórini hjá tær bíða. Far inn aftur og halt fram at savna skel!,Your animals are waiting. Jump back in and keep collecting shells!,"Push notification body after a long absence. Warm, never guilt-inducing."
Localizable,notif.comeback.body,fr,,new,Tes animaux t’attendent. Reviens jouer et continue à ramasser des coquillages !,Your animals are waiting. Jump back in and keep collecting shells!,"Push notification body after a long absence. Warm, never guilt-inducing."
Localizable,notif.comeback.body,ga,,new,Tá d’ainmhithe ag fanacht. Léim isteach arís agus lean ort ag bailiú blaoscanna!,Your animals are waiting. Jump back in and keep collecting shells!,"Push notification body after a long absence. Warm, never guilt-inducing."
Localizable,notif.comeback.body,gl,,new,Os teus animais están agardando. Volve ao xogo e segue recollendo cunchas!,Your animals are waiting. Jump back in and keep collecting shells!,"Push notification body after a long absence. Warm, never guilt-inducing."
Localizable,notif.comeback.body,gu,,new,તમારા પ્રાણીઓ રાહ જોઈ રહ્યા છે. ફરી રમતમાં આવો અને છીપો ભેગી કરતા રહો!,Your animals are waiting. Jump back in and keep collecting shells!,"Push notification body after a long absence. Warm, never guilt-inducing."
Localizable,notif.comeback.body,he,,new,החיות שלך מחכות. חוזרים למשחק וממשיכים לאסוף צדפות!,Your animals are waiting. Jump back in and keep collecting shells!,"Push notification body after a long absence. Warm, never guilt-inducing."
Localizable,notif.comeback.body,hi,,new,तुम्हारे जानवर इंतज़ार कर रहे हैं। फिर से खेलो और सीपियाँ इकट्ठी करते रहो!,Your animals are waiting. Jump back in and keep collecting shells!,"Push notification body after a long absence. Warm, never guilt-inducing."
Localizable,notif.comeback.body,hr,,new,Tvoje životinje čekaju. Vrati se u igru i nastavi skupljati školjke!,Your animals are waiting. Jump back in and keep collecting shells!,"Push notification body after a long absence. Warm, never guilt-inducing."
Localizable,notif.comeback.body,hu,,new,"Az állataid várnak. Ugorj vissza a játékba, és gyűjts tovább kagylókat!",Your animals are waiting. Jump back in and keep collecting shells!,"Push notification body after a long absence. Warm, never guilt-inducing."
Localizable,notif.comeback.body,hy,,new,Քո կենդանիները սպասում են։ Վերադարձիր խաղ և շարունակիր խեցիներ հավաքել։,Your animals are waiting. Jump back in and keep collecting shells!,"Push notification body after a long absence. Warm, never guilt-inducing."
Localizable,notif.comeback.body,id,,new,Hewan-hewanmu sedang menunggu. Ayo main lagi dan lanjutkan mengumpulkan kerang!,Your animals are waiting. Jump back in and keep collecting shells!,"Push notification body after a long absence. Warm, never guilt-inducing."
Localizable,notif.comeback.body,is,,new,Dýrin þín bíða. Hoppaðu aftur inn og haltu áfram að safna skeljum!,Your animals are waiting. Jump back in and keep collecting shells!,"Push notification body after a long absence. Warm, never guilt-inducing."
Localizable,notif.comeback.body,it,,new,I tuoi animali ti aspettano. Torna a giocare e continua a raccogliere conchiglie!,Your animals are waiting. Jump back in and keep collecting shells!,"Push notification body after a long absence. Warm, never guilt-inducing."
Localizable,notif.comeback.body,ja,,new,どうぶつたちが待っているよ。また遊んで、貝がらを集めよう！,Your animals are waiting. Jump back in and keep collecting shells!,"Push notification body after a long absence. Warm, never guilt-inducing."
Localizable,notif.comeback.body,ka,,new,შენი ცხოველები გელოდებიან. დაბრუნდი თამაშში და გააგრძელე ნიჟარების შეგროვება!,Your animals are waiting. Jump back in and keep collecting shells!,"Push notification body after a long absence. Warm, never guilt-inducing."
Localizable,notif.comeback.body,kk,,new,"Жануарларың күтіп отыр. Ойынға қайта кіріп, бақалшақ жинауды жалғастыр!",Your animals are waiting. Jump back in and keep collecting shells!,"Push notification body after a long absence. Warm, never guilt-inducing."
Localizable,notif.comeback.body,km,,new,សត្វរបស់អ្នកកំពុងរង់ចាំ។ ត្រឡប់មកលេងវិញ ហើយបន្តប្រមូលសំបកខ្យង!,Your animals are waiting. Jump back in and keep collecting shells!,"Push notification body after a long absence. Warm, never guilt-inducing."
Localizable,notif.comeback.body,kn,,new,ನಿನ್ನ ಪ್ರಾಣಿಗಳು ಕಾಯುತ್ತಿವೆ. ಮತ್ತೆ ಆಟಕ್ಕೆ ಬಂದು ಚಿಪ್ಪುಗಳನ್ನು ಸಂಗ್ರಹಿಸುತ್ತಿರು!,Your animals are waiting. Jump back in and keep collecting shells!,"Push notification body after a long absence. Warm, never guilt-inducing."
Localizable,notif.comeback.body,ko,,new,동물 친구들이 기다리고 있어요. 다시 들어와 조개껍데기를 계속 모아 보세요!,Your animals are waiting. Jump back in and keep collecting shells!,"Push notification body after a long absence. Warm, never guilt-inducing."
Localizable,notif.comeback.body,lo,,new,ສັດຂອງເຈົ້າກຳລັງລໍຖ້າ. ກັບມາຫຼິ້ນ ແລະເກັບເປືອກຫອຍຕໍ່ໄປ!,Your animals are waiting. Jump back in and keep collecting shells!,"Push notification body after a long absence. Warm, never guilt-inducing."
Localizable,notif.comeback.body,lt,,new,Tavo gyvūnėliai laukia. Grįžk į žaidimą ir toliau rink kriaukles!,Your animals are waiting. Jump back in and keep collecting shells!,"Push notification body after a long absence. Warm, never guilt-inducing."
Localizable,notif.comeback.body,lv,,new,Tavi dzīvnieciņi gaida. Atgriezies spēlē un turpini vākt gliemežvākus!,Your animals are waiting. Jump back in and keep collecting shells!,"Push notification body after a long absence. Warm, never guilt-inducing."
Localizable,notif.comeback.body,mk,,new,Твоите животни чекаат. Врати се во играта и продолжи да собираш школки!,Your animals are waiting. Jump back in and keep collecting shells!,"Push notification body after a long absence. Warm, never guilt-inducing."
Localizable,notif.comeback.body,ml,,new,"നിന്റെ മൃഗങ്ങൾ കാത്തിരിക്കുന്നു. വീണ്ടും കളിക്കൂ, ചിപ്പികൾ ശേഖരിച്ചുകൊണ്ടിരിക്കുക!",Your animals are waiting. Jump back in and keep collecting shells!,"Push notification body after a long absence. Warm, never guilt-inducing."
Localizable,notif.comeback.body,mn,,new,Амьтад чинь хүлээж байна. Тоглоомдоо буцаж ороод хясаагаа үргэлжлүүлэн цуглуулаарай!,Your animals are waiting. Jump back in and keep collecting shells!,"Push notification body after a long absence. Warm, never guilt-inducing."
Localizable,notif.comeback.body,mr,,new,तुझे प्राणी वाट पाहत आहेत. पुन्हा खेळात ये आणि शिंपले गोळा करत राहा!,Your animals are waiting. Jump back in and keep collecting shells!,"Push notification body after a long absence. Warm, never guilt-inducing."
Localizable,notif.comeback.body,ms,,new,Haiwan kamu sedang menunggu. Masuk semula dan teruskan mengumpul cangkerang!,Your animals are waiting. Jump back in and keep collecting shells!,"Push notification body after a long absence. Warm, never guilt-inducing."
Localizable,notif.comeback.body,my,,new,မင်းရဲ့ တိရစ္ဆာန်လေးတွေ စောင့်နေကြတယ်။ ပြန်ကစားပြီး ခရုခွံတွေ ဆက်စုဆောင်းရအောင်!,Your animals are waiting. Jump back in and keep collecting shells!,"Push notification body after a long absence. Warm, never guilt-inducing."
Localizable,notif.comeback.body,nb,,new,Dyrene dine venter. Hopp inn igjen og fortsett å samle skjell!,Your animals are waiting. Jump back in and keep collecting shells!,"Push notification body after a long absence. Warm, never guilt-inducing."
Localizable,notif.comeback.body,ne,,new,तिम्रा जनावरहरू पर्खिरहेका छन्। फेरि खेलमा आऊ र सिपीहरू सङ्कलन गर्दै जाऊ!,Your animals are waiting. Jump back in and keep collecting shells!,"Push notification body after a long absence. Warm, never guilt-inducing."
Localizable,notif.comeback.body,or,,new,ତୁମର ପ୍ରାଣୀମାନେ ଅପେକ୍ଷା କରୁଛନ୍ତି। ପୁଣି ଖେଳକୁ ଫେରି ଶାମୁକା ଖୋଳ ସଂଗ୍ରହ କରିଚାଲ!,Your animals are waiting. Jump back in and keep collecting shells!,"Push notification body after a long absence. Warm, never guilt-inducing."
Localizable,notif.comeback.body,pa,,new,ਤੇਰੇ ਜਾਨਵਰ ਉਡੀਕ ਰਹੇ ਹਨ। ਮੁੜ ਗੇਮ ਵਿੱਚ ਆ ਅਤੇ ਸੀਪੀਆਂ ਇਕੱਠੀਆਂ ਕਰਦਾ ਰਹਿ!,Your animals are waiting. Jump back in and keep collecting shells!,"Push notification body after a long absence. Warm, never guilt-inducing."
Localizable,notif.comeback.body,pl,,new,Twoje zwierzaki czekają. Wróć do gry i zbieraj dalej muszle!,Your animals are waiting. Jump back in and keep collecting shells!,"Push notification body after a long absence. Warm, never guilt-inducing."
Localizable,notif.comeback.body,pt,,new,Os teus animais estão à espera. Volta ao jogo e continua a apanhar conchas!,Your animals are waiting. Jump back in and keep collecting shells!,"Push notification body after a long absence. Warm, never guilt-inducing."
Localizable,notif.comeback.body,ro,,new,Animalele tale te așteaptă. Intră din nou în joc și continuă să aduni scoici!,Your animals are waiting. Jump back in and keep collecting shells!,"Push notification body after a long absence. Warm, never guilt-inducing."
Localizable,notif.comeback.body,ru,,new,Твои зверята ждут. Возвращайся в игру и продолжай собирать ракушки!,Your animals are waiting. Jump back in and keep collecting shells!,"Push notification body after a long absence. Warm, never guilt-inducing."
Localizable,notif.comeback.body,si,,new,"ඔයාගේ සත්තු බලාගෙන ඉන්නවා. ආයෙත් ක්‍රීඩාවට එන්න, සිප්පි කටු එකතු කරගෙන යන්න!",Your animals are waiting. Jump back in and keep collecting shells!,"Push notification body after a long absence. Warm, never guilt-inducing."
Localizable,notif.comeback.body,sk,,new,Tvoje zvieratká čakajú. Vráť sa do hry a zbieraj ďalej mušle!,Your animals are waiting. Jump back in and keep collecting shells!,"Push notification body after a long absence. Warm, never guilt-inducing."
Localizable,notif.comeback.body,sl,,new,Tvoje živali čakajo. Vrni se v igro in nadaljuj z zbiranjem školjk!,Your animals are waiting. Jump back in and keep collecting shells!,"Push notification body after a long absence. Warm, never guilt-inducing."
Localizable,notif.comeback.body,sq,,new,Kafshët e tua po presin. Hyr përsëri në lojë dhe vazhdo të mbledhësh guaska!,Your animals are waiting. Jump back in and keep collecting shells!,"Push notification body after a long absence. Warm, never guilt-inducing."
Localizable,notif.comeback.body,sr,,new,Твоје животиње чекају. Врати се у игру и настави да сакупљаш шкољке!,Your animals are waiting. Jump back in and keep collecting shells!,"Push notification body after a long absence. Warm, never guilt-inducing."
Localizable,notif.comeback.body,sv,,new,Dina djur väntar. Hoppa in igen och fortsätt samla snäckor!,Your animals are waiting. Jump back in and keep collecting shells!,"Push notification body after a long absence. Warm, never guilt-inducing."
Localizable,notif.comeback.body,sw,,new,Wanyama wako wanasubiri. Rudi kwenye mchezo na uendelee kukusanya magamba!,Your animals are waiting. Jump back in and keep collecting shells!,"Push notification body after a long absence. Warm, never guilt-inducing."
Localizable,notif.comeback.body,ta,,new,உன் விலங்குகள் காத்திருக்கின்றன. மீண்டும் விளையாடி சிப்பிகளை தொடர்ந்து சேகரி!,Your animals are waiting. Jump back in and keep collecting shells!,"Push notification body after a long absence. Warm, never guilt-inducing."
Localizable,notif.comeback.body,te,,new,నీ జంతువులు ఎదురుచూస్తున్నాయి. మళ్లీ ఆటలోకి వచ్చి గవ్వలు సేకరిస్తూ ఉండు!,Your animals are waiting. Jump back in and keep collecting shells!,"Push notification body after a long absence. Warm, never guilt-inducing."
Localizable,notif.comeback.body,th,,new,เหล่าสัตว์ของคุณกำลังรออยู่ กลับมาเล่นแล้วเก็บเปลือกหอยต่อกันเถอะ!,Your animals are waiting. Jump back in and keep collecting shells!,"Push notification body after a long absence. Warm, never guilt-inducing."
Localizable,notif.comeback.body,tr,,new,Hayvanların seni bekliyor. Oyuna dön ve deniz kabuklarını toplamaya devam et!,Your animals are waiting. Jump back in and keep collecting shells!,"Push notification body after a long absence. Warm, never guilt-inducing."
Localizable,notif.comeback.body,ug,,new,ھايۋانلىرىڭىز سىزنى ساقلاۋاتىدۇ. ئويۇنغا قايتىپ، دېڭىز قېپى يىغىشنى داۋاملاشتۇرۇڭ!,Your animals are waiting. Jump back in and keep collecting shells!,"Push notification body after a long absence. Warm, never guilt-inducing."
Localizable,notif.comeback.body,uk,,new,Твої звірята чекають. Повертайся до гри й продовжуй збирати мушлі!,Your animals are waiting. Jump back in and keep collecting shells!,"Push notification body after a long absence. Warm, never guilt-inducing."
Localizable,notif.comeback.body,ur,,new,تمہارے جانور انتظار کر رہے ہیں۔ دوبارہ کھیل میں آؤ اور سیپیاں جمع کرتے رہو!,Your animals are waiting. Jump back in and keep collecting shells!,"Push notification body after a long absence. Warm, never guilt-inducing."
Localizable,notif.comeback.body,uz,,new,"Hayvonlaring seni kutyapti. O‘yinga qaytib, chig‘anoq yig‘ishda davom et!",Your animals are waiting. Jump back in and keep collecting shells!,"Push notification body after a long absence. Warm, never guilt-inducing."
Localizable,notif.comeback.body,vi,,new,Các bạn thú đang chờ bạn. Quay lại chơi và tiếp tục nhặt vỏ sò nhé!,Your animals are waiting. Jump back in and keep collecting shells!,"Push notification body after a long absence. Warm, never guilt-inducing."
Localizable,notif.comeback.body,zh,,new,你的动物伙伴们在等你。回来继续收集贝壳吧！,Your animals are waiting. Jump back in and keep collecting shells!,"Push notification body after a long absence. Warm, never guilt-inducing."
Localizable,notif.comeback.body,zu,,new,Izilwane zakho zilindile. Buyela emdlalweni uqhubeke nokuqoqa amagobolondo!,Your animals are waiting. Jump back in and keep collecting shells!,"Push notification body after a long absence. Warm, never guilt-inducing."
Localizable,notif.reactivate.body %lld,af,plural.one,new,Dit is %lld dag gelede. Kom ons doen ’n paar somme en versamel nog skulpe!,It’s been %lld day. Let’s solve some sums and collect more shells!,Push notification body after a very long absence. The argument is the number of days since the last session.
Localizable,notif.reactivate.body %lld,af,plural.other,new,Dit is %lld dae gelede. Kom ons doen ’n paar somme en versamel nog skulpe!,It’s been %lld days. Let’s solve some sums and collect more shells!,Push notification body after a very long absence. The argument is the number of days since the last session.
Localizable,notif.reactivate.body %lld,am,plural.one,new,%lld ቀን አልፏል። ጥቂት የሂሳብ ጥያቄዎችን እንፍታና ተጨማሪ ዛጎሎችን እንሰብስብ!,It’s been %lld day. Let’s solve some sums and collect more shells!,Push notification body after a very long absence. The argument is the number of days since the last session.
Localizable,notif.reactivate.body %lld,am,plural.other,new,%lld ቀናት አልፈዋል። ጥቂት የሂሳብ ጥያቄዎችን እንፍታና ተጨማሪ ዛጎሎችን እንሰብስብ!,It’s been %lld days. Let’s solve some sums and collect more shells!,Push notification body after a very long absence. The argument is the number of days since the last session.
Localizable,notif.reactivate.body %lld,ar,plural.one,new,مرّ %lld يوم. هيا نحل بعض مسائل الحساب ونجمع المزيد من الأصداف!,It’s been %lld day. Let’s solve some sums and collect more shells!,Push notification body after a very long absence. The argument is the number of days since the last session.
Localizable,notif.reactivate.body %lld,ar,plural.other,new,مرّت %lld أيام. هيا نحل بعض مسائل الحساب ونجمع المزيد من الأصداف!,It’s been %lld days. Let’s solve some sums and collect more shells!,Push notification body after a very long absence. The argument is the number of days since the last session.
Localizable,notif.reactivate.body %lld,as,plural.one,new,"%lld দিন হ’ল। আহা, কেইটামান অংক কৰোঁ আৰু অধিক শামুকৰ খোলা সংগ্ৰহ কৰোঁ!",It’s been %lld day. Let’s solve some sums and collect more shells!,Push notification body after a very long absence. The argument is the number of days since the last session.
Localizable,notif.reactivate.body %lld,as,plural.other,new,"%lld দিন হ’ল। আহা, কেইটামান অংক কৰোঁ আৰু অধিক শামুকৰ খোলা সংগ্ৰহ কৰোঁ!",It’s been %lld days. Let’s solve some sums and collect more shells!,Push notification body after a very long absence. The argument is the number of days since the last session.
Localizable,notif.reactivate.body %lld,az,plural.one,new,%lld gün keçib. Gəl bir neçə misal həll edək və daha çox dəniz qabığı toplayaq!,It’s been %lld day. Let’s solve some sums and collect more shells!,Push notification body after a very long absence. The argument is the number of days since the last session.
Localizable,notif.reactivate.body %lld,az,plural.other,new,%lld gün keçib. Gəl bir neçə misal həll edək və daha çox dəniz qabığı toplayaq!,It’s been %lld days. Let’s solve some sums and collect more shells!,Push notification body after a very long absence. The argument is the number of days since the last session.
Localizable,notif.reactivate.body %lld,be,plural.one,new,Прайшоў %lld дзень. Давай вырашым некалькі прыкладаў і збяром яшчэ ракавінак!,It’s been %lld day. Let’s solve some sums and collect more shells!,Push notification body after a very long absence. The argument is the number of days since the last session.
Localizable,notif.reactivate.body %lld,be,plural.other,new,Прайшло %lld дзён. Давай вырашым некалькі прыкладаў і збяром яшчэ ракавінак!,It’s been %lld days. Let’s solve some sums and collect more shells!,Push notification body after a very long absence. The argument is the number of days since the last session.
Localizable,notif.reactivate.body %lld,bg,plural.one,new,Мина %lld ден. Хайде да решим няколко задачи и да съберем още миди!,It’s been %lld day. Let’s solve some sums and collect more shells!,Push notification body after a very long absence. The argument is the number of days since the last session.
Localizable,notif.reactivate.body %lld,bg,plural.other,new,Минаха %lld дни. Хайде да решим няколко задачи и да съберем още миди!,It’s been %lld days. Let’s solve some sums and collect more shells!,Push notification body after a very long absence. The argument is the number of days since the last session.
Localizable,notif.reactivate.body %lld,bn,plural.one,new,%lld দিন হয়ে গেছে। চলো কয়েকটা অঙ্ক করি আর আরও ঝিনুক সংগ্রহ করি!,It’s been %lld day. Let’s solve some sums and collect more shells!,Push notification body after a very long absence. The argument is the number of days since the last session.
Localizable,notif.reactivate.body %lld,bn,plural.other,new,%lld দিন হয়ে গেছে। চলো কয়েকটা অঙ্ক করি আর আরও ঝিনুক সংগ্রহ করি!,It’s been %lld days. Let’s solve some sums and collect more shells!,Push notification body after a very long absence. The argument is the number of days since the last session.
Localizable,notif.reactivate.body %lld,bo,plural.one,new,ཉིན་ %lld འགོར་སོང་། རྩིས་རྒྱག་ཁ་ཤས་བྱས་ནས་ཉ་ཕྱིས་མང་ཙམ་བསྡུ་ཡ།,It’s been %lld day. Let’s solve some sums and collect more shells!,Push notification body after a very long absence. The argument is the number of days since the last session.
Localizable,notif.reactivate.body %lld,bo,plural.other,new,ཉིན་ %lld འགོར་སོང་། རྩིས་རྒྱག་ཁ་ཤས་བྱས་ནས་ཉ་ཕྱིས་མང་ཙམ་བསྡུ་ཡ།,It’s been %lld days. Let’s solve some sums and collect more shells!,Push notification body after a very long absence. The argument is the number of days since the last session.
Localizable,notif.reactivate.body %lld,bs,plural.one,new,Prošao je %lld dan. Hajde da riješimo nekoliko zadataka i prikupimo još školjki!,It’s been %lld day. Let’s solve some sums and collect more shells!,Push notification body after a very long absence. The argument is the number of days since the last session.
Localizable,notif.reactivate.body %lld,bs,plural.other,new,Prošlo je %lld dana. Hajde da riješimo nekoliko zadataka i prikupimo još školjki!,It’s been %lld days. Let’s solve some sums and collect more shells!,Push notification body after a very long absence. The argument is the number of days since the last session.
Localizable,notif.reactivate.body %lld,ca,plural.one,new,Ha passat %lld dia. Resolem unes quantes operacions i recollim més petxines!,It’s been %lld day. Let’s solve some sums and collect more shells!,Push notification body after a very long absence. The argument is the number of days since the last session.
Localizable,notif.reactivate.body %lld,ca,plural.other,new,Han passat %lld dies. Resolem unes quantes operacions i recollim més petxines!,It’s been %lld days. Let’s solve some sums and collect more shells!,Push notification body after a very long absence. The argument is the number of days since the last session.
Localizable,notif.reactivate.body %lld,cs,plural.one,new,Uplynul %lld den. Pojďme spočítat pár příkladů a nasbírat další mušle!,It’s been %lld day. Let’s solve some sums and collect more shells!,Push notification body after a very long absence. The argument is the number of days since the last session.
Localizable,notif.reactivate.body %lld,cs,plural.other,new,Uplynulo %lld dní. Pojďme spočítat pár příkladů a nasbírat další mušle!,It’s been %lld days. Let’s solve some sums and collect more shells!,Push notification body after a very long absence. The argument is the number of days since the last session.
Localizable,notif.reactivate.body %lld,cy,plural.one,new,Mae %lld diwrnod wedi mynd heibio. Dewch i ni wneud ychydig o symiau a chasglu mwy o gregyn!,It’s been %lld day. Let’s solve some sums and collect more shells!,Push notification body after a very long absence. The argument is the number of days since the last session.
Localizable,notif.reactivate.body %lld,cy,plural.other,new,Mae %lld diwrnod wedi mynd heibio. Dewch i ni wneud ychydig o symiau a chasglu mwy o gregyn!,It’s been %lld days. Let’s solve some sums and collect more shells!,Push notification body after a very long absence. The argument is the number of days since the last session.
Localizable,notif.reactivate.body %lld,da,plural.one,new,Der er gået %lld dag. Lad os regne nogle stykker og samle flere muslinger!,It’s been %lld day. Let’s solve some sums and collect more shells!,Push notification body after a very long absence. The argument is the number of days since the last session.
Localizable,notif.reactivate.body %lld,da,plural.other,new,Der er gået %lld dage. Lad os regne nogle stykker og samle flere muslinger!,It’s been %lld days. Let’s solve some sums and collect more shells!,Push notification body after a very long absence. The argument is the number of days since the last session.
Localizable,notif.reactivate.body %lld,de,plural.one,new,Es ist %lld Tag her. Lass uns ein paar Rechenaufgaben lösen und mehr Muscheln sammeln!,It’s been %lld day. Let’s solve some sums and collect more shells!,Push notification body after a very long absence. The argument is the number of days since the last session.
Localizable,notif.reactivate.body %lld,de,plural.other,new,Es sind %lld Tage her. Lass uns ein paar Rechenaufgaben lösen und mehr Muscheln sammeln!,It’s been %lld days. Let’s solve some sums and collect more shells!,Push notification body after a very long absence. The argument is the number of days since the last session.
Localizable,notif.reactivate.body %lld,el,plural.one,new,Πέρασε %lld μέρα. Πάμε να λύσουμε μερικές πράξεις και να μαζέψουμε κι άλλα κοχύλια!,It’s been %lld day. Let’s solve some sums and collect more shells!,Push notification body after a very long absence. The argument is the number of days since the last session.
Localizable,notif.reactivate.body %lld,el,plural.other,new,Πέρασαν %lld μέρες. Πάμε να λύσουμε μερικές πράξεις και να μαζέψουμε κι άλλα κοχύλια!,It’s been %lld days. Let’s solve some sums and collect more shells!,Push notification body after a very long absence. The argument is the number of days since the last session.
Localizable,notif.reactivate.body %lld,es,plural.one,new,Ha pasado %lld día. ¡Resolvamos unas cuentas y recojamos más conchas!,It’s been %lld day. Let’s solve some sums and collect more shells!,Push notification body after a very long absence. The argument is the number of days since the last session.
Localizable,notif.reactivate.body %lld,es,plural.other,new,Han pasado %lld días. ¡Resolvamos unas cuentas y recojamos más conchas!,It’s been %lld days. Let’s solve some sums and collect more shells!,Push notification body after a very long absence. The argument is the number of days since the last session.
Localizable,notif.reactivate.body %lld,et,plural.one,new,Möödunud on %lld päev. Lahendame mõned arvutused ja kogume veel merekarpe!,It’s been %lld day. Let’s solve some sums and collect more shells!,Push notification body after a very long absence. The argument is the number of days since the last session.
Localizable,notif.reactivate.body %lld,et,plural.other,new,Möödunud on %lld päeva. Lahendame mõned arvutused ja kogume veel merekarpe!,It’s been %lld days. Let’s solve some sums and collect more shells!,Push notification body after a very long absence. The argument is the number of days since the last session.
Localizable,notif.reactivate.body %lld,eu,plural.one,new,%lld egun igaro da. Ebatzi ditzagun kalkulu batzuk eta bil ditzagun maskor gehiago!,It’s been %lld day. Let’s solve some sums and collect more shells!,Push notification body after a very long absence. The argument is the number of days since the last session.
Localizable,notif.reactivate.body %lld,eu,plural.other,new,%lld egun igaro dira. Ebatzi ditzagun kalkulu batzuk eta bil ditzagun maskor gehiago!,It’s been %lld days. Let’s solve some sums and collect more shells!,Push notification body after a very long absence. The argument is the number of days since the last session.
Localizable,notif.reactivate.body %lld,fa,plural.one,new,%lld روز گذشته. بیا چند مسئلهٔ حساب حل کنیم و صدف‌های بیشتری جمع کنیم!,It’s been %lld day. Let’s solve some sums and collect more shells!,Push notification body after a very long absence. The argument is the number of days since the last session.
Localizable,notif.reactivate.body %lld,fa,plural.other,new,%lld روز گذشته. بیا چند مسئلهٔ حساب حل کنیم و صدف‌های بیشتری جمع کنیم!,It’s been %lld days. Let’s solve some sums and collect more shells!,Push notification body after a very long absence. The argument is the number of days since the last session.
Localizable,notif.reactivate.body %lld,fi,plural.one,new,On kulunut %lld päivä. Ratkaistaan muutama lasku ja kerätään lisää simpukoita!,It’s been %lld day. Let’s solve some sums and collect more shells!,Push notification body after a very long absence. The argument is the number of days since the last session.
Localizable,notif.reactivate.body %lld,fi,plural.other,new,On kulunut %lld päivää. Ratkaistaan muutama lasku ja kerätään lisää simpukoita!,It’s been %lld days. Let’s solve some sums and collect more shells!,Push notification body after a very long absence. The argument is the number of days since the last session.
Localizable,notif.reactivate.body %lld,fo,plural.one,new,%lld dagur er farin. Latið okkum rokna nøkur dømi og savna fleiri skel!,It’s been %lld day. Let’s solve some sums and collect more shells!,Push notification body after a very long absence. The argument is the number of days since the last session.
Localizable,notif.reactivate.body %lld,fo,plural.other,new,%lld dagar eru farnir. Latið okkum rokna nøkur dømi og savna fleiri skel!,It’s been %lld days. Let’s solve some sums and collect more shells!,Push notification body after a very long absence. The argument is the number of days since the last session.
Localizable,notif.reactivate.body %lld,fr,plural.one,new,Cela fait %lld jour. Résolvons quelques calculs et ramassons encore des coquillages !,It’s been %lld day. Let’s solve some sums and collect more shells!,Push notification body after a very long absence. The argument is the number of days since the last session.
Localizable,notif.reactivate.body %lld,fr,plural.other,new,Cela fait %lld jours. Résolvons quelques calculs et ramassons encore des coquillages !,It’s been %lld days. Let’s solve some sums and collect more shells!,Push notification body after a very long absence. The argument is the number of days since the last session.
Localizable,notif.reactivate.body %lld,ga,plural.one,new,Tá %lld lá caite. Déanaimis cúpla suim agus bailímis tuilleadh blaoscanna!,It’s been %lld day. Let’s solve some sums and collect more shells!,Push notification body after a very long absence. The argument is the number of days since the last session.
Localizable,notif.reactivate.body %lld,ga,plural.other,new,Tá %lld lá caite. Déanaimis cúpla suim agus bailímis tuilleadh blaoscanna!,It’s been %lld days. Let’s solve some sums and collect more shells!,Push notification body after a very long absence. The argument is the number of days since the last session.
Localizable,notif.reactivate.body %lld,gl,plural.one,new,Pasou %lld día. Imos resolver unhas contas e recoller máis cunchas!,It’s been %lld day. Let’s solve some sums and collect more shells!,Push notification body after a very long absence. The argument is the number of days since the last session.
Localizable,notif.reactivate.body %lld,gl,plural.other,new,Pasaron %lld días. Imos resolver unhas contas e recoller máis cunchas!,It’s been %lld days. Let’s solve some sums and collect more shells!,Push notification body after a very long absence. The argument is the number of days since the last session.
Localizable,notif.reactivate.body %lld,gu,plural.one,new,%lld દિવસ થયો. ચાલો થોડા ગણિતના દાખલા ઉકેલીએ અને વધુ છીપો ભેગી કરીએ!,It’s been %lld day. Let’s solve some sums and collect more shells!,Push notification body after a very long absence. The argument is the number of days since the last session.
Localizable,notif.reactivate.body %lld,gu,plural.other,new,%lld દિવસ થયા. ચાલો થોડા ગણિતના દાખલા ઉકેલીએ અને વધુ છીપો ભેગી કરીએ!,It’s been %lld days. Let’s solve some sums and collect more shells!,Push notification body after a very long absence. The argument is the number of days since the last session.
Localizable,notif.reactivate.body %lld,he,plural.one,new,עבר יום %lld. בואו נפתור כמה תרגילי חשבון ונאסוף עוד צדפות!,It’s been %lld day. Let’s solve some sums and collect more shells!,Push notification body after a very long absence. The argument is the number of days since the last session.
Localizable,notif.reactivate.body %lld,he,plural.other,new,עברו %lld ימים. בואו נפתור כמה תרגילי חשבון ונאסוף עוד צדפות!,It’s been %lld days. Let’s solve some sums and collect more shells!,Push notification body after a very long absence. The argument is the number of days since the last session.
Localizable,notif.reactivate.body %lld,hi,plural.one,new,%lld दिन हो गया है। चलो कुछ गणित के सवाल हल करें और ज़्यादा सीपियाँ इकट्ठी करें!,It’s been %lld day. Let’s solve some sums and collect more shells!,Push notification body after a very long absence. The argument is the number of days since the last session.
Localizable,notif.reactivate.body %lld,hi,plural.other,new,%lld दिन हो गए हैं। चलो कुछ गणित के सवाल हल करें और ज़्यादा सीपियाँ इकट्ठी करें!,It’s been %lld days. Let’s solve some sums and collect more shells!,Push notification body after a very long absence. The argument is the number of days since the last session.
Localizable,notif.reactivate.body %lld,hr,plural.one,new,Prošao je %lld dan. Riješimo nekoliko zadataka i skupimo još školjki!,It’s been %lld day. Let’s solve some sums and collect more shells!,Push notification body after a very long absence. The argument is the number of days since the last session.
Localizable,notif.reactivate.body %lld,hr,plural.other,new,Prošlo je %lld dana. Riješimo nekoliko zadataka i skupimo još školjki!,It’s been %lld days. Let’s solve some sums and collect more shells!,Push notification body after a very long absence. The argument is the number of days since the last session.
Localizable,notif.reactivate.body %lld,hu,plural.one,new,"Eltelt %lld nap. Oldjunk meg néhány feladatot, és gyűjtsünk még több kagylót!",It’s been %lld day. Let’s solve some sums and collect more shells!,Push notification body after a very long absence. The argument is the number of days since the last session.
Localizable,notif.reactivate.body %lld,hu,plural.other,new,"Eltelt %lld nap. Oldjunk meg néhány feladatot, és gyűjtsünk még több kagylót!",It’s been %lld days. Let’s solve some sums and collect more shells!,Push notification body after a very long absence. The argument is the number of days since the last session.
Localizable,notif.reactivate.body %lld,hy,plural.one,new,Անցել է %lld օր։ Եկ մի քանի օրինակ լուծենք ու ավելի շատ խեցիներ հավաքենք։,It’s been %lld day. Let’s solve some sums and collect more shells!,Push notification body after a very long absence. The argument is the number of days since the last session.
Localizable,notif.reactivate.body %lld,hy,plural.other,new,Անցել է %lld օր։ Եկ մի քանի օրինակ լուծենք ու ավելի շատ խեցիներ հավաքենք։,It’s been %lld days. Let’s solve some sums and collect more shells!,Push notification body after a very long absence. The argument is the number of days since the last session.
Localizable,notif.reactivate.body %lld,id,plural.one,new,"Sudah %lld hari. Yuk, selesaikan beberapa soal hitung dan kumpulkan lebih banyak kerang!",It’s been %lld day. Let’s solve some sums and collect more shells!,Push notification body after a very long absence. The argument is the number of days since the last session.
Localizable,notif.reactivate.body %lld,id,plural.other,new,"Sudah %lld hari. Yuk, selesaikan beberapa soal hitung dan kumpulkan lebih banyak kerang!",It’s been %lld days. Let’s solve some sums and collect more shells!,Push notification body after a very long absence. The argument is the number of days since the last session.
Localizable,notif.reactivate.body %lld,is,plural.one,new,Það er liðinn %lld dagur. Leysum nokkur dæmi og söfnum fleiri skeljum!,It’s been %lld day. Let’s solve some sums and collect more shells!,Push notification body after a very long absence. The argument is the number of days since the last session.
Localizable,notif.reactivate.body %lld,is,plural.other,new,Það eru liðnir %lld dagar. Leysum nokkur dæmi og söfnum fleiri skeljum!,It’s been %lld days. Let’s solve some sums and collect more shells!,Push notification body after a very long absence. The argument is the number of days since the last session.
Localizable,notif.reactivate.body %lld,it,plural.one,new,È passato %lld giorno. Risolviamo qualche operazione e raccogliamo altre conchiglie!,It’s been %lld day. Let’s solve some sums and collect more shells!,Push notification body after a very long absence. The argument is the number of days since the last session.
Localizable,notif.reactivate.body %lld,it,plural.other,new,Sono passati %lld giorni. Risolviamo qualche operazione e raccogliamo altre conchiglie!,It’s been %lld days. Let’s solve some sums and collect more shells!,Push notification body after a very long absence. The argument is the number of days since the last session.
Localizable,notif.reactivate.body %lld,ja,plural.one,new,%lld日ぶりだね。計算問題をいくつか解いて、貝がらをもっと集めよう！,It’s been %lld day. Let’s solve some sums and collect more shells!,Push notification body after a very long absence. The argument is the number of days since the last session.
Localizable,notif.reactivate.body %lld,ja,plural.other,new,%lld日ぶりだね。計算問題をいくつか解いて、貝がらをもっと集めよう！,It’s been %lld days. Let’s solve some sums and collect more shells!,Push notification body after a very long absence. The argument is the number of days since the last session.
Localizable,notif.reactivate.body %lld,ka,plural.one,new,გავიდა %lld დღე. მოდი რამდენიმე მაგალითი ამოვხსნათ და მეტი ნიჟარა შევაგროვოთ!,It’s been %lld day. Let’s solve some sums and collect more shells!,Push notification body after a very long absence. The argument is the number of days since the last session.
Localizable,notif.reactivate.body %lld,ka,plural.other,new,გავიდა %lld დღე. მოდი რამდენიმე მაგალითი ამოვხსნათ და მეტი ნიჟარა შევაგროვოთ!,It’s been %lld days. Let’s solve some sums and collect more shells!,Push notification body after a very long absence. The argument is the number of days since the last session.
Localizable,notif.reactivate.body %lld,kk,plural.one,new,"%lld күн өтті. Бірнеше есеп шығарып, тағы бақалшақ жинайық!",It’s been %lld day. Let’s solve some sums and collect more shells!,Push notification body after a very long absence. The argument is the number of days since the last session.
Localizable,notif.reactivate.body %lld,kk,plural.other,new,"%lld күн өтті. Бірнеше есеп шығарып, тағы бақалшақ жинайық!",It’s been %lld days. Let’s solve some sums and collect more shells!,Push notification body after a very long absence. The argument is the number of days since the last session.
Localizable,notif.reactivate.body %lld,km,plural.one,new,កន្លងទៅ %lld ថ្ងៃហើយ។ តោះដោះលំហាត់គណិតវិទ្យាខ្លះ ហើយប្រមូលសំបកខ្យងបន្ថែម!,It’s been %lld day. Let’s solve some sums and collect more shells!,Push notification body after a very long absence. The argument is the number of days since the last session.
Localizable,notif.reactivate.body %lld,km,plural.other,new,កន្លងទៅ %lld ថ្ងៃហើយ។ តោះដោះលំហាត់គណិតវិទ្យាខ្លះ ហើយប្រមូលសំបកខ្យងបន្ថែម!,It’s been %lld days. Let’s solve some sums and collect more shells!,Push notification body after a very long absence. The argument is the number of days since the last session.
Localizable,notif.reactivate.body %lld,kn,plural.one,new,%lld ದಿನವಾಗಿದೆ. ಕೆಲವು ಲೆಕ್ಕಗಳನ್ನು ಬಿಡಿಸಿ ಇನ್ನಷ್ಟು ಚಿಪ್ಪುಗಳನ್ನು ಸಂಗ್ರಹಿಸೋಣ!,It’s been %lld day. Let’s solve some sums and collect more shells!,Push notification body after a very long absence. The argument is the number of days since the last session.
Localizable,notif.reactivate.body %lld,kn,plural.other,new,%lld ದಿನಗಳಾಗಿವೆ. ಕೆಲವು ಲೆಕ್ಕಗಳನ್ನು ಬಿಡಿಸಿ ಇನ್ನಷ್ಟು ಚಿಪ್ಪುಗಳನ್ನು ಸಂಗ್ರಹಿಸೋಣ!,It’s been %lld days. Let’s solve some sums and collect more shells!,Push notification body after a very long absence. The argument is the number of days since the last session.
Localizable,notif.reactivate.body %lld,ko,plural.one,new,%lld일 만이에요. 계산 문제를 몇 개 풀고 조개껍데기를 더 모아 볼까요?,It’s been %lld day. Let’s solve some sums and collect more shells!,Push notification body after a very long absence. The argument is the number of days since the last session.
Localizable,notif.reactivate.body %lld,ko,plural.other,new,%lld일 만이에요. 계산 문제를 몇 개 풀고 조개껍데기를 더 모아 볼까요?,It’s been %lld days. Let’s solve some sums and collect more shells!,Push notification body after a very long absence. The argument is the number of days since the last session.
Localizable,notif.reactivate.body %lld,lo,plural.one,new,ຜ່ານໄປ %lld ມື້ແລ້ວ. ມາແກ້ໂຈດຄະນິດສາດຈັກໜ່ອຍ ແລະເກັບເປືອກຫອຍເພີ່ມກັນ!,It’s been %lld day. Let’s solve some sums and collect more shells!,Push notification body after a very long absence. The argument is the number of days since the last session.
Localizable,notif.reactivate.body %lld,lo,plural.other,new,ຜ່ານໄປ %lld ມື້ແລ້ວ. ມາແກ້ໂຈດຄະນິດສາດຈັກໜ່ອຍ ແລະເກັບເປືອກຫອຍເພີ່ມກັນ!,It’s been %lld days. Let’s solve some sums and collect more shells!,Push notification body after a very long absence. The argument is the number of days since the last session.
Localizable,notif.reactivate.body %lld,lt,plural.one,new,Praėjo %lld diena. Išspręskime kelis veiksmus ir surinkime daugiau kriauklių!,It’s been %lld day. Let’s solve some sums and collect more shells!,Push notification body after a very long absence. The argument is the number of days since the last session.
Localizable,notif.reactivate.body %lld,lt,plural.other,new,Praėjo %lld dienos. Išspręskime kelis veiksmus ir surinkime daugiau kriauklių!,It’s been %lld days. Let’s solve some sums and collect more shells!,Push notification body after a very long absence. The argument is the number of days since the last session.
Localizable,notif.reactivate.body %lld,lv,plural.one,new,Pagājusi %lld diena. Atrisināsim dažus piemērus un savāksim vēl gliemežvākus!,It’s been %lld day. Let’s solve some sums and collect more shells!,Push notification body after a very long absence. The argument is the number of days since the last session.
Localizable,notif.reactivate.body %lld,lv,plural.other,new,Pagājušas %lld dienas. Atrisināsim dažus piemērus un savāksim vēl gliemežvākus!,It’s been %lld days. Let’s solve some sums and collect more shells!,Push notification body after a very long absence. The argument is the number of days since the last session.
Localizable,notif.reactivate.body %lld,mk,plural.one,new,Помина %lld ден. Ајде да решиме неколку задачи и да собереме уште школки!,It’s been %lld day. Let’s solve some sums and collect more shells!,Push notification body after a very long absence. The argument is the number of days since the last session.
Localizable,notif.reactivate.body %lld,mk,plural.other,new,Поминаа %lld дена. Ајде да решиме неколку задачи и да собереме уште школки!,It’s been %lld days. Let’s solve some sums and collect more shells!,Push notification body after a very long absence. The argument is the number of days since the last session.
Localizable,notif.reactivate.body %lld,ml,plural.one,new,"%lld ദിവസം ആയി. കുറച്ച് കണക്കുകൾ ചെയ്യാം, കൂടുതൽ ചിപ്പികൾ ശേഖരിക്കാം!",It’s been %lld day. Let’s solve some sums and collect more shells!,Push notification body after a very long absence. The argument is the number of days since the last session.
Localizable,notif.reactivate.body %lld,ml,plural.other,new,"%lld ദിവസങ്ങൾ ആയി. കുറച്ച് കണക്കുകൾ ചെയ്യാം, കൂടുതൽ ചിപ്പികൾ ശേഖരിക്കാം!",It’s been %lld days. Let’s solve some sums and collect more shells!,Push notification body after a very long absence. The argument is the number of days since the last session.
Localizable,notif.reactivate.body %lld,mn,plural.one,new,"%lld өдөр өнгөрлөө. Хэдэн бодлого бодоод, илүү олон хясаа цуглуулцгаая!",It’s been %lld day. Let’s solve some sums and collect more shells!,Push notification body after a very long absence. The argument is the number of days since the last session.
Localizable,notif.reactivate.body %lld,mn,plural.other,new,"%lld өдөр өнгөрлөө. Хэдэн бодлого бодоод, илүү олон хясаа цуглуулцгаая!",It’s been %lld days. Let’s solve some sums and collect more shells!,Push notification body after a very long absence. The argument is the number of days since the last session.
Localizable,notif.reactivate.body %lld,mr,plural.one,new,"%lld दिवस झाला. चल, काही गणितं सोडवू आणि आणखी शिंपले गोळा करू!",It’s been %lld day. Let’s solve some sums and collect more shells!,Push notification body after a very long absence. The argument is the number of days since the last session.
Localizable,notif.reactivate.body %lld,mr,plural.other,new,"%lld दिवस झाले. चल, काही गणितं सोडवू आणि आणखी शिंपले गोळा करू!",It’s been %lld days. Let’s solve some sums and collect more shells!,Push notification body after a very long absence. The argument is the number of days since the last session.
Localizable,notif.reactivate.body %lld,ms,plural.one,new,Sudah %lld hari. Mari selesaikan beberapa soalan kira-kira dan kumpul lebih banyak cangkerang!,It’s been %lld day. Let’s solve some sums and collect more shells!,Push notification body after a very long absence. The argument is the number of days since the last session.
Localizable,notif.reactivate.body %lld,ms,plural.other,new,Sudah %lld hari. Mari selesaikan beberapa soalan kira-kira dan kumpul lebih banyak cangkerang!,It’s been %lld days. Let’s solve some sums and collect more shells!,Push notification body after a very long absence. The argument is the number of days since the last session.
Localizable,notif.reactivate.body %lld,my,plural.one,new,%lld ရက်ရှိပြီ။ သင်္ချာပုစ္ဆာအနည်းငယ် ဖြေပြီး ခရုခွံတွေ ပိုစုဆောင်းရအောင်!,It’s been %lld day. Let’s solve some sums and collect more shells!,Push notification body after a very long absence. The argument is the number of days since the last session.
Localizable,notif.reactivate.body %lld,my,plural.other,new,%lld ရက်ရှိပြီ။ သင်္ချာပုစ္ဆာအနည်းငယ် ဖြေပြီး ခရုခွံတွေ ပိုစုဆောင်းရအောင်!,It’s been %lld days. Let’s solve some sums and collect more shells!,Push notification body after a very long absence. The argument is the number of days since the last session.
Localizable,notif.reactivate.body %lld,nb,plural.one,new,Det har gått %lld dag. La oss løse noen regnestykker og samle flere skjell!,It’s been %lld day. Let’s solve some sums and collect more shells!,Push notification body after a very long absence. The argument is the number of days since the last session.
Localizable,notif.reactivate.body %lld,nb,plural.other,new,Det har gått %lld dager. La oss løse noen regnestykker og samle flere skjell!,It’s been %lld days. Let’s solve some sums and collect more shells!,Push notification body after a very long absence. The argument is the number of days since the last session.
Localizable,notif.reactivate.body %lld,ne,plural.one,new,%lld दिन भयो। केही हिसाबका प्रश्न हल गरौँ र अझ धेरै सिपीहरू सङ्कलन गरौँ!,It’s been %lld day. Let’s solve some sums and collect more shells!,Push notification body after a very long absence. The argument is the number of days since the last session.
Localizable,notif.reactivate.body %lld,ne,plural.other,new,%lld दिन भए। केही हिसाबका प्रश्न हल गरौँ र अझ धेरै सिपीहरू सङ्कलन गरौँ!,It’s been %lld days. Let’s solve some sums and collect more shells!,Push notification body after a very long absence. The argument is the number of days since the last session.
Localizable,notif.reactivate.body %lld,or,plural.one,new,"%lld ଦିନ ହେଲା। ଚାଲ, କିଛି ଗଣିତ କରିବା ଏବଂ ଆଉ ଶାମୁକା ଖୋଳ ସଂଗ୍ରହ କରିବା!",It’s been %lld day. Let’s solve some sums and collect more shells!,Push notification body after a very long absence. The argument is the number of days since the last session.
Localizable,notif.reactivate.body %lld,or,plural.other,new,"%lld ଦିନ ହେଲା। ଚାଲ, କିଛି ଗଣିତ କରିବା ଏବଂ ଆଉ ଶାମୁକା ଖୋଳ ସଂଗ୍ରହ କରିବା!",It’s been %lld days. Let’s solve some sums and collect more shells!,Push notification body after a very long absence. The argument is the number of days since the last session.
Localizable,notif.reactivate.body %lld,pa,plural.one,new,%lld ਦਿਨ ਹੋ ਗਿਆ ਹੈ। ਆਓ ਕੁਝ ਹਿਸਾਬ ਦੇ ਸਵਾਲ ਹੱਲ ਕਰੀਏ ਅਤੇ ਹੋਰ ਸੀਪੀਆਂ ਇਕੱਠੀਆਂ ਕਰੀਏ!,It’s been %lld day. Let’s solve some sums and collect more shells!,Push notification body after a very long absence. The argument is the number of days since the last session.
Localizable,notif.reactivate.body %lld,pa,plural.other,new,%lld ਦਿਨ ਹੋ ਗਏ ਹਨ। ਆਓ ਕੁਝ ਹਿਸਾਬ ਦੇ ਸਵਾਲ ਹੱਲ ਕਰੀਏ ਅਤੇ ਹੋਰ ਸੀਪੀਆਂ ਇਕੱਠੀਆਂ ਕਰੀਏ!,It’s been %lld days. Let’s solve some sums and collect more shells!,Push notification body after a very long absence. The argument is the number of days since the last session.
Localizable,notif.reactivate.body %lld,pl,plural.one,new,Minął %lld dzień. Rozwiążmy kilka działań i zbierzmy więcej muszli!,It’s been %lld day. Let’s solve some sums and collect more shells!,Push notification body after a very long absence. The argument is the number of days since the last session.
Localizable,notif.reactivate.body %lld,pl,plural.other,new,Minęło %lld dni. Rozwiążmy kilka działań i zbierzmy więcej muszli!,It’s been %lld days. Let’s solve some sums and collect more shells!,Push notification body after a very long absence. The argument is the number of days since the last session.
Localizable,notif.reactivate.body %lld,pt,plural.one,new,Passou %lld dia. Vamos resolver umas contas e apanhar mais conchas!,It’s been %lld day. Let’s solve some sums and collect more shells!,Push notification body after a very long absence. The argument is the number of days since the last session.
Localizable,notif.reactivate.body %lld,pt,plural.other,new,Passaram %lld dias. Vamos resolver umas contas e apanhar mais conchas!,It’s been %lld days. Let’s solve some sums and collect more shells!,Push notification body after a very long absence. The argument is the number of days since the last session.
Localizable,notif.reactivate.body %lld,ro,plural.one,new,A trecut %lld zi. Hai să rezolvăm câteva calcule și să adunăm mai multe scoici!,It’s been %lld day. Let’s solve some sums and collect more shells!,Push notification body after a very long absence. The argument is the number of days since the last session.
Localizable,notif.reactivate.body %lld,ro,plural.other,new,Au trecut %lld zile. Hai să rezolvăm câteva calcule și să adunăm mai multe scoici!,It’s been %lld days. Let’s solve some sums and collect more shells!,Push notification body after a very long absence. The argument is the number of days since the last session.
Localizable,notif.reactivate.body %lld,ru,plural.one,new,Прошёл %lld день. Давай решим несколько примеров и соберём ещё ракушек!,It’s been %lld day. Let’s solve some sums and collect more shells!,Push notification body after a very long absence. The argument is the number of days since the last session.
Localizable,notif.reactivate.body %lld,ru,plural.other,new,Прошло %lld дней. Давай решим несколько примеров и соберём ещё ракушек!,It’s been %lld days. Let’s solve some sums and collect more shells!,Push notification body after a very long absence. The argument is the number of days since the last session.
Localizable,notif.reactivate.body %lld,si,plural.one,new,දවස %lldක් ගියා. ගණන් ටිකක් විසඳලා තවත් සිප්පි කටු එකතු කරමු!,It’s been %lld day. Let’s solve some sums and collect more shells!,Push notification body after a very long absence. The argument is the number of days since the last session.
Localizable,notif.reactivate.body %lld,si,plural.other,new,දවස් %lldක් ගියා. ගණන් ටිකක් විසඳලා තවත් සිප්පි කටු එකතු කරමු!,It’s been %lld days. Let’s solve some sums and collect more shells!,Push notification body after a very long absence. The argument is the number of days since the last session.
Localizable,notif.reactivate.body %lld,sk,plural.one,new,Prešiel %lld deň. Poďme vyriešiť pár príkladov a nazbierať ďalšie mušle!,It’s been %lld day. Let’s solve some sums and collect more shells!,Push notification body after a very long absence. The argument is the number of days since the last session.
Localizable,notif.reactivate.body %lld,sk,plural.other,new,Prešlo %lld dní. Poďme vyriešiť pár príkladov a nazbierať ďalšie mušle!,It’s been %lld days. Let’s solve some sums and collect more shells!,Push notification body after a very long absence. The argument is the number of days since the last session.
Localizable,notif.reactivate.body %lld,sl,plural.one,new,Minil je %lld dan. Rešimo nekaj računov in zberimo še več školjk!,It’s been %lld day. Let’s solve some sums and collect more shells!,Push notification body after a very long absence. The argument is the number of days since the last session.
Localizable,notif.reactivate.body %lld,sl,plural.other,new,Minilo je %lld dni. Rešimo nekaj računov in zberimo še več školjk!,It’s been %lld days. Let’s solve some sums and collect more shells!,Push notification body after a very long absence. The argument is the number of days since the last session.
Localizable,notif.reactivate.body %lld,sq,plural.one,new,Ka kaluar %lld ditë. Le të zgjidhim disa ushtrime dhe të mbledhim më shumë guaska!,It’s been %lld day. Let’s solve some sums and collect more shells!,Push notification body after a very long absence. The argument is the number of days since the last session.
Localizable,notif.reactivate.body %lld,sq,plural.other,new,Kanë kaluar %lld ditë. Le të zgjidhim disa ushtrime dhe të mbledhim më shumë guaska!,It’s been %lld days. Let’s solve some sums and collect more shells!,Push notification body after a very long absence. The argument is the number of days since the last session.
Localizable,notif.reactivate.body %lld,sr,plural.one,new,Прошао је %lld дан. Хајде да решимо неколико задатака и сакупимо још шкољки!,It’s been %lld day. Let’s solve some sums and collect more shells!,Push notification body after a very long absence. The argument is the number of days since the last session.
Localizable,notif.reactivate.body %lld,sr,plural.other,new,Прошло је %lld дана. Хајде да решимо неколико задатака и сакупимо још шкољки!,It’s been %lld days. Let’s solve some sums and collect more shells!,Push notification body after a very long absence. The argument is the number of days since the last session.
Localizable,notif.reactivate.body %lld,sv,plural.one,new,Det har gått %lld dag. Nu löser vi några tal och samlar fler snäckor!,It’s been %lld day. Let’s solve some sums and collect more shells!,Push notification body after a very long absence. The argument is the number of days since the last session.
Localizable,notif.reactivate.body %lld,sv,plural.other,new,Det har gått %lld dagar. Nu löser vi några tal och samlar fler snäckor!,It’s been %lld days. Let’s solve some sums and collect more shells!,Push notification body after a very long absence. The argument is the number of days since the last session.
Localizable,notif.reactivate.body %lld,sw,plural.one,new,Imepita siku %lld. Hebu tufanye hesabu chache na kukusanya magamba zaidi!,It’s been %lld day. Let’s solve some sums and collect more shells!,Push notification body after a very long absence. The argument is the number of days since the last session.
Localizable,notif.reactivate.body %lld,sw,plural.other,new,Zimepita siku %lld. Hebu tufanye hesabu chache na kukusanya magamba zaidi!,It’s been %lld days. Let’s solve some sums and collect more shells!,Push notification body after a very long absence. The argument is the number of days since the last session.
Localizable,notif.reactivate.body %lld,ta,plural.one,new,%lld நாள் ஆகிவிட்டது. சில கணக்குகளைப் போட்டு இன்னும் அதிக சிப்பிகளை சேகரிப்போம்!,It’s been %lld day. Let’s solve some sums and collect more shells!,Push notification body after a very long absence. The argument is the number of days since the last session.
Localizable,notif.reactivate.body %lld,ta,plural.other,new,%lld நாட்கள் ஆகிவிட்டன. சில கணக்குகளைப் போட்டு இன்னும் அதிக சிப்பிகளை சேகரிப்போம்!,It’s been %lld days. Let’s solve some sums and collect more shells!,Push notification body after a very long absence. The argument is the number of days since the last session.
Localizable,notif.reactivate.body %lld,te,plural.one,new,"%lld రోజు అయింది. కొన్ని లెక్కలు చేద్దాం, ఇంకా గవ్వలు సేకరిద్దాం!",It’s been %lld day. Let’s solve some sums and collect more shells!,Push notification body after a very long absence. The argument is the number of days since the last session.
Localizable,notif.reactivate.body %lld,te,plural.other,new,"%lld రోజులు అయ్యాయి. కొన్ని లెక్కలు చేద్దాం, ఇంకా గవ్వలు సేకరిద్దాం!",It’s been %lld days. Let’s solve some sums and collect more shells!,Push notification body after a very long absence. The argument is the number of days since the last session.
Localizable,notif.reactivate.body %lld,th,plural.one,new,ผ่านไป %lld วันแล้ว มาทำโจทย์คณิตศาสตร์สักหน่อยแล้วเก็บเปลือกหอยเพิ่มกันเถอะ!,It’s been %lld day. Let’s solve some sums and collect more shells!,Push notification body after a very long absence. The argument is the number of days since the last session.
Localizable,notif.reactivate.body %lld,th,plural.other,new,ผ่านไป %lld วันแล้ว มาทำโจทย์คณิตศาสตร์สักหน่อยแล้วเก็บเปลือกหอยเพิ่มกันเถอะ!,It’s been %lld days. Let’s solve some sums and collect more shells!,Push notification body after a very long absence. The argument is the number of days since the last session.
Localizable,notif.reactivate.body %lld,tr,plural.one,new,%lld gün geçti. Hadi birkaç işlem çözüp daha fazla deniz kabuğu toplayalım!,It’s been %lld day. Let’s solve some sums and collect more shells!,Push notification body after a very long absence. The argument is the number of days since the last session.
Localizable,notif.reactivate.body %lld,tr,plural.other,new,%lld gün geçti. Hadi birkaç işlem çözüp daha fazla deniz kabuğu toplayalım!,It’s been %lld days. Let’s solve some sums and collect more shells!,Push notification body after a very long absence. The argument is the number of days since the last session.
Localizable,notif.reactivate.body %lld,ug,plural.one,new,%lld كۈن ئۆتتى. بىر نەچچە ھېساب مەسىلىسىنى يېشىپ، تېخىمۇ كۆپ دېڭىز قېپى يىغايلى!,It’s been %lld day. Let’s solve some sums and collect more shells!,Push notification body after a very long absence. The argument is the number of days since the last session.
Localizable,notif.reactivate.body %lld,ug,plural.other,new,%lld كۈن ئۆتتى. بىر نەچچە ھېساب مەسىلىسىنى يېشىپ، تېخىمۇ كۆپ دېڭىز قېپى يىغايلى!,It’s been %lld days. Let’s solve some sums and collect more shells!,Push notification body after a very long absence. The argument is the number of days since the last session.
Localizable,notif.reactivate.body %lld,uk,plural.one,new,Минув %lld день. Розв’яжімо кілька прикладів і зберімо ще мушель!,It’s been %lld day. Let’s solve some sums and collect more shells!,Push notification body after a very long absence. The argument is the number of days since the last session.
Localizable,notif.reactivate.body %lld,uk,plural.other,new,Минуло %lld днів. Розв’яжімо кілька прикладів і зберімо ще мушель!,It’s been %lld days. Let’s solve some sums and collect more shells!,Push notification body after a very long absence. The argument is the number of days since the last session.
Localizable,notif.reactivate.body %lld,ur,plural.one,new,%lld دن ہو گیا ہے۔ آؤ کچھ حساب کے سوال حل کریں اور مزید سیپیاں جمع کریں!,It’s been %lld day. Let’s solve some sums and collect more shells!,Push notification body after a very long absence. The argument is the number of days since the last session.
Localizable,notif.reactivate.body %lld,ur,plural.other,new,%lld دن ہو گئے ہیں۔ آؤ کچھ حساب کے سوال حل کریں اور مزید سیپیاں جمع کریں!,It’s been %lld days. Let’s solve some sums and collect more shells!,Push notification body after a very long absence. The argument is the number of days since the last session.
Localizable,notif.reactivate.body %lld,uz,plural.one,new,"%lld kun o‘tdi. Keling, bir nechta misol yechib, ko‘proq chig‘anoq yig‘amiz!",It’s been %lld day. Let’s solve some sums and collect more shells!,Push notification body after a very long absence. The argument is the number of days since the last session.
Localizable,notif.reactivate.body %lld,uz,plural.other,new,"%lld kun o‘tdi. Keling, bir nechta misol yechib, ko‘proq chig‘anoq yig‘amiz!",It’s been %lld days. Let’s solve some sums and collect more shells!,Push notification body after a very long absence. The argument is the number of days since the last session.
Localizable,notif.reactivate.body %lld,vi,plural.one,new,Đã %lld ngày rồi. Cùng giải vài phép tính và nhặt thêm vỏ sò nhé!,It’s been %lld day. Let’s solve some sums and collect more shells!,Push notification body after a very long absence. The argument is the number of days since the last session.
Localizable,notif.reactivate.body %lld,vi,plural.other,new,Đã %lld ngày rồi. Cùng giải vài phép tính và nhặt thêm vỏ sò nhé!,It’s been %lld days. Let’s solve some sums and collect more shells!,Push notification body after a very long absence. The argument is the number of days since the last session.
Localizable,notif.reactivate.body %lld,zh,plural.one,new,已经 %lld 天啦。来做几道算术题，再收集一些贝壳吧！,It’s been %lld day. Let’s solve some sums and collect more shells!,Push notification body after a very long absence. The argument is the number of days since the last session.
Localizable,notif.reactivate.body %lld,zh,plural.other,new,已经 %lld 天啦。来做几道算术题，再收集一些贝壳吧！,It’s been %lld days. Let’s solve some sums and collect more shells!,Push notification body after a very long absence. The argument is the number of days since the last session.
Localizable,notif.reactivate.body %lld,zu,plural.one,new,Sekudlule usuku olungu-%lld. Masixazulule izibalo ezimbalwa siqoqe namanye amagobolondo!,It’s been %lld day. Let’s solve some sums and collect more shells!,Push notification body after a very long absence. The argument is the number of days since the last session.
Localizable,notif.reactivate.body %lld,zu,plural.other,new,Sekudlule izinsuku ezingu-%lld. Masixazulule izibalo ezimbalwa siqoqe namanye amagobolondo!,It’s been %lld days. Let’s solve some sums and collect more shells!,Push notification body after a very long absence. The argument is the number of days since the last session.
Localizable,notif.weekly.body %lld,af,plural.one,new,Jy het altesaam %lld skulp. Gereed vir nog ’n paar?,You have %lld shell in total. Ready for a few more?,Push notification body for the weekly recap. The argument is the player's all-time shell total.
Localizable,notif.weekly.body %lld,af,plural.other,new,Jy het altesaam %lld skulpe. Gereed vir nog ’n paar?,You have %lld shells in total. Ready for a few more?,Push notification body for the weekly recap. The argument is the player's all-time shell total.
Localizable,notif.weekly.body %lld,am,plural.one,new,በአጠቃላይ %lld ዛጎል አለህ። ጥቂት ተጨማሪ ለመሰብሰብ ዝግጁ ነህ?,You have %lld shell in total. Ready for a few more?,Push notification body for the weekly recap. The argument is the player's all-time shell total.
Localizable,notif.weekly.body %lld,am,plural.other,new,በአጠቃላይ %lld ዛጎሎች አሉህ። ጥቂት ተጨማሪ ለመሰብሰብ ዝግጁ ነህ?,You have %lld shells in total. Ready for a few more?,Push notification body for the weekly recap. The argument is the player's all-time shell total.
Localizable,notif.weekly.body %lld,ar,plural.one,new,لديك %lld صدفة إجمالًا. هل أنت مستعد لجمع المزيد؟,You have %lld shell in total. Ready for a few more?,Push notification body for the weekly recap. The argument is the player's all-time shell total.
Localizable,notif.weekly.body %lld,ar,plural.other,new,لديك %lld أصداف إجمالًا. هل أنت مستعد لجمع المزيد؟,You have %lld shells in total. Ready for a few more?,Push notification body for the weekly recap. The argument is the player's all-time shell total.
Localizable,notif.weekly.body %lld,as,plural.one,new,তোমাৰ মুঠ %lldটা শামুকৰ খোলা আছে। আৰু কেইটামান সংগ্ৰহ কৰিবলৈ সাজু নে?,You have %lld shell in total. Ready for a few more?,Push notification body for the weekly recap. The argument is the player's all-time shell total.
Localizable,notif.weekly.body %lld,as,plural.other,new,তোমাৰ মুঠ %lldটা শামুকৰ খোলা আছে। আৰু কেইটামান সংগ্ৰহ কৰিবলৈ সাজু নে?,You have %lld shells in total. Ready for a few more?,Push notification body for the weekly recap. The argument is the player's all-time shell total.
Localizable,notif.weekly.body %lld,az,plural.one,new,Cəmi %lld dəniz qabığın var. Bir neçəsini də toplamağa hazırsan?,You have %lld shell in total. Ready for a few more?,Push notification body for the weekly recap. The argument is the player's all-time shell total.
Localizable,notif.weekly.body %lld,az,plural.other,new,Cəmi %lld dəniz qabığın var. Bir neçəsini də toplamağa hazırsan?,You have %lld shells in total. Ready for a few more?,Push notification body for the weekly recap. The argument is the player's all-time shell total.
Localizable,notif.weekly.body %lld,be,plural.one,new,Усяго ў цябе %lld ракавінка. Гатовы/ая сабраць яшчэ?,You have %lld shell in total. Ready for a few more?,Push notification body for the weekly recap. The argument is the player's all-time shell total.
Localizable,notif.weekly.body %lld,be,plural.other,new,Усяго ў цябе %lld ракавінак. Гатовы/ая сабраць яшчэ?,You have %lld shells in total. Ready for a few more?,Push notification body for the weekly recap. The argument is the player's all-time shell total.
Localizable,notif.weekly.body %lld,bg,plural.one,new,Имаш общо %lld мида. Готов ли си за още няколко?,You have %lld shell in total. Ready for a few more?,Push notification body for the weekly recap. The argument is the player's all-time shell total.
Localizable,notif.weekly.body %lld,bg,plural.other,new,Имаш общо %lld миди. Готов ли си за още няколко?,You have %lld shells in total. Ready for a few more?,Push notification body for the weekly recap. The argument is the player's all-time shell total.
Localizable,notif.weekly.body %lld,bn,plural.one,new,তোমার মোট %lldটি ঝিনুক আছে। আরও কয়েকটি সংগ্রহ করতে প্রস্তুত?,You have %lld shell in total. Ready for a few more?,Push notification body for the weekly recap. The argument is the player's all-time shell total.
Localizable,notif.weekly.body %lld,bn,plural.other,new,তোমার মোট %lldটি ঝিনুক আছে। আরও কয়েকটি সংগ্রহ করতে প্রস্তুত?,You have %lld shells in total. Ready for a few more?,Push notification body for the weekly recap. The argument is the player's all-time shell total.
Localizable,notif.weekly.body %lld,bo,plural.one,new,ཁྱོད་ལ་ཁྱོན་ཉ་ཕྱིས་ %lld ཡོད། ད་དུང་ཁ་ཤས་བསྡུ་གྲ་སྒྲིག་ཨེ་ཡོད།,You have %lld shell in total. Ready for a few more?,Push notification body for the weekly recap. The argument is the player's all-time shell total.
Localizable,notif.weekly.body %lld,bo,plural.other,new,ཁྱོད་ལ་ཁྱོན་ཉ་ཕྱིས་ %lld ཡོད། ད་དུང་ཁ་ཤས་བསྡུ་གྲ་སྒྲིག་ཨེ་ཡོད།,You have %lld shells in total. Ready for a few more?,Push notification body for the weekly recap. The argument is the player's all-time shell total.
Localizable,notif.weekly.body %lld,bs,plural.one,new,Ukupno imaš %lld školjku. Spreman/na za još nekoliko?,You have %lld shell in total. Ready for a few more?,Push notification body for the weekly recap. The argument is the player's all-time shell total.
Localizable,notif.weekly.body %lld,bs,plural.other,new,Ukupno imaš %lld školjki. Spreman/na za još nekoliko?,You have %lld shells in total. Ready for a few more?,Push notification body for the weekly recap. The argument is the player's all-time shell total.
Localizable,notif.weekly.body %lld,ca,plural.one,new,Tens %lld petxina en total. A punt per aconseguir-ne unes quantes més?,You have %lld shell in total. Ready for a few more?,Push notification body for the weekly recap. The argument is the player's all-time shell total.
Localizable,notif.weekly.body %lld,ca,plural.other,new,Tens %lld petxines en total. A punt per aconseguir-ne unes quantes més?,You have %lld shells in total. Ready for a few more?,Push notification body for the weekly recap. The argument is the player's all-time shell total.
Localizable,notif.weekly.body %lld,cs,plural.one,new,Celkem máš %lld mušli. Chceš nasbírat ještě pár?,You have %lld shell in total. Ready for a few more?,Push notification body for the weekly recap. The argument is the player's all-time shell total.
Localizable,notif.weekly.body %lld,cs,plural.other,new,Celkem máš %lld mušlí. Chceš nasbírat ještě pár?,You have %lld shells in total. Ready for a few more?,Push notification body for the weekly recap. The argument is the player's all-time shell total.
Localizable,notif.weekly.body %lld,cy,plural.one,new,Mae gen ti %lld gragen i gyd. Barod am ychydig mwy?,You have %lld shell in total. Ready for a few more?,Push notification body for the weekly recap. The argument is the player's all-time shell total.
Localizable,notif.weekly.body %lld,cy,plural.other,new,Mae gen ti %lld cregyn i gyd. Barod am ychydig mwy?,You have %lld shells in total. Ready for a few more?,Push notification body for the weekly recap. The argument is the player's all-time shell total.
Localizable,notif.weekly.body %lld,da,plural.one,new,Du har %lld musling i alt. Klar til et par stykker mere?,You have %lld shell in total. Ready for a few more?,Push notification body for the weekly recap. The argument is the player's all-time shell total.
Localizable,notif.weekly.body %lld,da,plural.other,new,Du har %lld muslinger i alt. Klar til et par stykker mere?,You have %lld shells in total. Ready for a few more?,Push notification body for the weekly recap. The argument is the player's all-time shell total.
Localizable,notif.weekly.body %lld,de,plural.one,new,Du hast insgesamt %lld Muschel. Bereit für ein paar mehr?,You have %lld shell in total. Ready for a few more?,Push notification body for the weekly recap. The argument is the player's all-time shell total.
Localizable,notif.weekly.body %lld,de,plural.other,new,Du hast insgesamt %lld Muscheln. Bereit für ein paar mehr?,You have %lld shells in total. Ready for a few more?,Push notification body for the weekly recap. The argument is the player's all-time shell total.
Localizable,notif.weekly.body %lld,el,plural.one,new,Έχεις συνολικά %lld κοχύλι. Έτοιμος/η για λίγα ακόμα;,You have %lld shell in total. Ready for a few more?,Push notification body for the weekly recap. The argument is the player's all-time shell total.
Localizable,notif.weekly.body %lld,el,plural.other,new,Έχεις συνολικά %lld κοχύλια. Έτοιμος/η για λίγα ακόμα;,You have %lld shells in total. Ready for a few more?,Push notification body for the weekly recap. The argument is the player's all-time shell total.
Localizable,notif.weekly.body %lld,es,plural.one,new,Tienes %lld concha en total. ¿Listo para conseguir unas cuantas más?,You have %lld shell in total. Ready for a few more?,Push notification body for the weekly recap. The argument is the player's all-time shell total.
Localizable,notif.weekly.body %lld,es,plural.other,new,Tienes %lld conchas en total. ¿Listo para conseguir unas cuantas más?,You have %lld shells in total. Ready for a few more?,Push notification body for the weekly recap. The argument is the player's all-time shell total.
Localizable,notif.weekly.body %lld,et,plural.one,new,Sul on kokku %lld merekarp. Kas oled valmis veel mõneks?,You have %lld shell in total. Ready for a few more?,Push notification body for the weekly recap. The argument is the player's all-time shell total.
Localizable,notif.weekly.body %lld,et,plural.other,new,Sul on kokku %lld merekarpi. Kas oled valmis veel mõneks?,You have %lld shells in total. Ready for a few more?,Push notification body for the weekly recap. The argument is the player's all-time shell total.
Localizable,notif.weekly.body %lld,eu,plural.one,new,Guztira maskor %lld duzu. Gehiago biltzeko prest?,You have %lld shell in total. Ready for a few more?,Push notification body for the weekly recap. The argument is the player's all-time shell total.
Localizable,notif.weekly.body %lld,eu,plural.other,new,Guztira %lld maskor dituzu. Gehiago biltzeko prest?,You have %lld shells in total. Ready for a few more?,Push notification body for the weekly recap. The argument is the player's all-time shell total.
Localizable,notif.weekly.body %lld,fa,plural.one,new,در مجموع %lld صدف داری. آماده‌ای چندتای دیگر هم جمع کنی؟,You have %lld shell in total. Ready for a few more?,Push notification body for the weekly recap. The argument is the player's all-time shell total.
Localizable,notif.weekly.body %lld,fa,plural.other,new,در مجموع %lld صدف داری. آماده‌ای چندتای دیگر هم جمع کنی؟,You have %lld shells in total. Ready for a few more?,Push notification body for the weekly recap. The argument is the player's all-time shell total.
Localizable,notif.weekly.body %lld,fi,plural.one,new,Sinulla on yhteensä %lld simpukka. Valmis keräämään muutaman lisää?,You have %lld shell in total. Ready for a few more?,Push notification body for the weekly recap. The argument is the player's all-time shell total.
Localizable,notif.weekly.body %lld,fi,plural.other,new,Sinulla on yhteensä %lld simpukkaa. Valmis keräämään muutaman lisää?,You have %lld shells in total. Ready for a few more?,Push notification body for the weekly recap. The argument is the player's all-time shell total.
Localizable,notif.weekly.body %lld,fo,plural.one,new,Tú hevur tilsamans %lld skel. Klár/ur til nøkur afturat?,You have %lld shell in total. Ready for a few more?,Push notification body for the weekly recap. The argument is the player's all-time shell total.
Localizable,notif.weekly.body %lld,fo,plural.other,new,Tú hevur tilsamans %lld skel. Klár/ur til nøkur afturat?,You have %lld shells in total. Ready for a few more?,Push notification body for the weekly recap. The argument is the player's all-time shell total.
Localizable,notif.weekly.body %lld,fr,plural.one,new,Tu as %lld coquillage au total. Prêt à en ramasser quelques-uns de plus ?,You have %lld shell in total. Ready for a few more?,Push notification body for the weekly recap. The argument is the player's all-time shell total.
Localizable,notif.weekly.body %lld,fr,plural.other,new,Tu as %lld coquillages au total. Prêt à en ramasser quelques-uns de plus ?,You have %lld shells in total. Ready for a few more?,Push notification body for the weekly recap. The argument is the player's all-time shell total.
Localizable,notif.weekly.body %lld,ga,plural.one,new,Tá %lld bhlaosc agat san iomlán. Réidh le cúpla ceann eile?,You have %lld shell in total. Ready for a few more?,Push notification body for the weekly recap. The argument is the player's all-time shell total.
Localizable,notif.weekly.body %lld,ga,plural.other,new,Tá %lld blaosc agat san iomlán. Réidh le cúpla ceann eile?,You have %lld shells in total. Ready for a few more?,Push notification body for the weekly recap. The argument is the player's all-time shell total.
Localizable,notif.weekly.body %lld,gl,plural.one,new,Tes %lld cuncha en total. Preparado para conseguir algunhas máis?,You have %lld shell in total. Ready for a few more?,Push notification body for the weekly recap. The argument is the player's all-time shell total.
Localizable,notif.weekly.body %lld,gl,plural.other,new,Tes %lld cunchas en total. Preparado para conseguir algunhas máis?,You have %lld shells in total. Ready for a few more?,Push notification body for the weekly recap. The argument is the player's all-time shell total.
Localizable,notif.weekly.body %lld,gu,plural.one,new,તમારી પાસે કુલ %lld છીપ છે. થોડી વધુ માટે તૈયાર છો?,You have %lld shell in total. Ready for a few more?,Push notification body for the weekly recap. The argument is the player's all-time shell total.
Localizable,notif.weekly.body %lld,gu,plural.other,new,તમારી પાસે કુલ %lld છીપો છે. થોડી વધુ માટે તૈયાર છો?,You have %lld shells in total. Ready for a few more?,Push notification body for the weekly recap. The argument is the player's all-time shell total.
Localizable,notif.weekly.body %lld,he,plural.one,new,יש לך %lld צדפה בסך הכול. רוצה לאסוף עוד כמה?,You have %lld shell in total. Ready for a few more?,Push notification body for the weekly recap. The argument is the player's all-time shell total.
Localizable,notif.weekly.body %lld,he,plural.other,new,יש לך %lld צדפות בסך הכול. רוצה לאסוף עוד כמה?,You have %lld shells in total. Ready for a few more?,Push notification body for the weekly recap. The argument is the player's all-time shell total.
Localizable,notif.weekly.body %lld,hi,plural.one,new,तुम्हारे पास कुल %lld सीपी है। कुछ और इकट्ठी करने के लिए तैयार हो?,You have %lld shell in total. Ready for a few more?,Push notification body for the weekly recap. The argument is the player's all-time shell total.
Localizable,notif.weekly.body %lld,hi,plural.other,new,तुम्हारे पास कुल %lld सीपियाँ हैं। कुछ और इकट्ठी करने के लिए तैयार हो?,You have %lld shells in total. Ready for a few more?,Push notification body for the weekly recap. The argument is the player's all-time shell total.
Localizable,notif.weekly.body %lld,hr,plural.one,new,Ukupno imaš %lld školjku. Spreman/na za još nekoliko?,You have %lld shell in total. Ready for a few more?,Push notification body for the weekly recap. The argument is the player's all-time shell total.
Localizable,notif.weekly.body %lld,hr,plural.other,new,Ukupno imaš %lld školjki. Spreman/na za još nekoliko?,You have %lld shells in total. Ready for a few more?,Push notification body for the weekly recap. The argument is the player's all-time shell total.
Localizable,notif.weekly.body %lld,hu,plural.one,new,Összesen %lld kagylód van. Jöhet még néhány?,You have %lld shell in total. Ready for a few more?,Push notification body for the weekly recap. The argument is the player's all-time shell total.
Localizable,notif.weekly.body %lld,hu,plural.other,new,Összesen %lld kagylód van. Jöhet még néhány?,You have %lld shells in total. Ready for a few more?,Push notification body for the weekly recap. The argument is the player's all-time shell total.
Localizable,notif.weekly.body %lld,hy,plural.one,new,Ընդհանուր ունես %lld խեցի։ Պատրա՞ստ ես մի քանիսն էլ հավաքել։,You have %lld shell in total. Ready for a few more?,Push notification body for the weekly recap. The argument is the player's all-time shell total.
Localizable,notif.weekly.body %lld,hy,plural.other,new,Ընդհանուր ունես %lld խեցի։ Պատրա՞ստ ես մի քանիսն էլ հավաքել։,You have %lld shells in total. Ready for a few more?,Push notification body for the weekly recap. The argument is the player's all-time shell total.
Localizable,notif.weekly.body %lld,id,plural.one,new,Total kerangmu %lld. Siap mengumpulkan beberapa lagi?,You have %lld shell in total. Ready for a few more?,Push notification body for the weekly recap. The argument is the player's all-time shell total.
Localizable,notif.weekly.body %lld,id,plural.other,new,Total kerangmu %lld. Siap mengumpulkan beberapa lagi?,You have %lld shells in total. Ready for a few more?,Push notification body for the weekly recap. The argument is the player's all-time shell total.
Localizable,notif.weekly.body %lld,is,plural.one,new,Þú átt samtals %lld skel. Tilbúin/n í nokkrar í viðbót?,You have %lld shell in total. Ready for a few more?,Push notification body for the weekly recap. The argument is the player's all-time shell total.
Localizable,notif.weekly.body %lld,is,plural.other,new,Þú átt samtals %lld skeljar. Tilbúin/n í nokkrar í viðbót?,You have %lld shells in total. Ready for a few more?,Push notification body for the weekly recap. The argument is the player's all-time shell total.
Localizable,notif.weekly.body %lld,it,plural.one,new,Hai %lld conchiglia in totale. Pronto a raccoglierne qualcuna in più?,You have %lld shell in total. Ready for a few more?,Push notification body for the weekly recap. The argument is the player's all-time shell total.
Localizable,notif.weekly.body %lld,it,plural.other,new,Hai %lld conchiglie in totale. Pronto a raccoglierne qualcuna in più?,You have %lld shells in total. Ready for a few more?,Push notification body for the weekly recap. The argument is the player's all-time shell total.
Localizable,notif.weekly.body %lld,ja,plural.one,new,貝がらは全部で%lld個。もう少し集める？,You have %lld shell in total. Ready for a few more?,Push notification body for the weekly recap. The argument is the player's all-time shell total.
Localizable,notif.weekly.body %lld,ja,plural.other,new,貝がらは全部で%lld個。もう少し集める？,You have %lld shells in total. Ready for a few more?,Push notification body for the weekly recap. The argument is the player's all-time shell total.
Localizable,notif.weekly.body %lld,ka,plural.one,new,სულ გაქვს %lld ნიჟარა. მზად ხარ კიდევ რამდენიმესთვის?,You have %lld shell in total. Ready for a few more?,Push notification body for the weekly recap. The argument is the player's all-time shell total.
Localizable,notif.weekly.body %lld,ka,plural.other,new,სულ გაქვს %lld ნიჟარა. მზად ხარ კიდევ რამდენიმესთვის?,You have %lld shells in total. Ready for a few more?,Push notification body for the weekly recap. The argument is the player's all-time shell total.
Localizable,notif.weekly.body %lld,kk,plural.one,new,Барлығы %lld бақалшағың бар. Тағы бірнешеуін жинауға дайынсың ба?,You have %lld shell in total. Ready for a few more?,Push notification body for the weekly recap. The argument is the player's all-time shell total.
Localizable,notif.weekly.body %lld,kk,plural.other,new,Барлығы %lld бақалшағың бар. Тағы бірнешеуін жинауға дайынсың ба?,You have %lld shells in total. Ready for a few more?,Push notification body for the weekly recap. The argument is the player's all-time shell total.
Localizable,notif.weekly.body %lld,km,plural.one,new,អ្នកមានសំបកខ្យងសរុប %lld។ ត្រៀមប្រមូលបន្ថែមទៀតទេ?,You have %lld shell in total. Ready for a few more?,Push notification body for the weekly recap. The argument is the player's all-time shell total.
Localizable,notif.weekly.body %lld,km,plural.other,new,អ្នកមានសំបកខ្យងសរុប %lld។ ត្រៀមប្រមូលបន្ថែមទៀតទេ?,You have %lld shells in total. Ready for a few more?,Push notification body for the weekly recap. The argument is the player's all-time shell total.
Localizable,notif.weekly.body %lld,kn,plural.one,new,ನಿನ್ನ ಬಳಿ ಒಟ್ಟು %lld ಚಿಪ್ಪು ಇದೆ. ಇನ್ನಷ್ಟು ಸಂಗ್ರಹಿಸಲು ಸಿದ್ಧವೇ?,You have %lld shell in total. Ready for a few more?,Push notification body for the weekly recap. The argument is the player's all-time shell total.
Localizable,notif.weekly.body %lld,kn,plural.other,new,ನಿನ್ನ ಬಳಿ ಒಟ್ಟು %lld ಚಿಪ್ಪುಗಳು ಇವೆ. ಇನ್ನಷ್ಟು ಸಂಗ್ರಹಿಸಲು ಸಿದ್ಧವೇ?,You have %lld shells in total. Ready for a few more?,Push notification body for the weekly recap. The argument is the player's all-time shell total.
Localizable,notif.weekly.body %lld,ko,plural.one,new,조개껍데기가 모두 %lld개 있어요. 조금 더 모아 볼까요?,You have %lld shell in total. Ready for a few more?,Push notification body for the weekly recap. The argument is the player's all-time shell total.
Localizable,notif.weekly.body %lld,ko,plural.other,new,조개껍데기가 모두 %lld개 있어요. 조금 더 모아 볼까요?,You have %lld shells in total. Ready for a few more?,Push notification body for the weekly recap. The argument is the player's all-time shell total.
Localizable,notif.weekly.body %lld,lo,plural.one,new,ເຈົ້າມີເປືອກຫອຍທັງໝົດ %lld. ພ້ອມເກັບເພີ່ມອີກບໍ?,You have %lld shell in total. Ready for a few more?,Push notification body for the weekly recap. The argument is the player's all-time shell total.
Localizable,notif.weekly.body %lld,lo,plural.other,new,ເຈົ້າມີເປືອກຫອຍທັງໝົດ %lld. ພ້ອມເກັບເພີ່ມອີກບໍ?,You have %lld shells in total. Ready for a few more?,Push notification body for the weekly recap. The argument is the player's all-time shell total.
Localizable,notif.weekly.body %lld,lt,plural.one,new,Iš viso turi %lld kriauklę. Pasiruošęs/-usi surinkti dar kelias?,You have %lld shell in total. Ready for a few more?,Push notification body for the weekly recap. The argument is the player's all-time shell total.
Localizable,notif.weekly.body %lld,lt,plural.other,new,Iš viso turi %lld kriauklių. Pasiruošęs/-usi surinkti dar kelias?,You have %lld shells in total. Ready for a few more?,Push notification body for the weekly recap. The argument is the player's all-time shell total.
Localizable,notif.weekly.body %lld,lv,plural.one,new,Kopā tev ir %lld gliemežvāks. Gatavs/-a vēl dažiem?,You have %lld shell in total. Ready for a few more?,Push notification body for the weekly recap. The argument is the player's all-time shell total.
Localizable,notif.weekly.body %lld,lv,plural.other,new,Kopā tev ir %lld gliemežvāki. Gatavs/-a vēl dažiem?,You have %lld shells in total. Ready for a few more?,Push notification body for the weekly recap. The argument is the player's all-time shell total.
Localizable,notif.weekly.body %lld,mk,plural.one,new,Имаш вкупно %lld школка. Подготвен/а за уште неколку?,You have %lld shell in total. Ready for a few more?,Push notification body for the weekly recap. The argument is the player's all-time shell total.
Localizable,notif.weekly.body %lld,mk,plural.other,new,Имаш вкупно %lld школки. Подготвен/а за уште неколку?,You have %lld shells in total. Ready for a few more?,Push notification body for the weekly recap. The argument is the player's all-time shell total.
Localizable,notif.weekly.body %lld,ml,plural.one,new,ആകെ %lld ചിപ്പി നിനക്കുണ്ട്. കുറച്ച് കൂടി ശേഖരിക്കാൻ തയ്യാറാണോ?,You have %lld shell in total. Ready for a few more?,Push notification body for the weekly recap. The argument is the player's all-time shell total.
Localizable,notif.weekly.body %lld,ml,plural.other,new,ആകെ %lld ചിപ്പികൾ നിനക്കുണ്ട്. കുറച്ച് കൂടി ശേഖരിക്കാൻ തയ്യാറാണോ?,You have %lld shells in total. Ready for a few more?,Push notification body for the weekly recap. The argument is the player's all-time shell total.
Localizable,notif.weekly.body %lld,mn,plural.one,new,Чамд нийт %lld хясаа байна. Дахиад хэдийг цуглуулахад бэлэн үү?,You have %lld shell in total. Ready for a few more?,Push notification body for the weekly recap. The argument is the player's all-time shell total.
Localizable,notif.weekly.body %lld,mn,plural.other,new,Чамд нийт %lld хясаа байна. Дахиад хэдийг цуглуулахад бэлэн үү?,You have %lld shells in total. Ready for a few more?,Push notification body for the weekly recap. The argument is the player's all-time shell total.
Localizable,notif.weekly.body %lld,mr,plural.one,new,तुझ्याकडे एकूण %lld शिंपला आहे. आणखी काही गोळा करायला तयार?,You have %lld shell in total. Ready for a few more?,Push notification body for the weekly recap. The argument is the player's all-time shell total.
Localizable,notif.weekly.body %lld,mr,plural.other,new,तुझ्याकडे एकूण %lld शिंपले आहेत. आणखी काही गोळा करायला तयार?,You have %lld shells in total. Ready for a few more?,Push notification body for the weekly recap. The argument is the player's all-time shell total.
Localizable,notif.weekly.body %lld,ms,plural.one,new,Kamu ada %lld cangkerang semuanya. Sedia untuk beberapa lagi?,You have %lld shell in total. Ready for a few more?,Push notification body for the weekly recap. The argument is the player's all-time shell total.
Localizable,notif.weekly.body %lld,ms,plural.other,new,Kamu ada %lld cangkerang semuanya. Sedia untuk beberapa lagi?,You have %lld shells in total. Ready for a few more?,Push notification body for the weekly recap. The argument is the player's all-time shell total.
Localizable,notif.weekly.body %lld,my,plural.one,new,စုစုပေါင်း ခရုခွံ %lld ခု ရှိတယ်။ နောက်ထပ်နည်းနည်း စုဖို့ အဆင်သင့်လား?,You have %lld shell in total. Ready for a few more?,Push notification body for the weekly recap. The argument is the player's all-time shell total.
Localizable,notif.weekly.body %lld,my,plural.other,new,စုစုပေါင်း ခရုခွံ %lld ခု ရှိတယ်။ နောက်ထပ်နည်းနည်း စုဖို့ အဆင်သင့်လား?,You have %lld shells in total. Ready for a few more?,Push notification body for the weekly recap. The argument is the player's all-time shell total.
Localizable,notif.weekly.body %lld,nb,plural.one,new,Du har %lld skjell totalt. Klar for noen flere?,You have %lld shell in total. Ready for a few more?,Push notification body for the weekly recap. The argument is the player's all-time shell total.
Localizable,notif.weekly.body %lld,nb,plural.other,new,Du har %lld skjell totalt. Klar for noen flere?,You have %lld shells in total. Ready for a few more?,Push notification body for the weekly recap. The argument is the player's all-time shell total.
Localizable,notif.weekly.body %lld,ne,plural.one,new,तिमीसँग जम्मा %lld सिपी छ। अझ केही सङ्कलन गर्न तयार छौ?,You have %lld shell in total. Ready for a few more?,Push notification body for the weekly recap. The argument is the player's all-time shell total.
Localizable,notif.weekly.body %lld,ne,plural.other,new,तिमीसँग जम्मा %lld सिपीहरू छन्। अझ केही सङ्कलन गर्न तयार छौ?,You have %lld shells in total. Ready for a few more?,Push notification body for the weekly recap. The argument is the player's all-time shell total.
Localizable,notif.weekly.body %lld,or,plural.one,new,ତୁମ ପାଖରେ ମୋଟ %lldଟି ଶାମୁକା ଖୋଳ ଅଛି। ଆଉ କିଛି ପାଇଁ ପ୍ରସ୍ତୁତ?,You have %lld shell in total. Ready for a few more?,Push notification body for the weekly recap. The argument is the player's all-time shell total.
Localizable,notif.weekly.body %lld,or,plural.other,new,ତୁମ ପାଖରେ ମୋଟ %lldଟି ଶାମୁକା ଖୋଳ ଅଛି। ଆଉ କିଛି ପାଇଁ ପ୍ରସ୍ତୁତ?,You have %lld shells in total. Ready for a few more?,Push notification body for the weekly recap. The argument is the player's all-time shell total.
Localizable,notif.weekly.body %lld,pa,plural.one,new,ਤੇਰੇ ਕੋਲ ਕੁੱਲ %lld ਸੀਪੀ ਹੈ। ਕੁਝ ਹੋਰ ਲਈ ਤਿਆਰ?,You have %lld shell in total. Ready for a few more?,Push notification body for the weekly recap. The argument is the player's all-time shell total.
Localizable,notif.weekly.body %lld,pa,plural.other,new,ਤੇਰੇ ਕੋਲ ਕੁੱਲ %lld ਸੀਪੀਆਂ ਹਨ। ਕੁਝ ਹੋਰ ਲਈ ਤਿਆਰ?,You have %lld shells in total. Ready for a few more?,Push notification body for the weekly recap. The argument is the player's all-time shell total.
Localizable,notif.weekly.body %lld,pl,plural.one,new,Masz łącznie %lld muszlę. Gotowy/a na kilka następnych?,You have %lld shell in total. Ready for a few more?,Push notification body for the weekly recap. The argument is the player's all-time shell total.
Localizable,notif.weekly.body %lld,pl,plural.other,new,Masz łącznie %lld muszli. Gotowy/a na kilka następnych?,You have %lld shells in total. Ready for a few more?,Push notification body for the weekly recap. The argument is the player's all-time shell total.
Localizable,notif.weekly.body %lld,pt,plural.one,new,Tens %lld concha no total. Preparado para apanhar mais algumas?,You have %lld shell in total. Ready for a few more?,Push notification body for the weekly recap. The argument is the player's all-time shell total.
Localizable,notif.weekly.body %lld,pt,plural.other,new,Tens %lld conchas no total. Preparado para apanhar mais algumas?,You have %lld shells in total. Ready for a few more?,Push notification body for the weekly recap. The argument is the player's all-time shell total.
Localizable,notif.weekly.body %lld,ro,plural.one,new,Ai în total %lld scoică. Gata pentru încă câteva?,You have %lld shell in total. Ready for a few more?,Push notification body for the weekly recap. The argument is the player's all-time shell total.
Localizable,notif.weekly.body %lld,ro,plural.other,new,Ai în total %lld scoici. Gata pentru încă câteva?,You have %lld shells in total. Ready for a few more?,Push notification body for the weekly recap. The argument is the player's all-time shell total.
Localizable,notif.weekly.body %lld,ru,plural.one,new,Всего у тебя %lld ракушка. Готов(а) собрать ещё?,You have %lld shell in total. Ready for a few more?,Push notification body for the weekly recap. The argument is the player's all-time shell total.
Localizable,notif.weekly.body %lld,ru,plural.other,new,Всего у тебя %lld ракушек. Готов(а) собрать ещё?,You have %lld shells in total. Ready for a few more?,Push notification body for the weekly recap. The argument is the player's all-time shell total.
Localizable,notif.weekly.body %lld,si,plural.one,new,ඔයාට මුළු සිප්පි කටුව %lldක් තියෙනවා. තව ටිකක් එකතු කරන්න ලෑස්තිද?,You have %lld shell in total. Ready for a few more?,Push notification body for the weekly recap. The argument is the player's all-time shell total.
Localizable,notif.weekly.body %lld,si,plural.other,new,ඔයාට මුළු සිප්පි කටු %lldක් තියෙනවා. තව ටිකක් එකතු කරන්න ලෑස්තිද?,You have %lld shells in total. Ready for a few more?,Push notification body for the weekly recap. The argument is the player's all-time shell total.
Localizable,notif.weekly.body %lld,sk,plural.one,new,Celkovo máš %lld mušľu. Pripravený/á na ďalšie?,You have %lld shell in total. Ready for a few more?,Push notification body for the weekly recap. The argument is the player's all-time shell total.
Localizable,notif.weekly.body %lld,sk,plural.other,new,Celkovo máš %lld mušlí. Pripravený/á na ďalšie?,You have %lld shells in total. Ready for a few more?,Push notification body for the weekly recap. The argument is the player's all-time shell total.
Localizable,notif.weekly.body %lld,sl,plural.one,new,Skupaj imaš %lld školjko. Pripravljen/a na še nekaj?,You have %lld shell in total. Ready for a few more?,Push notification body for the weekly recap. The argument is the player's all-time shell total.
Localizable,notif.weekly.body %lld,sl,plural.other,new,Skupaj imaš %lld školjk. Pripravljen/a na še nekaj?,You have %lld shells in total. Ready for a few more?,Push notification body for the weekly recap. The argument is the player's all-time shell total.
Localizable,notif.weekly.body %lld,sq,plural.one,new,Ke gjithsej %lld guaskë. Gati për disa të tjera?,You have %lld shell in total. Ready for a few more?,Push notification body for the weekly recap. The argument is the player's all-time shell total.
Localizable,notif.weekly.body %lld,sq,plural.other,new,Ke gjithsej %lld guaska. Gati për disa të tjera?,You have %lld shells in total. Ready for a few more?,Push notification body for the weekly recap. The argument is the player's all-time shell total.
Localizable,notif.weekly.body %lld,sr,plural.one,new,Укупно имаш %lld шкољку. Спреман/на за још неколико?,You have %lld shell in total. Ready for a few more?,Push notification body for the weekly recap. The argument is the player's all-time shell total.
Localizable,notif.weekly.body %lld,sr,plural.other,new,Укупно имаш %lld шкољки. Спреман/на за још неколико?,You have %lld shells in total. Ready for a few more?,Push notification body for the weekly recap. The argument is the player's all-time shell total.
Localizable,notif.weekly.body %lld,sv,plural.one,new,Du har %lld snäcka totalt. Redo för några till?,You have %lld shell in total. Ready for a few more?,Push notification body for the weekly recap. The argument is the player's all-time shell total.
Localizable,notif.weekly.body %lld,sv,plural.other,new,Du har %lld snäckor totalt. Redo för några till?,You have %lld shells in total. Ready for a few more?,Push notification body for the weekly recap. The argument is the player's all-time shell total.
Localizable,notif.weekly.body %lld,sw,plural.one,new,Una gamba %lld kwa jumla. Uko tayari kupata mengine machache?,You have %lld shell in total. Ready for a few more?,Push notification body for the weekly recap. The argument is the player's all-time shell total.
Localizable,notif.weekly.body %lld,sw,plural.other,new,Una magamba %lld kwa jumla. Uko tayari kupata mengine machache?,You have %lld shells in total. Ready for a few more?,Push notification body for the weekly recap. The argument is the player's all-time shell total.
Localizable,notif.weekly.body %lld,ta,plural.one,new,மொத்தம் %lld சிப்பி உன்னிடம் உள்ளது. இன்னும் சில சேகரிக்க தயாரா?,You have %lld shell in total. Ready for a few more?,Push notification body for the weekly recap. The argument is the player's all-time shell total.
Localizable,notif.weekly.body %lld,ta,plural.other,new,மொத்தம் %lld சிப்பிகள் உன்னிடம் உள்ளன. இன்னும் சில சேகரிக்க தயாரா?,You have %lld shells in total. Ready for a few more?,Push notification body for the weekly recap. The argument is the player's all-time shell total.
Localizable,notif.weekly.body %lld,te,plural.one,new,నీ దగ్గర మొత్తం %lld గవ్వ ఉంది. ఇంకొన్ని సేకరించడానికి సిద్ధమా?,You have %lld shell in total. Ready for a few more?,Push notification body for the weekly recap. The argument is the player's all-time shell total.
Localizable,notif.weekly.body %lld,te,plural.other,new,నీ దగ్గర మొత్తం %lld గవ్వలు ఉన్నాయి. ఇంకొన్ని సేకరించడానికి సిద్ధమా?,You have %lld shells in total. Ready for a few more?,Push notification body for the weekly recap. The argument is the player's all-time shell total.
Localizable,notif.weekly.body %lld,th,plural.one,new,คุณมีเปลือกหอยทั้งหมด %lld ชิ้น พร้อมเก็บเพิ่มอีกหน่อยไหม?,You have %lld shell in total. Ready for a few more?,Push notification body for the weekly recap. The argument is the player's all-time shell total.
Localizable,notif.weekly.body %lld,th,plural.other,new,คุณมีเปลือกหอยทั้งหมด %lld ชิ้น พร้อมเก็บเพิ่มอีกหน่อยไหม?,You have %lld shells in total. Ready for a few more?,Push notification body for the weekly recap. The argument is the player's all-time shell total.
Localizable,notif.weekly.body %lld,tr,plural.one,new,Toplam %lld deniz kabuğun var. Birkaç tane daha toplamaya hazır mısın?,You have %lld shell in total. Ready for a few more?,Push notification body for the weekly recap. The argument is the player's all-time shell total.
Localizable,notif.weekly.body %lld,tr,plural.other,new,Toplam %lld deniz kabuğun var. Birkaç tane daha toplamaya hazır mısın?,You have %lld shells in total. Ready for a few more?,Push notification body for the weekly recap. The argument is the player's all-time shell total.
Localizable,notif.weekly.body %lld,ug,plural.one,new,جەمئىي %lld دېڭىز قېپىڭىز بار. يەنە بىر نەچچىنى يىغىشقا تەييارمۇ؟,You have %lld shell in total. Ready for a few more?,Push notification body for the weekly recap. The argument is the player's all-time shell total.
Localizable,notif.weekly.body %lld,ug,plural.other,new,جەمئىي %lld دېڭىز قېپىڭىز بار. يەنە بىر نەچچىنى يىغىشقا تەييارمۇ؟,You have %lld shells in total. Ready for a few more?,Push notification body for the weekly recap. The argument is the player's all-time shell total.
Localizable,notif.weekly.body %lld,uk,plural.one,new,Усього в тебе %lld мушля. Готовий/а зібрати ще?,You have %lld shell in total. Ready for a few more?,Push notification body for the weekly recap. The argument is the player's all-time shell total.
Localizable,notif.weekly.body %lld,uk,plural.other,new,Усього в тебе %lld мушель. Готовий/а зібрати ще?,You have %lld shells in total. Ready for a few more?,Push notification body for the weekly recap. The argument is the player's all-time shell total.
Localizable,notif.weekly.body %lld,ur,plural.one,new,تمہارے پاس کل %lld سیپی ہے۔ کچھ اور جمع کرنے کے لیے تیار ہو؟,You have %lld shell in total. Ready for a few more?,Push notification body for the weekly recap. The argument is the player's all-time shell total.
Localizable,notif.weekly.body %lld,ur,plural.other,new,تمہارے پاس کل %lld سیپیاں ہیں۔ کچھ اور جمع کرنے کے لیے تیار ہو؟,You have %lld shells in total. Ready for a few more?,Push notification body for the weekly recap. The argument is the player's all-time shell total.
Localizable,notif.weekly.body %lld,uz,plural.one,new,Jami %lld ta chig‘anog‘ing bor. Yana bir nechtasiga tayyormisan?,You have %lld shell in total. Ready for a few more?,Push notification body for the weekly recap. The argument is the player's all-time shell total.
Localizable,notif.weekly.body %lld,uz,plural.other,new,Jami %lld ta chig‘anog‘ing bor. Yana bir nechtasiga tayyormisan?,You have %lld shells in total. Ready for a few more?,Push notification body for the weekly recap. The argument is the player's all-time shell total.
Localizable,notif.weekly.body %lld,vi,plural.one,new,Bạn có tổng cộng %lld vỏ sò. Sẵn sàng nhặt thêm vài cái nữa chứ?,You have %lld shell in total. Ready for a few more?,Push notification body for the weekly recap. The argument is the player's all-time shell total.
Localizable,notif.weekly.body %lld,vi,plural.other,new,Bạn có tổng cộng %lld vỏ sò. Sẵn sàng nhặt thêm vài cái nữa chứ?,You have %lld shells in total. Ready for a few more?,Push notification body for the weekly recap. The argument is the player's all-time shell total.
Localizable,notif.weekly.body %lld,zh,plural.one,new,你一共有 %lld 个贝壳。准备好再收集一些了吗？,You have %lld shell in total. Ready for a few more?,Push notification body for the weekly recap. The argument is the player's all-time shell total.
Localizable,notif.weekly.body %lld,zh,plural.other,new,你一共有 %lld 个贝壳。准备好再收集一些了吗？,You have %lld shells in total. Ready for a few more?,Push notification body for the weekly recap. The argument is the player's all-time shell total.
Localizable,notif.weekly.body %lld,zu,plural.one,new,Usunegobolondo elingu-%lld selilonke. Ulungele amanye ambalwa?,You have %lld shell in total. Ready for a few more?,Push notification body for the weekly recap. The argument is the player's all-time shell total.
Localizable,notif.weekly.body %lld,zu,plural.other,new,Usunamagobolondo angu-%lld esewonke. Ulungele amanye ambalwa?,You have %lld shells in total. Ready for a few more?,Push notification body for the weekly recap. The argument is the player's all-time shell total.
Localizable,notif.weekly.title %lld,af,plural.one,new,%lld skulp hierdie week! 🎉,%lld shell this week! 🎉,Push notification title for the weekly recap. The argument is the shells collected this week.
Localizable,notif.weekly.title %lld,af,plural.other,new,%lld skulpe hierdie week! 🎉,%lld shells this week! 🎉,Push notification title for the weekly recap. The argument is the shells collected this week.
Localizable,notif.weekly.title %lld,am,plural.one,new,በዚህ ሳምንት %lld ዛጎል! 🎉,%lld shell this week! 🎉,Push notification title for the weekly recap. The argument is the shells collected this week.
Localizable,notif.weekly.title %lld,am,plural.other,new,በዚህ ሳምንት %lld ዛጎሎች! 🎉,%lld shells this week! 🎉,Push notification title for the weekly recap. The argument is the shells collected this week.
Localizable,notif.weekly.title %lld,ar,plural.one,new,%lld صدفة هذا الأسبوع! 🎉,%lld shell this week! 🎉,Push notification title for the weekly recap. The argument is the shells collected this week.
Localizable,notif.weekly.title %lld,ar,plural.other,new,%lld أصداف هذا الأسبوع! 🎉,%lld shells this week! 🎉,Push notification title for the weekly recap. The argument is the shells collected this week.
Localizable,notif.weekly.title %lld,as,plural.one,new,এই সপ্তাহত %lldটা শামুকৰ খোলা! 🎉,%lld shell this week! 🎉,Push notification title for the weekly recap. The argument is the shells collected this week.
Localizable,notif.weekly.title %lld,as,plural.other,new,এই সপ্তাহত %lldটা শামুকৰ খোলা! 🎉,%lld shells this week! 🎉,Push notification title for the weekly recap. The argument is the shells collected this week.
Localizable,notif.weekly.title %lld,az,plural.one,new,Bu həftə %lld dəniz qabığı! 🎉,%lld shell this week! 🎉,Push notification title for the weekly recap. The argument is the shells collected this week.
Localizable,notif.weekly.title %lld,az,plural.other,new,Bu həftə %lld dəniz qabığı! 🎉,%lld shells this week! 🎉,Push notification title for the weekly recap. The argument is the shells collected this week.
Localizable,notif.weekly.title %lld,be,plural.one,new,%lld ракавінка на гэтым тыдні! 🎉,%lld shell this week! 🎉,Push notification title for the weekly recap. The argument is the shells collected this week.
Localizable,notif.weekly.title %lld,be,plural.other,new,%lld ракавінак на гэтым тыдні! 🎉,%lld shells this week! 🎉,Push notification title for the weekly recap. The argument is the shells collected this week.
Localizable,notif.weekly.title %lld,bg,plural.one,new,%lld мида тази седмица! 🎉,%lld shell this week! 🎉,Push notification title for the weekly recap. The argument is the shells collected this week.
Localizable,notif.weekly.title %lld,bg,plural.other,new,%lld миди тази седмица! 🎉,%lld shells this week! 🎉,Push notification title for the weekly recap. The argument is the shells collected this week.
Localizable,notif.weekly.title %lld,bn,plural.one,new,এই সপ্তাহে %lldটি ঝিনুক! 🎉,%lld shell this week! 🎉,Push notification title for the weekly recap. The argument is the shells collected this week.
Localizable,notif.weekly.title %lld,bn,plural.other,new,এই সপ্তাহে %lldটি ঝিনুক! 🎉,%lld shells this week! 🎉,Push notification title for the weekly recap. The argument is the shells collected this week.
Localizable,notif.weekly.title %lld,bo,plural.one,new,བདུན་ཕྲག་འདིར་ཉ་ཕྱིས་ %lld! 🎉,%lld shell this week! 🎉,Push notification title for the weekly recap. The argument is the shells collected this week.
Localizable,notif.weekly.title %lld,bo,plural.other,new,བདུན་ཕྲག་འདིར་ཉ་ཕྱིས་ %lld! 🎉,%lld shells this week! 🎉,Push notification title for the weekly recap. The argument is the shells collected this week.
Localizable,notif.weekly.title %lld,bs,plural.one,new,%lld školjka ove sedmice! 🎉,%lld shell this week! 🎉,Push notification title for the weekly recap. The argument is the shells collected this week.
Localizable,notif.weekly.title %lld,bs,plural.other,new,%lld školjki ove sedmice! 🎉,%lld shells this week! 🎉,Push notification title for the weekly recap. The argument is the shells collected this week.
Localizable,notif.weekly.title %lld,ca,plural.one,new,%lld petxina aquesta setmana! 🎉,%lld shell this week! 🎉,Push notification title for the weekly recap. The argument is the shells collected this week.
Localizable,notif.weekly.title %lld,ca,plural.other,new,%lld petxines aquesta setmana! 🎉,%lld shells this week! 🎉,Push notification title for the weekly recap. The argument is the shells collected this week.
Localizable,notif.weekly.title %lld,cs,plural.one,new,%lld mušle tento týden! 🎉,%lld shell this week! 🎉,Push notification title for the weekly recap. The argument is the shells collected this week.
Localizable,notif.weekly.title %lld,cs,plural.other,new,%lld mušlí tento týden! 🎉,%lld shells this week! 🎉,Push notification title for the weekly recap. The argument is the shells collected this week.
Localizable,notif.weekly.title %lld,cy,plural.one,new,%lld gragen yr wythnos hon! 🎉,%lld shell this week! 🎉,Push notification title for the weekly recap. The argument is the shells collected this week.
Localizable,notif.weekly.title %lld,cy,plural.other,new,%lld cregyn yr wythnos hon! 🎉,%lld shells this week! 🎉,Push notification title for the weekly recap. The argument is the shells collected this week.
Localizable,notif.weekly.title %lld,da,plural.one,new,%lld musling i denne uge! 🎉,%lld shell this week! 🎉,Push notification title for the weekly recap. The argument is the shells collected this week.
Localizable,notif.weekly.title %lld,da,plural.other,new,%lld muslinger i denne uge! 🎉,%lld shells this week! 🎉,Push notification title for the weekly recap. The argument is the shells collected this week.
Localizable,notif.weekly.title %lld,de,plural.one,new,%lld Muschel diese Woche! 🎉,%lld shell this week! 🎉,Push notification title for the weekly recap. The argument is the shells collected this week.
Localizable,notif.weekly.title %lld,de,plural.other,new,%lld Muscheln diese Woche! 🎉,%lld shells this week! 🎉,Push notification title for the weekly recap. The argument is the shells collected this week.
Localizable,notif.weekly.title %lld,el,plural.one,new,%lld κοχύλι αυτή την εβδομάδα! 🎉,%lld shell this week! 🎉,Push notification title for the weekly recap. The argument is the shells collected this week.
Localizable,notif.weekly.title %lld,el,plural.other,new,%lld κοχύλια αυτή την εβδομάδα! 🎉,%lld shells this week! 🎉,Push notification title for the weekly recap. The argument is the shells collected this week.
Localizable,notif.weekly.title %lld,es,plural.one,new,¡%lld concha esta semana! 🎉,%lld shell this week! 🎉,Push notification title for the weekly recap. The argument is the shells collected this week.
Localizable,notif.weekly.title %lld,es,plural.other,new,¡%lld conchas esta semana! 🎉,%lld shells this week! 🎉,Push notification title for the weekly recap. The argument is the shells collected this week.
Localizable,notif.weekly.title %lld,et,plural.one,new,Sel nädalal %lld merekarp! 🎉,%lld shell this week! 🎉,Push notification title for the weekly recap. The argument is the shells collected this week.
Localizable,notif.weekly.title %lld,et,plural.other,new,Sel nädalal %lld merekarpi! 🎉,%lld shells this week! 🎉,Push notification title for the weekly recap. The argument is the shells collected this week.
Localizable,notif.weekly.title %lld,eu,plural.one,new,Maskor %lld aste honetan! 🎉,%lld shell this week! 🎉,Push notification title for the weekly recap. The argument is the shells collected this week.
Localizable,notif.weekly.title %lld,eu,plural.other,new,%lld maskor aste honetan! 🎉,%lld shells this week! 🎉,Push notification title for the weekly recap. The argument is the shells collected this week.
Localizable,notif.weekly.title %lld,fa,plural.one,new,%lld صدف این هفته! 🎉,%lld shell this week! 🎉,Push notification title for the weekly recap. The argument is the shells collected this week.
Localizable,notif.weekly.title %lld,fa,plural.other,new,%lld صدف این هفته! 🎉,%lld shells this week! 🎉,Push notification title for the weekly recap. The argument is the shells collected this week.
Localizable,notif.weekly.title %lld,fi,plural.one,new,%lld simpukka tällä viikolla! 🎉,%lld shell this week! 🎉,Push notification title for the weekly recap. The argument is the shells collected this week.
Localizable,notif.weekly.title %lld,fi,plural.other,new,%lld simpukkaa tällä viikolla! 🎉,%lld shells this week! 🎉,Push notification title for the weekly recap. The argument is the shells collected this week.
Localizable,notif.weekly.title %lld,fo,plural.one,new,%lld skel hesa vikuna! 🎉,%lld shell this week! 🎉,Push notification title for the weekly recap. The argument is the shells collected this week.
Localizable,notif.weekly.title %lld,fo,plural.other,new,%lld skel hesa vikuna! 🎉,%lld shells this week! 🎉,Push notification title for the weekly recap. The argument is the shells collected this week.
Localizable,notif.weekly.title %lld,fr,plural.one,new,%lld coquillage cette semaine ! 🎉,%lld shell this week! 🎉,Push notification title for the weekly recap. The argument is the shells collected this week.
Localizable,notif.weekly.title %lld,fr,plural.other,new,%lld coquillages cette semaine ! 🎉,%lld shells this week! 🎉,Push notification title for the weekly recap. The argument is the shells collected this week.
Localizable,notif.weekly.title %lld,ga,plural.one,new,%lld bhlaosc an tseachtain seo! 🎉,%lld shell this week! 🎉,Push notification title for the weekly recap. The argument is the shells collected this week.
Localizable,notif.weekly.title %lld,ga,plural.other,new,%lld blaosc an tseachtain seo! 🎉,%lld shells this week! 🎉,Push notification title for the weekly recap. The argument is the shells collected this week.
Localizable,notif.weekly.title %lld,gl,plural.one,new,%lld cuncha esta semana! 🎉,%lld shell this week! 🎉,Push notification title for the weekly recap. The argument is the shells collected this week.
Localizable,notif.weekly.title %lld,gl,plural.other,new,%lld cunchas esta semana! 🎉,%lld shells this week! 🎉,Push notification title for the weekly recap. The argument is the shells collected this week.
Localizable,notif.weekly.title %lld,gu,plural.one,new,આ અઠવાડિયે %lld છીપ! 🎉,%lld shell this week! 🎉,Push notification title for the weekly recap. The argument is the shells collected this week.
Localizable,notif.weekly.title %lld,gu,plural.other,new,આ અઠવાડિયે %lld છીપો! 🎉,%lld shells this week! 🎉,Push notification title for the weekly recap. The argument is the shells collected this week.
Localizable,notif.weekly.title %lld,he,plural.one,new,%lld צדפה השבוע! 🎉,%lld shell this week! 🎉,Push notification title for the weekly recap. The argument is the shells collected this week.
Localizable,notif.weekly.title %lld,he,plural.other,new,%lld צדפות השבוע! 🎉,%lld shells this week! 🎉,Push notification title for the weekly recap. The argument is the shells collected this week.
Localizable,notif.weekly.title %lld,hi,plural.one,new,इस हफ़्ते %lld सीपी! 🎉,%lld shell this week! 🎉,Push notification title for the weekly recap. The argument is the shells collected this week.
Localizable,notif.weekly.title %lld,hi,plural.other,new,इस हफ़्ते %lld सीपियाँ! 🎉,%lld shells this week! 🎉,Push notification title for the weekly recap. The argument is the shells collected this week.
Localizable,notif.weekly.title %lld,hr,plural.one,new,%lld školjka ovaj tjedan! 🎉,%lld shell this week! 🎉,Push notification title for the weekly recap. The argument is the shells collected this week.
Localizable,notif.weekly.title %lld,hr,plural.other,new,%lld školjki ovaj tjedan! 🎉,%lld shells this week! 🎉,Push notification title for the weekly recap. The argument is the shells collected this week.
Localizable,notif.weekly.title %lld,hu,plural.one,new,%lld kagyló ezen a héten! 🎉,%lld shell this week! 🎉,Push notification title for the weekly recap. The argument is the shells collected this week.
Localizable,notif.weekly.title %lld,hu,plural.other,new,%lld kagyló ezen a héten! 🎉,%lld shells this week! 🎉,Push notification title for the weekly recap. The argument is the shells collected this week.
Localizable,notif.weekly.title %lld,hy,plural.one,new,Այս շաբաթ՝ %lld խեցի։ 🎉,%lld shell this week! 🎉,Push notification title for the weekly recap. The argument is the shells collected this week.
Localizable,notif.weekly.title %lld,hy,plural.other,new,Այս շաբաթ՝ %lld խեցի։ 🎉,%lld shells this week! 🎉,Push notification title for the weekly recap. The argument is the shells collected this week.
Localizable,notif.weekly.title %lld,id,plural.one,new,%lld kerang minggu ini! 🎉,%lld shell this week! 🎉,Push notification title for the weekly recap. The argument is the shells collected this week.
Localizable,notif.weekly.title %lld,id,plural.other,new,%lld kerang minggu ini! 🎉,%lld shells this week! 🎉,Push notification title for the weekly recap. The argument is the shells collected this week.
Localizable,notif.weekly.title %lld,is,plural.one,new,%lld skel í þessari viku! 🎉,%lld shell this week! 🎉,Push notification title for the weekly recap. The argument is the shells collected this week.
Localizable,notif.weekly.title %lld,is,plural.other,new,%lld skeljar í þessari viku! 🎉,%lld shells this week! 🎉,Push notification title for the weekly recap. The argument is the shells collected this week.
Localizable,notif.weekly.title %lld,it,plural.one,new,%lld conchiglia questa settimana! 🎉,%lld shell this week! 🎉,Push notification title for the weekly recap. The argument is the shells collected this week.
Localizable,notif.weekly.title %lld,it,plural.other,new,%lld conchiglie questa settimana! 🎉,%lld shells this week! 🎉,Push notification title for the weekly recap. The argument is the shells collected this week.
Localizable,notif.weekly.title %lld,ja,plural.one,new,今週は貝がら%lld個！ 🎉,%lld shell this week! 🎉,Push notification title for the weekly recap. The argument is the shells collected this week.
Localizable,notif.weekly.title %lld,ja,plural.other,new,今週は貝がら%lld個！ 🎉,%lld shells this week! 🎉,Push notification title for the weekly recap. The argument is the shells collected this week.
Localizable,notif.weekly.title %lld,ka,plural.one,new,ამ კვირაში %lld ნიჟარა! 🎉,%lld shell this week! 🎉,Push notification title for the weekly recap. The argument is the shells collected this week.
Localizable,notif.weekly.title %lld,ka,plural.other,new,ამ კვირაში %lld ნიჟარა! 🎉,%lld shells this week! 🎉,Push notification title for the weekly recap. The argument is the shells collected this week.
Localizable,notif.weekly.title %lld,kk,plural.one,new,Осы аптада %lld бақалшақ! 🎉,%lld shell this week! 🎉,Push notification title for the weekly recap. The argument is the shells collected this week.
Localizable,notif.weekly.title %lld,kk,plural.other,new,Осы аптада %lld бақалшақ! 🎉,%lld shells this week! 🎉,Push notification title for the weekly recap. The argument is the shells collected this week.
Localizable,notif.weekly.title %lld,km,plural.one,new,សប្តាហ៍នេះបានសំបកខ្យង %lld! 🎉,%lld shell this week! 🎉,Push notification title for the weekly recap. The argument is the shells collected this week.
Localizable,notif.weekly.title %lld,km,plural.other,new,សប្តាហ៍នេះបានសំបកខ្យង %lld! 🎉,%lld shells this week! 🎉,Push notification title for the weekly recap. The argument is the shells collected this week.
Localizable,notif.weekly.title %lld,kn,plural.one,new,ಈ ವಾರ %lld ಚಿಪ್ಪು! 🎉,%lld shell this week! 🎉,Push notification title for the weekly recap. The argument is the shells collected this week.
Localizable,notif.weekly.title %lld,kn,plural.other,new,ಈ ವಾರ %lld ಚಿಪ್ಪುಗಳು! 🎉,%lld shells this week! 🎉,Push notification title for the weekly recap. The argument is the shells collected this week.
Localizable,notif.weekly.title %lld,ko,plural.one,new,이번 주 조개껍데기 %lld개! 🎉,%lld shell this week! 🎉,Push notification title for the weekly recap. The argument is the shells collected this week.
Localizable,notif.weekly.title %lld,ko,plural.other,new,이번 주 조개껍데기 %lld개! 🎉,%lld shells this week! 🎉,Push notification title for the weekly recap. The argument is the shells collected this week.
Localizable,notif.weekly.title %lld,lo,plural.one,new,ອາທິດນີ້ເກັບເປືອກຫອຍໄດ້ %lld! 🎉,%lld shell this week! 🎉,Push notification title for the weekly recap. The argument is the shells collected this week.
Localizable,notif.weekly.title %lld,lo,plural.other,new,ອາທິດນີ້ເກັບເປືອກຫອຍໄດ້ %lld! 🎉,%lld shells this week! 🎉,Push notification title for the weekly recap. The argument is the shells collected this week.
Localizable,notif.weekly.title %lld,lt,plural.one,new,%lld kriauklė šią savaitę! 🎉,%lld shell this week! 🎉,Push notification title for the weekly recap. The argument is the shells collected this week.
Localizable,notif.weekly.title %lld,lt,plural.other,new,%lld kriauklių šią savaitę! 🎉,%lld shells this week! 🎉,Push notification title for the weekly recap. The argument is the shells collected this week.
Localizable,notif.weekly.title %lld,lv,plural.one,new,%lld gliemežvāks šonedēļ! 🎉,%lld shell this week! 🎉,Push notification title for the weekly recap. The argument is the shells collected this week.
Localizable,notif.weekly.title %lld,lv,plural.other,new,%lld gliemežvāki šonedēļ! 🎉,%lld shells this week! 🎉,Push notification title for the weekly recap. The argument is the shells collected this week.
Localizable,notif.weekly.title %lld,mk,plural.one,new,%lld школка оваа недела! 🎉,%lld shell this week! 🎉,Push notification title for the weekly recap. The argument is the shells collected this week.
Localizable,notif.weekly.title %lld,mk,plural.other,new,%lld школки оваа недела! 🎉,%lld shells this week! 🎉,Push notification title for the weekly recap. The argument is the shells collected this week.
Localizable,notif.weekly.title %lld,ml,plural.one,new,ഈ ആഴ്ച %lld ചിപ്പി! 🎉,%lld shell this week! 🎉,Push notification title for the weekly recap. The argument is the shells collected this week.
Localizable,notif.weekly.title %lld,ml,plural.other,new,ഈ ആഴ്ച %lld ചിപ്പികൾ! 🎉,%lld shells this week! 🎉,Push notification title for the weekly recap. The argument is the shells collected this week.
Localizable,notif.weekly.title %lld,mn,plural.one,new,Энэ долоо хоногт %lld хясаа! 🎉,%lld shell this week! 🎉,Push notification title for the weekly recap. The argument is the shells collected this week.
Localizable,notif.weekly.title %lld,mn,plural.other,new,Энэ долоо хоногт %lld хясаа! 🎉,%lld shells this week! 🎉,Push notification title for the weekly recap. The argument is the shells collected this week.
Localizable,notif.weekly.title %lld,mr,plural.one,new,या आठवड्यात %lld शिंपला! 🎉,%lld shell this week! 🎉,Push notification title for the weekly recap. The argument is the shells collected this week.
Localizable,notif.weekly.title %lld,mr,plural.other,new,या आठवड्यात %lld शिंपले! 🎉,%lld shells this week! 🎉,Push notification title for the weekly recap. The argument is the shells collected this week.
Localizable,notif.weekly.title %lld,ms,plural.one,new,%lld cangkerang minggu ini! 🎉,%lld shell this week! 🎉,Push notification title for the weekly recap. The argument is the shells collected this week.
Localizable,notif.weekly.title %lld,ms,plural.other,new,%lld cangkerang minggu ini! 🎉,%lld shells this week! 🎉,Push notification title for the weekly recap. The argument is the shells collected this week.
Localizable,notif.weekly.title %lld,my,plural.one,new,ဒီအပတ် ခရုခွံ %lld ခု! 🎉,%lld shell this week! 🎉,Push notification title for the weekly recap. The argument is the shells collected this week.
Localizable,notif.weekly.title %lld,my,plural.other,new,ဒီအပတ် ခရုခွံ %lld ခု! 🎉,%lld shells this week! 🎉,Push notification title for the weekly recap. The argument is the shells collected this week.
Localizable,notif.weekly.title %lld,nb,plural.one,new,%lld skjell denne uken! 🎉,%lld shell this week! 🎉,Push notification title for the weekly recap. The argument is the shells collected this week.
Localizable,notif.weekly.title %lld,nb,plural.other,new,%lld skjell denne uken! 🎉,%lld shells this week! 🎉,Push notification title for the weekly recap. The argument is the shells collected this week.
Localizable,notif.weekly.title %lld,ne,plural.one,new,यो हप्ता %lld सिपी! 🎉,%lld shell this week! 🎉,Push notification title for the weekly recap. The argument is the shells collected this week.
Localizable,notif.weekly.title %lld,ne,plural.other,new,यो हप्ता %lld सिपीहरू! 🎉,%lld shells this week! 🎉,Push notification title for the weekly recap. The argument is the shells collected this week.
Localizable,notif.weekly.title %lld,or,plural.one,new,ଏହି ସପ୍ତାହରେ %lldଟି ଶାମୁକା ଖୋଳ! 🎉,%lld shell this week! 🎉,Push notification title for the weekly recap. The argument is the shells collected this week.
Localizable,notif.weekly.title %lld,or,plural.other,new,ଏହି ସପ୍ତାହରେ %lldଟି ଶାମୁକା ଖୋଳ! 🎉,%lld shells this week! 🎉,Push notification title for the weekly recap. The argument is the shells collected this week.
Localizable,notif.weekly.title %lld,pa,plural.one,new,ਇਸ ਹਫ਼ਤੇ %lld ਸੀਪੀ! 🎉,%lld shell this week! 🎉,Push notification title for the weekly recap. The argument is the shells collected this week.
Localizable,notif.weekly.title %lld,pa,plural.other,new,ਇਸ ਹਫ਼ਤੇ %lld ਸੀਪੀਆਂ! 🎉,%lld shells this week! 🎉,Push notification title for the weekly recap. The argument is the shells collected this week.
Localizable,notif.weekly.title %lld,pl,plural.one,new,%lld muszla w tym tygodniu! 🎉,%lld shell this week! 🎉,Push notification title for the weekly recap. The argument is the shells collected this week.
Localizable,notif.weekly.title %lld,pl,plural.other,new,%lld muszli w tym tygodniu! 🎉,%lld shells this week! 🎉,Push notification title for the weekly recap. The argument is the shells collected this week.
Localizable,notif.weekly.title %lld,pt,plural.one,new,%lld concha esta semana! 🎉,%lld shell this week! 🎉,Push notification title for the weekly recap. The argument is the shells collected this week.
Localizable,notif.weekly.title %lld,pt,plural.other,new,%lld conchas esta semana! 🎉,%lld shells this week! 🎉,Push notification title for the weekly recap. The argument is the shells collected this week.
Localizable,notif.weekly.title %lld,ro,plural.one,new,%lld scoică săptămâna aceasta! 🎉,%lld shell this week! 🎉,Push notification title for the weekly recap. The argument is the shells collected this week.
Localizable,notif.weekly.title %lld,ro,plural.other,new,%lld scoici săptămâna aceasta! 🎉,%lld shells this week! 🎉,Push notification title for the weekly recap. The argument is the shells collected this week.
Localizable,notif.weekly.title %lld,ru,plural.one,new,%lld ракушка на этой неделе! 🎉,%lld shell this week! 🎉,Push notification title for the weekly recap. The argument is the shells collected this week.
Localizable,notif.weekly.title %lld,ru,plural.other,new,%lld ракушек на этой неделе! 🎉,%lld shells this week! 🎉,Push notification title for the weekly recap. The argument is the shells collected this week.
Localizable,notif.weekly.title %lld,si,plural.one,new,මේ සතියේ සිප්පි කටුව %lldක්! 🎉,%lld shell this week! 🎉,Push notification title for the weekly recap. The argument is the shells collected this week.
Localizable,notif.weekly.title %lld,si,plural.other,new,මේ සතියේ සිප්පි කටු %lldක්! 🎉,%lld shells this week! 🎉,Push notification title for the weekly recap. The argument is the shells collected this week.
Localizable,notif.weekly.title %lld,sk,plural.one,new,%lld mušľa tento týždeň! 🎉,%lld shell this week! 🎉,Push notification title for the weekly recap. The argument is the shells collected this week.
Localizable,notif.weekly.title %lld,sk,plural.other,new,%lld mušlí tento týždeň! 🎉,%lld shells this week! 🎉,Push notification title for the weekly recap. The argument is the shells collected this week.
Localizable,notif.weekly.title %lld,sl,plural.one,new,%lld školjka ta teden! 🎉,%lld shell this week! 🎉,Push notification title for the weekly recap. The argument is the shells collected this week.
Localizable,notif.weekly.title %lld,sl,plural.other,new,%lld školjk ta teden! 🎉,%lld shells this week! 🎉,Push notification title for the weekly recap. The argument is the shells collected this week.
Localizable,notif.weekly.title %lld,sq,plural.one,new,%lld guaskë këtë javë! 🎉,%lld shell this week! 🎉,Push notification title for the weekly recap. The argument is the shells collected this week.
Localizable,notif.weekly.title %lld,sq,plural.other,new,%lld guaska këtë javë! 🎉,%lld shells this week! 🎉,Push notification title for the weekly recap. The argument is the shells collected this week.
Localizable,notif.weekly.title %lld,sr,plural.one,new,%lld шкољка ове недеље! 🎉,%lld shell this week! 🎉,Push notification title for the weekly recap. The argument is the shells collected this week.
Localizable,notif.weekly.title %lld,sr,plural.other,new,%lld шкољки ове недеље! 🎉,%lld shells this week! 🎉,Push notification title for the weekly recap. The argument is the shells collected this week.
Localizable,notif.weekly.title %lld,sv,plural.one,new,%lld snäcka den här veckan! 🎉,%lld shell this week! 🎉,Push notification title for the weekly recap. The argument is the shells collected this week.
Localizable,notif.weekly.title %lld,sv,plural.other,new,%lld snäckor den här veckan! 🎉,%lld shells this week! 🎉,Push notification title for the weekly recap. The argument is the shells collected this week.
Localizable,notif.weekly.title %lld,sw,plural.one,new,Gamba %lld wiki hii! 🎉,%lld shell this week! 🎉,Push notification title for the weekly recap. The argument is the shells collected this week.
Localizable,notif.weekly.title %lld,sw,plural.other,new,Magamba %lld wiki hii! 🎉,%lld shells this week! 🎉,Push notification title for the weekly recap. The argument is the shells collected this week.
Localizable,notif.weekly.title %lld,ta,plural.one,new,இந்த வாரம் %lld சிப்பி! 🎉,%lld shell this week! 🎉,Push notification title for the weekly recap. The argument is the shells collected this week.
Localizable,notif.weekly.title %lld,ta,plural.other,new,இந்த வாரம் %lld சிப்பிகள்! 🎉,%lld shells this week! 🎉,Push notification title for the weekly recap. The argument is the shells collected this week.
Localizable,notif.weekly.title %lld,te,plural.one,new,ఈ వారం %lld గవ్వ! 🎉,%lld shell this week! 🎉,Push notification title for the weekly recap. The argument is the shells collected this week.
Localizable,notif.weekly.title %lld,te,plural.other,new,ఈ వారం %lld గవ్వలు! 🎉,%lld shells this week! 🎉,Push notification title for the weekly recap. The argument is the shells collected this week.
Localizable,notif.weekly.title %lld,th,plural.one,new,สัปดาห์นี้เก็บเปลือกหอยได้ %lld ชิ้น! 🎉,%lld shell this week! 🎉,Push notification title for the weekly recap. The argument is the shells collected this week.
Localizable,notif.weekly.title %lld,th,plural.other,new,สัปดาห์นี้เก็บเปลือกหอยได้ %lld ชิ้น! 🎉,%lld shells this week! 🎉,Push notification title for the weekly recap. The argument is the shells collected this week.
Localizable,notif.weekly.title %lld,tr,plural.one,new,Bu hafta %lld deniz kabuğu! 🎉,%lld shell this week! 🎉,Push notification title for the weekly recap. The argument is the shells collected this week.
Localizable,notif.weekly.title %lld,tr,plural.other,new,Bu hafta %lld deniz kabuğu! 🎉,%lld shells this week! 🎉,Push notification title for the weekly recap. The argument is the shells collected this week.
Localizable,notif.weekly.title %lld,ug,plural.one,new,بۇ ھەپتە %lld دېڭىز قېپى! 🎉,%lld shell this week! 🎉,Push notification title for the weekly recap. The argument is the shells collected this week.
Localizable,notif.weekly.title %lld,ug,plural.other,new,بۇ ھەپتە %lld دېڭىز قېپى! 🎉,%lld shells this week! 🎉,Push notification title for the weekly recap. The argument is the shells collected this week.
Localizable,notif.weekly.title %lld,uk,plural.one,new,%lld мушля цього тижня! 🎉,%lld shell this week! 🎉,Push notification title for the weekly recap. The argument is the shells collected this week.
Localizable,notif.weekly.title %lld,uk,plural.other,new,%lld мушель цього тижня! 🎉,%lld shells this week! 🎉,Push notification title for the weekly recap. The argument is the shells collected this week.
Localizable,notif.weekly.title %lld,ur,plural.one,new,اس ہفتے %lld سیپی! 🎉,%lld shell this week! 🎉,Push notification title for the weekly recap. The argument is the shells collected this week.
Localizable,notif.weekly.title %lld,ur,plural.other,new,اس ہفتے %lld سیپیاں! 🎉,%lld shells this week! 🎉,Push notification title for the weekly recap. The argument is the shells collected this week.
Localizable,notif.weekly.title %lld,uz,plural.one,new,Bu hafta %lld ta chig‘anoq! 🎉,%lld shell this week! 🎉,Push notification title for the weekly recap. The argument is the shells collected this week.
Localizable,notif.weekly.title %lld,uz,plural.other,new,Bu hafta %lld ta chig‘anoq! 🎉,%lld shells this week! 🎉,Push notification title for the weekly recap. The argument is the shells collected this week.
Localizable,notif.weekly.title %lld,vi,plural.one,new,%lld vỏ sò trong tuần này! 🎉,%lld shell this week! 🎉,Push notification title for the weekly recap. The argument is the shells collected this week.
Localizable,notif.weekly.title %lld,vi,plural.other,new,%lld vỏ sò trong tuần này! 🎉,%lld shells this week! 🎉,Push notification title for the weekly recap. The argument is the shells collected this week.
Localizable,notif.weekly.title %lld,zh,plural.one,new,本周收集了 %lld 个贝壳！🎉,%lld shell this week! 🎉,Push notification title for the weekly recap. The argument is the shells collected this week.
Localizable,notif.weekly.title %lld,zh,plural.other,new,本周收集了 %lld 个贝壳！🎉,%lld shells this week! 🎉,Push notification title for the weekly recap. The argument is the shells collected this week.
Localizable,notif.weekly.title %lld,zu,plural.one,new,Igobolondo elingu-%lld kuleli sonto! 🎉,%lld shell this week! 🎉,Push notification title for the weekly recap. The argument is the shells collected this week.
Localizable,notif.weekly.title %lld,zu,plural.other,new,Amagobolondo angu-%lld kuleli sonto! 🎉,%lld shells this week! 🎉,Push notification title for the weekly recap. The argument is the shells collected this week.
Localizable,premium.availableAt %lld,af,plural.one,new,Beskikbaar vanaf %lld skulp,Available from %lld shell,Status under a character still to be earned. The argument is the shell total that opens it.
Localizable,premium.availableAt %lld,af,plural.other,new,Beskikbaar vanaf %lld skulpe,Available from %lld shells,Status under a character still to be earned. The argument is the shell total that opens it.
Localizable,premium.availableAt %lld,am,plural.one,new,ከ%lld ዛጎል ጀምሮ ይገኛል,Available from %lld shell,Status under a character still to be earned. The argument is the shell total that opens it.
Localizable,premium.availableAt %lld,am,plural.other,new,ከ%lld ዛጎሎች ጀምሮ ይገኛል,Available from %lld shells,Status under a character still to be earned. The argument is the shell total that opens it.
Localizable,premium.availableAt %lld,ar,plural.one,new,متاح عند جمع %lld صدفة,Available from %lld shell,Status under a character still to be earned. The argument is the shell total that opens it.
Localizable,premium.availableAt %lld,ar,plural.other,new,متاح عند جمع %lld أصداف,Available from %lld shells,Status under a character still to be earned. The argument is the shell total that opens it.
Localizable,premium.availableAt %lld,as,plural.one,new,%lldটা শামুকৰ খোলাৰ পৰা উপলব্ধ,Available from %lld shell,Status under a character still to be earned. The argument is the shell total that opens it.
Localizable,premium.availableAt %lld,as,plural.other,new,%lldটা শামুকৰ খোলাৰ পৰা উপলব্ধ,Available from %lld shells,Status under a character still to be earned. The argument is the shell total that opens it.
Localizable,premium.availableAt %lld,az,plural.one,new,%lld dəniz qabığından etibarən əlçatandır,Available from %lld shell,Status under a character still to be earned. The argument is the shell total that opens it.
Localizable,premium.availableAt %lld,az,plural.other,new,%lld dəniz qabığından etibarən əlçatandır,Available from %lld shells,Status under a character still to be earned. The argument is the shell total that opens it.
Localizable,premium.availableAt %lld,be,plural.one,new,Даступна ад %lld ракавінкі,Available from %lld shell,Status under a character still to be earned. The argument is the shell total that opens it.
Localizable,premium.availableAt %lld,be,plural.other,new,Даступна ад %lld ракавінак,Available from %lld shells,Status under a character still to be earned. The argument is the shell total that opens it.
Localizable,premium.availableAt %lld,bg,plural.one,new,Достъпно от %lld мида,Available from %lld shell,Status under a character still to be earned. The argument is the shell total that opens it.
Localizable,premium.availableAt %lld,bg,plural.other,new,Достъпно от %lld миди,Available from %lld shells,Status under a character still to be earned. The argument is the shell total that opens it.
Localizable,premium.availableAt %lld,bn,plural.one,new,%lldটি ঝিনুক থেকে পাওয়া যাবে,Available from %lld shell,Status under a character still to be earned. The argument is the shell total that opens it.
Localizable,premium.availableAt %lld,bn,plural.other,new,%lldটি ঝিনুক থেকে পাওয়া যাবে,Available from %lld shells,Status under a character still to be earned. The argument is the shell total that opens it.
Localizable,premium.availableAt %lld,bo,plural.one,new,ཉ་ཕྱིས་ %lld ནས་སྤྱོད་ཆོག,Available from %lld shell,Status under a character still to be earned. The argument is the shell total that opens it.
Localizable,premium.availableAt %lld,bo,plural.other,new,ཉ་ཕྱིས་ %lld ནས་སྤྱོད་ཆོག,Available from %lld shells,Status under a character still to be earned. The argument is the shell total that opens it.
Localizable,premium.availableAt %lld,bs,plural.one,new,Dostupno od %lld školjke,Available from %lld shell,Status under a character still to be earned. The argument is the shell total that opens it.
Localizable,premium.availableAt %lld,bs,plural.other,new,Dostupno od %lld školjki,Available from %lld shells,Status under a character still to be earned. The argument is the shell total that opens it.
Localizable,premium.availableAt %lld,ca,plural.one,new,Disponible a partir de %lld petxina,Available from %lld shell,Status under a character still to be earned. The argument is the shell total that opens it.
Localizable,premium.availableAt %lld,ca,plural.other,new,Disponible a partir de %lld petxines,Available from %lld shells,Status under a character still to be earned. The argument is the shell total that opens it.
Localizable,premium.availableAt %lld,cs,plural.one,new,Dostupné od %lld mušle,Available from %lld shell,Status under a character still to be earned. The argument is the shell total that opens it.
Localizable,premium.availableAt %lld,cs,plural.other,new,Dostupné od %lld mušlí,Available from %lld shells,Status under a character still to be earned. The argument is the shell total that opens it.
Localizable,premium.availableAt %lld,cy,plural.one,new,Ar gael o %lld gragen,Available from %lld shell,Status under a character still to be earned. The argument is the shell total that opens it.
Localizable,premium.availableAt %lld,cy,plural.other,new,Ar gael o %lld cregyn,Available from %lld shells,Status under a character still to be earned. The argument is the shell total that opens it.
Localizable,premium.availableAt %lld,da,plural.one,new,Tilgængelig fra %lld musling,Available from %lld shell,Status under a character still to be earned. The argument is the shell total that opens it.
Localizable,premium.availableAt %lld,da,plural.other,new,Tilgængelig fra %lld muslinger,Available from %lld shells,Status under a character still to be earned. The argument is the shell total that opens it.
Localizable,premium.availableAt %lld,de,plural.one,new,Verfügbar ab %lld Muschel,Available from %lld shell,Status under a character still to be earned. The argument is the shell total that opens it.
Localizable,premium.availableAt %lld,de,plural.other,new,Verfügbar ab %lld Muscheln,Available from %lld shells,Status under a character still to be earned. The argument is the shell total that opens it.
Localizable,premium.availableAt %lld,el,plural.one,new,Διαθέσιμο από %lld κοχύλι,Available from %lld shell,Status under a character still to be earned. The argument is the shell total that opens it.
Localizable,premium.availableAt %lld,el,plural.other,new,Διαθέσιμο από %lld κοχύλια,Available from %lld shells,Status under a character still to be earned. The argument is the shell total that opens it.
Localizable,premium.availableAt %lld,es,plural.one,new,Disponible a partir de %lld concha,Available from %lld shell,Status under a character still to be earned. The argument is the shell total that opens it.
Localizable,premium.availableAt %lld,es,plural.other,new,Disponible a partir de %lld conchas,Available from %lld shells,Status under a character still to be earned. The argument is the shell total that opens it.
Localizable,premium.availableAt %lld,et,plural.one,new,Saadaval alates %lld merekarbist,Available from %lld shell,Status under a character still to be earned. The argument is the shell total that opens it.
Localizable,premium.availableAt %lld,et,plural.other,new,Saadaval alates %lld merekarbist,Available from %lld shells,Status under a character still to be earned. The argument is the shell total that opens it.
Localizable,premium.availableAt %lld,eu,plural.one,new,Maskor %lld lortzean erabilgarri,Available from %lld shell,Status under a character still to be earned. The argument is the shell total that opens it.
Localizable,premium.availableAt %lld,eu,plural.other,new,%lld maskor lortzean erabilgarri,Available from %lld shells,Status under a character still to be earned. The argument is the shell total that opens it.
Localizable,premium.availableAt %lld,fa,plural.one,new,از %lld صدف در دسترس است,Available from %lld shell,Status under a character still to be earned. The argument is the shell total that opens it.
Localizable,premium.availableAt %lld,fa,plural.other,new,از %lld صدف در دسترس است,Available from %lld shells,Status under a character still to be earned. The argument is the shell total that opens it.
Localizable,premium.availableAt %lld,fi,plural.one,new,Saatavilla %lld simpukasta alkaen,Available from %lld shell,Status under a character still to be earned. The argument is the shell total that opens it.
Localizable,premium.availableAt %lld,fi,plural.other,new,Saatavilla %lld simpukasta alkaen,Available from %lld shells,Status under a character still to be earned. The argument is the shell total that opens it.
Localizable,premium.availableAt %lld,fo,plural.one,new,Tøkt frá %lld skel,Available from %lld shell,Status under a character still to be earned. The argument is the shell total that opens it.
Localizable,premium.availableAt %lld,fo,plural.other,new,Tøkt frá %lld skel,Available from %lld shells,Status under a character still to be earned. The argument is the shell total that opens it.
Localizable,premium.availableAt %lld,fr,plural.one,new,Disponible à partir de %lld coquillage,Available from %lld shell,Status under a character still to be earned. The argument is the shell total that opens it.
Localizable,premium.availableAt %lld,fr,plural.other,new,Disponible à partir de %lld coquillages,Available from %lld shells,Status under a character still to be earned. The argument is the shell total that opens it.
Localizable,premium.availableAt %lld,ga,plural.one,new,Ar fáil ó %lld bhlaosc,Available from %lld shell,Status under a character still to be earned. The argument is the shell total that opens it.
Localizable,premium.availableAt %lld,ga,plural.other,new,Ar fáil ó %lld blaosc,Available from %lld shells,Status under a character still to be earned. The argument is the shell total that opens it.
Localizable,premium.availableAt %lld,gl,plural.one,new,Dispoñible a partir de %lld cuncha,Available from %lld shell,Status under a character still to be earned. The argument is the shell total that opens it.
Localizable,premium.availableAt %lld,gl,plural.other,new,Dispoñible a partir de %lld cunchas,Available from %lld shells,Status under a character still to be earned. The argument is the shell total that opens it.
Localizable,premium.availableAt %lld,gu,plural.one,new,%lld છીપથી ઉપલબ્ધ,Available from %lld shell,Status under a character still to be earned. The argument is the shell total that opens it.
Localizable,premium.availableAt %lld,gu,plural.other,new,%lld છીપોથી ઉપલબ્ધ,Available from %lld shells,Status under a character still to be earned. The argument is the shell total that opens it.
Localizable,premium.availableAt %lld,he,plural.one,new,זמין החל מ-%lld צדפה,Available from %lld shell,Status under a character still to be earned. The argument is the shell total that opens it.
Localizable,premium.availableAt %lld,he,plural.other,new,זמין החל מ-%lld צדפות,Available from %lld shells,Status under a character still to be earned. The argument is the shell total that opens it.
Localizable,premium.availableAt %lld,hi,plural.one,new,%lld सीपी से उपलब्ध,Available from %lld shell,Status under a character still to be earned. The argument is the shell total that opens it.
Localizable,premium.availableAt %lld,hi,plural.other,new,%lld सीपियों से उपलब्ध,Available from %lld shells,Status under a character still to be earned. The argument is the shell total that opens it.
Localizable,premium.availableAt %lld,hr,plural.one,new,Dostupno od %lld školjke,Available from %lld shell,Status under a character still to be earned. The argument is the shell total that opens it.
Localizable,premium.availableAt %lld,hr,plural.other,new,Dostupno od %lld školjki,Available from %lld shells,Status under a character still to be earned. The argument is the shell total that opens it.
Localizable,premium.availableAt %lld,hu,plural.one,new,Elérhető %lld kagylótól,Available from %lld shell,Status under a character still to be earned. The argument is the shell total that opens it.
Localizable,premium.availableAt %lld,hu,plural.other,new,Elérhető %lld kagylótól,Available from %lld shells,Status under a character still to be earned. The argument is the shell total that opens it.
Localizable,premium.availableAt %lld,hy,plural.one,new,Հասանելի է %lld խեցիից,Available from %lld shell,Status under a character still to be earned. The argument is the shell total that opens it.
Localizable,premium.availableAt %lld,hy,plural.other,new,Հասանելի է %lld խեցիից,Available from %lld shells,Status under a character still to be earned. The argument is the shell total that opens it.
Localizable,premium.availableAt %lld,id,plural.one,new,Tersedia mulai %lld kerang,Available from %lld shell,Status under a character still to be earned. The argument is the shell total that opens it.
Localizable,premium.availableAt %lld,id,plural.other,new,Tersedia mulai %lld kerang,Available from %lld shells,Status under a character still to be earned. The argument is the shell total that opens it.
Localizable,premium.availableAt %lld,is,plural.one,new,Í boði frá %lld skel,Available from %lld shell,Status under a character still to be earned. The argument is the shell total that opens it.
Localizable,premium.availableAt %lld,is,plural.other,new,Í boði frá %lld skeljum,Available from %lld shells,Status under a character still to be earned. The argument is the shell total that opens it.
Localizable,premium.availableAt %lld,it,plural.one,new,Disponibile da %lld conchiglia,Available from %lld shell,Status under a character still to be earned. The argument is the shell total that opens it.
Localizable,premium.availableAt %lld,it,plural.other,new,Disponibile da %lld conchiglie,Available from %lld shells,Status under a character still to be earned. The argument is the shell total that opens it.
Localizable,premium.availableAt %lld,ja,plural.one,new,貝がら%lld個から利用可能,Available from %lld shell,Status under a character still to be earned. The argument is the shell total that opens it.
Localizable,premium.availableAt %lld,ja,plural.other,new,貝がら%lld個から利用可能,Available from %lld shells,Status under a character still to be earned. The argument is the shell total that opens it.
Localizable,premium.availableAt %lld,ka,plural.one,new,ხელმისაწვდომია %lld ნიჟარიდან,Available from %lld shell,Status under a character still to be earned. The argument is the shell total that opens it.
Localizable,premium.availableAt %lld,ka,plural.other,new,ხელმისაწვდომია %lld ნიჟარიდან,Available from %lld shells,Status under a character still to be earned. The argument is the shell total that opens it.
Localizable,premium.availableAt %lld,kk,plural.one,new,%lld бақалшақтан бастап қолжетімді,Available from %lld shell,Status under a character still to be earned. The argument is the shell total that opens it.
Localizable,premium.availableAt %lld,kk,plural.other,new,%lld бақалшақтан бастап қолжетімді,Available from %lld shells,Status under a character still to be earned. The argument is the shell total that opens it.
Localizable,premium.availableAt %lld,km,plural.one,new,អាចប្រើបានចាប់ពីសំបកខ្យង %lld,Available from %lld shell,Status under a character still to be earned. The argument is the shell total that opens it.
Localizable,premium.availableAt %lld,km,plural.other,new,អាចប្រើបានចាប់ពីសំបកខ្យង %lld,Available from %lld shells,Status under a character still to be earned. The argument is the shell total that opens it.
Localizable,premium.availableAt %lld,kn,plural.one,new,%lld ಚಿಪ್ಪಿನಿಂದ ಲಭ್ಯ,Available from %lld shell,Status under a character still to be earned. The argument is the shell total that opens it.
Localizable,premium.availableAt %lld,kn,plural.other,new,%lld ಚಿಪ್ಪುಗಳಿಂದ ಲಭ್ಯ,Available from %lld shells,Status under a character still to be earned. The argument is the shell total that opens it.
Localizable,premium.availableAt %lld,ko,plural.one,new,조개껍데기 %lld개부터 이용 가능,Available from %lld shell,Status under a character still to be earned. The argument is the shell total that opens it.
Localizable,premium.availableAt %lld,ko,plural.other,new,조개껍데기 %lld개부터 이용 가능,Available from %lld shells,Status under a character still to be earned. The argument is the shell total that opens it.
Localizable,premium.availableAt %lld,lo,plural.one,new,ໃຊ້ໄດ້ເມື່ອມີເປືອກຫອຍ %lld,Available from %lld shell,Status under a character still to be earned. The argument is the shell total that opens it.
Localizable,premium.availableAt %lld,lo,plural.other,new,ໃຊ້ໄດ້ເມື່ອມີເປືອກຫອຍ %lld,Available from %lld shells,Status under a character still to be earned. The argument is the shell total that opens it.
Localizable,premium.availableAt %lld,lt,plural.one,new,Pasiekiama nuo %lld kriauklės,Available from %lld shell,Status under a character still to be earned. The argument is the shell total that opens it.
Localizable,premium.availableAt %lld,lt,plural.other,new,Pasiekiama nuo %lld kriauklių,Available from %lld shells,Status under a character still to be earned. The argument is the shell total that opens it.
Localizable,premium.availableAt %lld,lv,plural.one,new,Pieejams no %lld gliemežvāka,Available from %lld shell,Status under a character still to be earned. The argument is the shell total that opens it.
Localizable,premium.availableAt %lld,lv,plural.other,new,Pieejams no %lld gliemežvākiem,Available from %lld shells,Status under a character still to be earned. The argument is the shell total that opens it.
Localizable,premium.availableAt %lld,mk,plural.one,new,Достапно од %lld школка,Available from %lld shell,Status under a character still to be earned. The argument is the shell total that opens it.
Localizable,premium.availableAt %lld,mk,plural.other,new,Достапно од %lld школки,Available from %lld shells,Status under a character still to be earned. The argument is the shell total that opens it.
Localizable,premium.availableAt %lld,ml,plural.one,new,%lld ചിപ്പി മുതൽ ലഭ്യം,Available from %lld shell,Status under a character still to be earned. The argument is the shell total that opens it.
Localizable,premium.availableAt %lld,ml,plural.other,new,%lld ചിപ്പികൾ മുതൽ ലഭ്യം,Available from %lld shells,Status under a character still to be earned. The argument is the shell total that opens it.
Localizable,premium.availableAt %lld,mn,plural.one,new,%lld хясаанаас эхлэн нээгдэнэ,Available from %lld shell,Status under a character still to be earned. The argument is the shell total that opens it.
Localizable,premium.availableAt %lld,mn,plural.other,new,%lld хясаанаас эхлэн нээгдэнэ,Available from %lld shells,Status under a character still to be earned. The argument is the shell total that opens it.
Localizable,premium.availableAt %lld,mr,plural.one,new,%lld शिंपल्यापासून उपलब्ध,Available from %lld shell,Status under a character still to be earned. The argument is the shell total that opens it.
Localizable,premium.availableAt %lld,mr,plural.other,new,%lld शिंपल्यांपासून उपलब्ध,Available from %lld shells,Status under a character still to be earned. The argument is the shell total that opens it.
Localizable,premium.availableAt %lld,ms,plural.one,new,Tersedia mulai %lld cangkerang,Available from %lld shell,Status under a character still to be earned. The argument is the shell total that opens it.
Localizable,premium.availableAt %lld,ms,plural.other,new,Tersedia mulai %lld cangkerang,Available from %lld shells,Status under a character still to be earned. The argument is the shell total that opens it.
Localizable,premium.availableAt %lld,my,plural.one,new,ခရုခွံ %lld ခုမှ စတင်ရရှိနိုင်,Available from %lld shell,Status under a character still to be earned. The argument is the shell total that opens it.
Localizable,premium.availableAt %lld,my,plural.other,new,ခရုခွံ %lld ခုမှ စတင်ရရှိနိုင်,Available from %lld shells,Status under a character still to be earned. The argument is the shell total that opens it.
Localizable,premium.availableAt %lld,nb,plural.one,new,Tilgjengelig fra %lld skjell,Available from %lld shell,Status under a character still to be earned. The argument is the shell total that opens it.
Localizable,premium.availableAt %lld,nb,plural.other,new,Tilgjengelig fra %lld skjell,Available from %lld shells,Status under a character still to be earned. The argument is the shell total that opens it.
Localizable,premium.availableAt %lld,ne,plural.one,new,%lld सिपीबाट उपलब्ध,Available from %lld shell,Status under a character still to be earned. The argument is the shell total that opens it.
Localizable,premium.availableAt %lld,ne,plural.other,new,%lld सिपीहरूबाट उपलब्ध,Available from %lld shells,Status under a character still to be earned. The argument is the shell total that opens it.
Localizable,premium.availableAt %lld,or,plural.one,new,%lldଟି ଶାମୁକା ଖୋଳରୁ ଉପଲବ୍ଧ,Available from %lld shell,Status under a character still to be earned. The argument is the shell total that opens it.
Localizable,premium.availableAt %lld,or,plural.other,new,%lldଟି ଶାମୁକା ଖୋଳରୁ ଉପଲବ୍ଧ,Available from %lld shells,Status under a character still to be earned. The argument is the shell total that opens it.
Localizable,premium.availableAt %lld,pa,plural.one,new,%lld ਸੀਪੀ ਤੋਂ ਉਪਲਬਧ,Available from %lld shell,Status under a character still to be earned. The argument is the shell total that opens it.
Localizable,premium.availableAt %lld,pa,plural.other,new,%lld ਸੀਪੀਆਂ ਤੋਂ ਉਪਲਬਧ,Available from %lld shells,Status under a character still to be earned. The argument is the shell total that opens it.
Localizable,premium.availableAt %lld,pl,plural.one,new,Dostępne od %lld muszli,Available from %lld shell,Status under a character still to be earned. The argument is the shell total that opens it.
Localizable,premium.availableAt %lld,pl,plural.other,new,Dostępne od %lld muszli,Available from %lld shells,Status under a character still to be earned. The argument is the shell total that opens it.
Localizable,premium.availableAt %lld,pt,plural.one,new,Disponível a partir de %lld concha,Available from %lld shell,Status under a character still to be earned. The argument is the shell total that opens it.
Localizable,premium.availableAt %lld,pt,plural.other,new,Disponível a partir de %lld conchas,Available from %lld shells,Status under a character still to be earned. The argument is the shell total that opens it.
Localizable,premium.availableAt %lld,ro,plural.one,new,Disponibil de la %lld scoică,Available from %lld shell,Status under a character still to be earned. The argument is the shell total that opens it.
Localizable,premium.availableAt %lld,ro,plural.other,new,Disponibil de la %lld scoici,Available from %lld shells,Status under a character still to be earned. The argument is the shell total that opens it.
Localizable,premium.availableAt %lld,ru,plural.one,new,Доступно с %lld ракушки,Available from %lld shell,Status under a character still to be earned. The argument is the shell total that opens it.
Localizable,premium.availableAt %lld,ru,plural.other,new,Доступно с %lld ракушек,Available from %lld shells,Status under a character still to be earned. The argument is the shell total that opens it.
Localizable,premium.availableAt %lld,si,plural.one,new,සිප්පි කටුව %lld සිට ලබාගත හැක,Available from %lld shell,Status under a character still to be earned. The argument is the shell total that opens it.
Localizable,premium.availableAt %lld,si,plural.other,new,සිප්පි කටු %lld සිට ලබාගත හැක,Available from %lld shells,Status under a character still to be earned. The argument is the shell total that opens it.
Localizable,premium.availableAt %lld,sk,plural.one,new,Dostupné od %lld mušle,Available from %lld shell,Status under a character still to be earned. The argument is the shell total that opens it.
Localizable,premium.availableAt %lld,sk,plural.other,new,Dostupné od %lld mušlí,Available from %lld shells,Status under a character still to be earned. The argument is the shell total that opens it.
Localizable,premium.availableAt %lld,sl,plural.one,new,Na voljo od %lld školjke,Available from %lld shell,Status under a character still to be earned. The argument is the shell total that opens it.
Localizable,premium.availableAt %lld,sl,plural.other,new,Na voljo od %lld školjk,Available from %lld shells,Status under a character still to be earned. The argument is the shell total that opens it.
Localizable,premium.availableAt %lld,sq,plural.one,new,E disponueshme nga %lld guaskë,Available from %lld shell,Status under a character still to be earned. The argument is the shell total that opens it.
Localizable,premium.availableAt %lld,sq,plural.other,new,E disponueshme nga %lld guaska,Available from %lld shells,Status under a character still to be earned. The argument is the shell total that opens it.
Localizable,premium.availableAt %lld,sr,plural.one,new,Доступно од %lld шкољке,Available from %lld shell,Status under a character still to be earned. The argument is the shell total that opens it.
Localizable,premium.availableAt %lld,sr,plural.other,new,Доступно од %lld шкољки,Available from %lld shells,Status under a character still to be earned. The argument is the shell total that opens it.
Localizable,premium.availableAt %lld,sv,plural.one,new,Tillgänglig från %lld snäcka,Available from %lld shell,Status under a character still to be earned. The argument is the shell total that opens it.
Localizable,premium.availableAt %lld,sv,plural.other,new,Tillgänglig från %lld snäckor,Available from %lld shells,Status under a character still to be earned. The argument is the shell total that opens it.
Localizable,premium.availableAt %lld,sw,plural.one,new,Inapatikana kuanzia gamba %lld,Available from %lld shell,Status under a character still to be earned. The argument is the shell total that opens it.
Localizable,premium.availableAt %lld,sw,plural.other,new,Inapatikana kuanzia magamba %lld,Available from %lld shells,Status under a character still to be earned. The argument is the shell total that opens it.
Localizable,premium.availableAt %lld,ta,plural.one,new,%lld சிப்பியிலிருந்து கிடைக்கும்,Available from %lld shell,Status under a character still to be earned. The argument is the shell total that opens it.
Localizable,premium.availableAt %lld,ta,plural.other,new,%lld சிப்பிகளிலிருந்து கிடைக்கும்,Available from %lld shells,Status under a character still to be earned. The argument is the shell total that opens it.
Localizable,premium.availableAt %lld,te,plural.one,new,%lld గవ్వ నుంచి అందుబాటులో ఉంటుంది,Available from %lld shell,Status under a character still to be earned. The argument is the shell total that opens it.
Localizable,premium.availableAt %lld,te,plural.other,new,%lld గవ్వల నుంచి అందుబాటులో ఉంటుంది,Available from %lld shells,Status under a character still to be earned. The argument is the shell total that opens it.
Localizable,premium.availableAt %lld,th,plural.one,new,ใช้ได้เมื่อมีเปลือกหอย %lld ชิ้น,Available from %lld shell,Status under a character still to be earned. The argument is the shell total that opens it.
Localizable,premium.availableAt %lld,th,plural.other,new,ใช้ได้เมื่อมีเปลือกหอย %lld ชิ้น,Available from %lld shells,Status under a character still to be earned. The argument is the shell total that opens it.
Localizable,premium.availableAt %lld,tr,plural.one,new,%lld deniz kabuğundan itibaren kullanılabilir,Available from %lld shell,Status under a character still to be earned. The argument is the shell total that opens it.
Localizable,premium.availableAt %lld,tr,plural.other,new,%lld deniz kabuğundan itibaren kullanılabilir,Available from %lld shells,Status under a character still to be earned. The argument is the shell total that opens it.
Localizable,premium.availableAt %lld,ug,plural.one,new,%lld دېڭىز قېپىدىن باشلاپ ئېچىلىدۇ,Available from %lld shell,Status under a character still to be earned. The argument is the shell total that opens it.
Localizable,premium.availableAt %lld,ug,plural.other,new,%lld دېڭىز قېپىدىن باشلاپ ئېچىلىدۇ,Available from %lld shells,Status under a character still to be earned. The argument is the shell total that opens it.
Localizable,premium.availableAt %lld,uk,plural.one,new,Доступно від %lld мушлі,Available from %lld shell,Status under a character still to be earned. The argument is the shell total that opens it.
Localizable,premium.availableAt %lld,uk,plural.other,new,Доступно від %lld мушель,Available from %lld shells,Status under a character still to be earned. The argument is the shell total that opens it.
Localizable,premium.availableAt %lld,ur,plural.one,new,%lld سیپی سے دستیاب,Available from %lld shell,Status under a character still to be earned. The argument is the shell total that opens it.
Localizable,premium.availableAt %lld,ur,plural.other,new,%lld سیپیوں سے دستیاب,Available from %lld shells,Status under a character still to be earned. The argument is the shell total that opens it.
Localizable,premium.availableAt %lld,uz,plural.one,new,%lld ta chig‘anoqdan boshlab ochiladi,Available from %lld shell,Status under a character still to be earned. The argument is the shell total that opens it.
Localizable,premium.availableAt %lld,uz,plural.other,new,%lld ta chig‘anoqdan boshlab ochiladi,Available from %lld shells,Status under a character still to be earned. The argument is the shell total that opens it.
Localizable,premium.availableAt %lld,vi,plural.one,new,Có thể mở từ %lld vỏ sò,Available from %lld shell,Status under a character still to be earned. The argument is the shell total that opens it.
Localizable,premium.availableAt %lld,vi,plural.other,new,Có thể mở từ %lld vỏ sò,Available from %lld shells,Status under a character still to be earned. The argument is the shell total that opens it.
Localizable,premium.availableAt %lld,zh,plural.one,new,收集到 %lld 个贝壳时可用,Available from %lld shell,Status under a character still to be earned. The argument is the shell total that opens it.
Localizable,premium.availableAt %lld,zh,plural.other,new,收集到 %lld 个贝壳时可用,Available from %lld shells,Status under a character still to be earned. The argument is the shell total that opens it.
Localizable,premium.availableAt %lld,zu,plural.one,new,Kuyatholakala kusukela egobolondweni elingu-%lld,Available from %lld shell,Status under a character still to be earned. The argument is the shell total that opens it.
Localizable,premium.availableAt %lld,zu,plural.other,new,Kuyatholakala kusukela emagobolondweni angu-%lld,Available from %lld shells,Status under a character still to be earned. The argument is the shell total that opens it.
Localizable,premium.earnedCards %lld,af,plural.one,new,Jy het %lld skulp verdien,You’ve earned %lld shell,Status under a character showing how many shells the player has so far.
Localizable,premium.earnedCards %lld,af,plural.other,new,Jy het %lld skulpe verdien,You’ve earned %lld shells,Status under a character showing how many shells the player has so far.
Localizable,premium.earnedCards %lld,am,plural.one,new,%lld ዛጎል አግኝተሃል,You’ve earned %lld shell,Status under a character showing how many shells the player has so far.
Localizable,premium.earnedCards %lld,am,plural.other,new,%lld ዛጎሎች አግኝተሃል,You’ve earned %lld shells,Status under a character showing how many shells the player has so far.
Localizable,premium.earnedCards %lld,ar,plural.one,new,لقد كسبت %lld صدفة,You’ve earned %lld shell,Status under a character showing how many shells the player has so far.
Localizable,premium.earnedCards %lld,ar,plural.other,new,لقد كسبت %lld أصداف,You’ve earned %lld shells,Status under a character showing how many shells the player has so far.
Localizable,premium.earnedCards %lld,as,plural.one,new,তুমি %lldটা শামুকৰ খোলা লাভ কৰিলা,You’ve earned %lld shell,Status under a character showing how many shells the player has so far.
Localizable,premium.earnedCards %lld,as,plural.other,new,তুমি %lldটা শামুকৰ খোলা লাভ কৰিলা,You’ve earned %lld shells,Status under a character showing how many shells the player has so far.
Localizable,premium.earnedCards %lld,az,plural.one,new,%lld dəniz qabığı qazandın,You’ve earned %lld shell,Status under a character showing how many shells the player has so far.
Localizable,premium.earnedCards %lld,az,plural.other,new,%lld dəniz qabığı qazandın,You’ve earned %lld shells,Status under a character showing how many shells the player has so far.
Localizable,premium.earnedCards %lld,be,plural.one,new,Ты зарабіў/ла %lld ракавінку,You’ve earned %lld shell,Status under a character showing how many shells the player has so far.
Localizable,premium.earnedCards %lld,be,plural.other,new,Ты зарабіў/ла %lld ракавінак,You’ve earned %lld shells,Status under a character showing how many shells the player has so far.
Localizable,premium.earnedCards %lld,bg,plural.one,new,Спечели %lld мида,You’ve earned %lld shell,Status under a character showing how many shells the player has so far.
Localizable,premium.earnedCards %lld,bg,plural.other,new,Спечели %lld миди,You’ve earned %lld shells,Status under a character showing how many shells the player has so far.
Localizable,premium.earnedCards %lld,bn,plural.one,new,তুমি %lldটি ঝিনুক অর্জন করেছ,You’ve earned %lld shell,Status under a character showing how many shells the player has so far.
Localizable,premium.earnedCards %lld,bn,plural.other,new,তুমি %lldটি ঝিনুক অর্জন করেছ,You’ve earned %lld shells,Status under a character showing how many shells the player has so far.
Localizable,premium.earnedCards %lld,bo,plural.one,new,ཉ་ཕྱིས་ %lld ཐོབ་ཟིན།,You’ve earned %lld shell,Status under a character showing how many shells the player has so far.
Localizable,premium.earnedCards %lld,bo,plural.other,new,ཉ་ཕྱིས་ %lld ཐོབ་ཟིན།,You’ve earned %lld shells,Status under a character showing how many shells the player has so far.
Localizable,premium.earnedCards %lld,bs,plural.one,new,Osvojio/la si %lld školjku,You’ve earned %lld shell,Status under a character showing how many shells the player has so far.
Localizable,premium.earnedCards %lld,bs,plural.other,new,Osvojio/la si %lld školjki,You’ve earned %lld shells,Status under a character showing how many shells the player has so far.
Localizable,premium.earnedCards %lld,ca,plural.one,new,Has guanyat %lld petxina,You’ve earned %lld shell,Status under a character showing how many shells the player has so far.
Localizable,premium.earnedCards %lld,ca,plural.other,new,Has guanyat %lld petxines,You’ve earned %lld shells,Status under a character showing how many shells the player has so far.
Localizable,premium.earnedCards %lld,cs,plural.one,new,Získal/a jsi %lld mušli,You’ve earned %lld shell,Status under a character showing how many shells the player has so far.
Localizable,premium.earnedCards %lld,cs,plural.other,new,Získal/a jsi %lld mušlí,You’ve earned %lld shells,Status under a character showing how many shells the player has so far.
Localizable,premium.earnedCards %lld,cy,plural.one,new,Rwyt ti wedi ennill %lld gragen,You’ve earned %lld shell,Status under a character showing how many shells the player has so far.
Localizable,premium.earnedCards %lld,cy,plural.other,new,Rwyt ti wedi ennill %lld cregyn,You’ve earned %lld shells,Status under a character showing how many shells the player has so far.
Localizable,premium.earnedCards %lld,da,plural.one,new,Du har tjent %lld musling,You’ve earned %lld shell,Status under a character showing how many shells the player has so far.
Localizable,premium.earnedCards %lld,da,plural.other,new,Du har tjent %lld muslinger,You’ve earned %lld shells,Status under a character showing how many shells the player has so far.
Localizable,premium.earnedCards %lld,de,plural.one,new,Du hast %lld Muschel verdient,You’ve earned %lld shell,Status under a character showing how many shells the player has so far.
Localizable,premium.earnedCards %lld,de,plural.other,new,Du hast %lld Muscheln verdient,You’ve earned %lld shells,Status under a character showing how many shells the player has so far.
Localizable,premium.earnedCards %lld,el,plural.one,new,Κέρδισες %lld κοχύλι,You’ve earned %lld shell,Status under a character showing how many shells the player has so far.
Localizable,premium.earnedCards %lld,el,plural.other,new,Κέρδισες %lld κοχύλια,You’ve earned %lld shells,Status under a character showing how many shells the player has so far.
Localizable,premium.earnedCards %lld,es,plural.one,new,Has conseguido %lld concha,You’ve earned %lld shell,Status under a character showing how many shells the player has so far.
Localizable,premium.earnedCards %lld,es,plural.other,new,Has conseguido %lld conchas,You’ve earned %lld shells,Status under a character showing how many shells the player has so far.
Localizable,premium.earnedCards %lld,et,plural.one,new,Oled teeninud %lld merekarbi,You’ve earned %lld shell,Status under a character showing how many shells the player has so far.
Localizable,premium.earnedCards %lld,et,plural.other,new,Oled teeninud %lld merekarpi,You’ve earned %lld shells,Status under a character showing how many shells the player has so far.
Localizable,premium.earnedCards %lld,eu,plural.one,new,Maskor %lld irabazi duzu,You’ve earned %lld shell,Status under a character showing how many shells the player has so far.
Localizable,premium.earnedCards %lld,eu,plural.other,new,%lld maskor irabazi dituzu,You’ve earned %lld shells,Status under a character showing how many shells the player has so far.
Localizable,premium.earnedCards %lld,fa,plural.one,new,%lld صدف به دست آورده‌ای,You’ve earned %lld shell,Status under a character showing how many shells the player has so far.
Localizable,premium.earnedCards %lld,fa,plural.other,new,%lld صدف به دست آورده‌ای,You’ve earned %lld shells,Status under a character showing how many shells the player has so far.
Localizable,premium.earnedCards %lld,fi,plural.one,new,Olet ansainnut %lld simpukan,You’ve earned %lld shell,Status under a character showing how many shells the player has so far.
Localizable,premium.earnedCards %lld,fi,plural.other,new,Olet ansainnut %lld simpukkaa,You’ve earned %lld shells,Status under a character showing how many shells the player has so far.
Localizable,premium.earnedCards %lld,fo,plural.one,new,Tú hevur vunnið %lld skel,You’ve earned %lld shell,Status under a character showing how many shells the player has so far.
Localizable,premium.earnedCards %lld,fo,plural.other,new,Tú hevur vunnið %lld skel,You’ve earned %lld shells,Status under a character showing how many shells the player has so far.
Localizable,premium.earnedCards %lld,fr,plural.one,new,Tu as gagné %lld coquillage,You’ve earned %lld shell,Status under a character showing how many shells the player has so far.
Localizable,premium.earnedCards %lld,fr,plural.other,new,Tu as gagné %lld coquillages,You’ve earned %lld shells,Status under a character showing how many shells the player has so far.
Localizable,premium.earnedCards %lld,ga,plural.one,new,Tá %lld bhlaosc tuillte agat,You’ve earned %lld shell,Status under a character showing how many shells the player has so far.
Localizable,premium.earnedCards %lld,ga,plural.other,new,Tá %lld blaosc tuillte agat,You’ve earned %lld shells,Status under a character showing how many shells the player has so far.
Localizable,premium.earnedCards %lld,gl,plural.one,new,Conseguiches %lld cuncha,You’ve earned %lld shell,Status under a character showing how many shells the player has so far.
Localizable,premium.earnedCards %lld,gl,plural.other,new,Conseguiches %lld cunchas,You’ve earned %lld shells,Status under a character showing how many shells the player has so far.
Localizable,premium.earnedCards %lld,gu,plural.one,new,તમે %lld છીપ કમાઈ,You’ve earned %lld shell,Status under a character showing how many shells the player has so far.
Localizable,premium.earnedCards %lld,gu,plural.other,new,તમે %lld છીપો કમાઈ,You’ve earned %lld shells,Status under a character showing how many shells the player has so far.
Localizable,premium.earnedCards %lld,he,plural.one,new,הרווחת %lld צדפה,You’ve earned %lld shell,Status under a character showing how many shells the player has so far.
Localizable,premium.earnedCards %lld,he,plural.other,new,הרווחת %lld צדפות,You’ve earned %lld shells,Status under a character showing how many shells the player has so far.
Localizable,premium.earnedCards %lld,hi,plural.one,new,तुमने %lld सीपी कमाई,You’ve earned %lld shell,Status under a character showing how many shells the player has so far.
Localizable,premium.earnedCards %lld,hi,plural.other,new,तुमने %lld सीपियाँ कमाईं,You’ve earned %lld shells,Status under a character showing how many shells the player has so far.
Localizable,premium.earnedCards %lld,hr,plural.one,new,Osvojio/la si %lld školjku,You’ve earned %lld shell,Status under a character showing how many shells the player has so far.
Localizable,premium.earnedCards %lld,hr,plural.other,new,Osvojio/la si %lld školjki,You’ve earned %lld shells,Status under a character showing how many shells the player has so far.
Localizable,premium.earnedCards %lld,hu,plural.one,new,%lld kagylót szereztél,You’ve earned %lld shell,Status under a character showing how many shells the player has so far.
Localizable,premium.earnedCards %lld,hu,plural.other,new,%lld kagylót szereztél,You’ve earned %lld shells,Status under a character showing how many shells the player has so far.
Localizable,premium.earnedCards %lld,hy,plural.one,new,Դու վաստակել ես %lld խեցի,You’ve earned %lld shell,Status under a character showing how many shells the player has so far.
Localizable,premium.earnedCards %lld,hy,plural.other,new,Դու վաստակել ես %lld խեցի,You’ve earned %lld shells,Status under a character showing how many shells the player has so far.
Localizable,premium.earnedCards %lld,id,plural.one,new,Kamu sudah mendapatkan %lld kerang,You’ve earned %lld shell,Status under a character showing how many shells the player has so far.
Localizable,premium.earnedCards %lld,id,plural.other,new,Kamu sudah mendapatkan %lld kerang,You’ve earned %lld shells,Status under a character showing how many shells the player has so far.
Localizable,premium.earnedCards %lld,is,plural.one,new,Þú hefur unnið %lld skel,You’ve earned %lld shell,Status under a character showing how many shells the player has so far.
Localizable,premium.earnedCards %lld,is,plural.other,new,Þú hefur unnið %lld skeljar,You’ve earned %lld shells,Status under a character showing how many shells the player has so far.
Localizable,premium.earnedCards %lld,it,plural.one,new,Hai guadagnato %lld conchiglia,You’ve earned %lld shell,Status under a character showing how many shells the player has so far.
Localizable,premium.earnedCards %lld,it,plural.other,new,Hai guadagnato %lld conchiglie,You’ve earned %lld shells,Status under a character showing how many shells the player has so far.
Localizable,premium.earnedCards %lld,ja,plural.one,new,貝がらを%lld個集めたよ,You’ve earned %lld shell,Status under a character showing how many shells the player has so far.
Localizable,premium.earnedCards %lld,ja,plural.other,new,貝がらを%lld個集めたよ,You’ve earned %lld shells,Status under a character showing how many shells the player has so far.
Localizable,premium.earnedCards %lld,ka,plural.one,new,შენ მოიპოვე %lld ნიჟარა,You’ve earned %lld shell,Status under a character showing how many shells the player has so far.
Localizable,premium.earnedCards %lld,ka,plural.other,new,შენ მოიპოვე %lld ნიჟარა,You’ve earned %lld shells,Status under a character showing how many shells the player has so far.
Localizable,premium.earnedCards %lld,kk,plural.one,new,%lld бақалшақ таптың,You’ve earned %lld shell,Status under a character showing how many shells the player has so far.
Localizable,premium.earnedCards %lld,kk,plural.other,new,%lld бақалшақ таптың,You’ve earned %lld shells,Status under a character showing how many shells the player has so far.
Localizable,premium.earnedCards %lld,km,plural.one,new,អ្នករកបានសំបកខ្យង %lld,You’ve earned %lld shell,Status under a character showing how many shells the player has so far.
Localizable,premium.earnedCards %lld,km,plural.other,new,អ្នករកបានសំបកខ្យង %lld,You’ve earned %lld shells,Status under a character showing how many shells the player has so far.
Localizable,premium.earnedCards %lld,kn,plural.one,new,ನೀನು %lld ಚಿಪ್ಪು ಗಳಿಸಿದ್ದೀಯ,You’ve earned %lld shell,Status under a character showing how many shells the player has so far.
Localizable,premium.earnedCards %lld,kn,plural.other,new,ನೀನು %lld ಚಿಪ್ಪುಗಳನ್ನು ಗಳಿಸಿದ್ದೀಯ,You’ve earned %lld shells,Status under a character showing how many shells the player has so far.
Localizable,premium.earnedCards %lld,ko,plural.one,new,조개껍데기 %lld개를 모았어요,You’ve earned %lld shell,Status under a character showing how many shells the player has so far.
Localizable,premium.earnedCards %lld,ko,plural.other,new,조개껍데기 %lld개를 모았어요,You’ve earned %lld shells,Status under a character showing how many shells the player has so far.
Localizable,premium.earnedCards %lld,lo,plural.one,new,ເຈົ້າໄດ້ເປືອກຫອຍ %lld,You’ve earned %lld shell,Status under a character showing how many shells the player has so far.
Localizable,premium.earnedCards %lld,lo,plural.other,new,ເຈົ້າໄດ້ເປືອກຫອຍ %lld,You’ve earned %lld shells,Status under a character showing how many shells the player has so far.
Localizable,premium.earnedCards %lld,lt,plural.one,new,Uždirbai %lld kriauklę,You’ve earned %lld shell,Status under a character showing how many shells the player has so far.
Localizable,premium.earnedCards %lld,lt,plural.other,new,Uždirbai %lld kriauklių,You’ve earned %lld shells,Status under a character showing how many shells the player has so far.
Localizable,premium.earnedCards %lld,lv,plural.one,new,Tu nopelnīji %lld gliemežvāku,You’ve earned %lld shell,Status under a character showing how many shells the player has so far.
Localizable,premium.earnedCards %lld,lv,plural.other,new,Tu nopelnīji %lld gliemežvākus,You’ve earned %lld shells,Status under a character showing how many shells the player has so far.
Localizable,premium.earnedCards %lld,mk,plural.one,new,Освои %lld школка,You’ve earned %lld shell,Status under a character showing how many shells the player has so far.
Localizable,premium.earnedCards %lld,mk,plural.other,new,Освои %lld школки,You’ve earned %lld shells,Status under a character showing how many shells the player has so far.
Localizable,premium.earnedCards %lld,ml,plural.one,new,നീ %lld ചിപ്പി നേടി,You’ve earned %lld shell,Status under a character showing how many shells the player has so far.
Localizable,premium.earnedCards %lld,ml,plural.other,new,നീ %lld ചിപ്പികൾ നേടി,You’ve earned %lld shells,Status under a character showing how many shells the player has so far.
Localizable,premium.earnedCards %lld,mn,plural.one,new,Чи %lld хясаа оллоо,You’ve earned %lld shell,Status under a character showing how many shells the player has so far.
Localizable,premium.earnedCards %lld,mn,plural.other,new,Чи %lld хясаа оллоо,You’ve earned %lld shells,Status under a character showing how many shells the player has so far.
Localizable,premium.earnedCards %lld,mr,plural.one,new,तू %lld शिंपला कमावलास,You’ve earned %lld shell,Status under a character showing how many shells the player has so far.
Localizable,premium.earnedCards %lld,mr,plural.other,new,तू %lld शिंपले कमावलीस,You’ve earned %lld shells,Status under a character showing how many shells the player has so far.
Localizable,premium.earnedCards %lld,ms,plural.one,new,Kamu telah memperoleh %lld cangkerang,You’ve earned %lld shell,Status under a character showing how many shells the player has so far.
Localizable,premium.earnedCards %lld,ms,plural.other,new,Kamu telah memperoleh %lld cangkerang,You’ve earned %lld shells,Status under a character showing how many shells the player has so far.
Localizable,premium.earnedCards %lld,my,plural.one,new,ခရုခွံ %lld ခု ရရှိထားတယ်,You’ve earned %lld shell,Status under a character showing how many shells the player has so far.
Localizable,premium.earnedCards %lld,my,plural.other,new,ခရုခွံ %lld ခု ရရှိထားတယ်,You’ve earned %lld shells,Status under a character showing how many shells the player has so far.
Localizable,premium.earnedCards %lld,nb,plural.one,new,Du har tjent %lld skjell,You’ve earned %lld shell,Status under a character showing how many shells the player has so far.
Localizable,premium.earnedCards %lld,nb,plural.other,new,Du har tjent %lld skjell,You’ve earned %lld shells,Status under a character showing how many shells the player has so far.
Localizable,premium.earnedCards %lld,ne,plural.one,new,तिमीले %lld सिपी कमायौ,You’ve earned %lld shell,Status under a character showing how many shells the player has so far.
Localizable,premium.earnedCards %lld,ne,plural.other,new,तिमीले %lld सिपीहरू कमायौ,You’ve earned %lld shells,Status under a character showing how many shells the player has so far.
Localizable,premium.earnedCards %lld,or,plural.one,new,ତୁମେ %lldଟି ଶାମୁକା ଖୋଳ ପାଇଛ,You’ve earned %lld shell,Status under a character showing how many shells the player has so far.
Localizable,premium.earnedCards %lld,or,plural.other,new,ତୁମେ %lldଟି ଶାମୁକା ଖୋଳ ପାଇଛ,You’ve earned %lld shells,Status under a character showing how many shells the player has so far.
Localizable,premium.earnedCards %lld,pa,plural.one,new,ਤੂੰ %lld ਸੀਪੀ ਕਮਾਈ,You’ve earned %lld shell,Status under a character showing how many shells the player has so far.
Localizable,premium.earnedCards %lld,pa,plural.other,new,ਤੂੰ %lld ਸੀਪੀਆਂ ਕਮਾਈਆਂ,You’ve earned %lld shells,Status under a character showing how many shells the player has so far.
Localizable,premium.earnedCards %lld,pl,plural.one,new,Zdobyto %lld muszlę,You’ve earned %lld shell,Status under a character showing how many shells the player has so far.
Localizable,premium.earnedCards %lld,pl,plural.other,new,Zdobyto %lld muszli,You’ve earned %lld shells,Status under a character showing how many shells the player has so far.
Localizable,premium.earnedCards %lld,pt,plural.one,new,Ganhaste %lld concha,You’ve earned %lld shell,Status under a character showing how many shells the player has so far.
Localizable,premium.earnedCards %lld,pt,plural.other,new,Ganhaste %lld conchas,You’ve earned %lld shells,Status under a character showing how many shells the player has so far.
Localizable,premium.earnedCards %lld,ro,plural.one,new,Ai câștigat %lld scoică,You’ve earned %lld shell,Status under a character showing how many shells the player has so far.
Localizable,premium.earnedCards %lld,ro,plural.other,new,Ai câștigat %lld scoici,You’ve earned %lld shells,Status under a character showing how many shells the player has so far.
Localizable,premium.earnedCards %lld,ru,plural.one,new,Ты заработал(а) %lld ракушку,You’ve earned %lld shell,Status under a character showing how many shells the player has so far.
Localizable,premium.earnedCards %lld,ru,plural.other,new,Ты заработал(а) %lld ракушек,You’ve earned %lld shells,Status under a character showing how many shells the player has so far.
Localizable,premium.earnedCards %lld,si,plural.one,new,ඔයා සිප්පි කටුව %lldක් උපයාගත්තා,You’ve earned %lld shell,Status under a character showing how many shells the player has so far.
Localizable,premium.earnedCards %lld,si,plural.other,new,ඔයා සිප්පි කටු %lldක් උපයාගත්තා,You’ve earned %lld shells,Status under a character showing how many shells the player has so far.
Localizable,premium.earnedCards %lld,sk,plural.one,new,Získal/a si %lld mušľu,You’ve earned %lld shell,Status under a character showing how many shells the player has so far.
Localizable,premium.earnedCards %lld,sk,plural.other,new,Získal/a si %lld mušlí,You’ve earned %lld shells,Status under a character showing how many shells the player has so far.
Localizable,premium.earnedCards %lld,sl,plural.one,new,Prislužil/a si %lld školjko,You’ve earned %lld shell,Status under a character showing how many shells the player has so far.
Localizable,premium.earnedCards %lld,sl,plural.other,new,Prislužil/a si %lld školjk,You’ve earned %lld shells,Status under a character showing how many shells the player has so far.
Localizable,premium.earnedCards %lld,sq,plural.one,new,Ke fituar %lld guaskë,You’ve earned %lld shell,Status under a character showing how many shells the player has so far.
Localizable,premium.earnedCards %lld,sq,plural.other,new,Ke fituar %lld guaska,You’ve earned %lld shells,Status under a character showing how many shells the player has so far.
Localizable,premium.earnedCards %lld,sr,plural.one,new,Освојио/ла си %lld шкољку,You’ve earned %lld shell,Status under a character showing how many shells the player has so far.
Localizable,premium.earnedCards %lld,sr,plural.other,new,Освојио/ла си %lld шкољки,You’ve earned %lld shells,Status under a character showing how many shells the player has so far.
Localizable,premium.earnedCards %lld,sv,plural.one,new,Du har tjänat %lld snäcka,You’ve earned %lld shell,Status under a character showing how many shells the player has so far.
Localizable,premium.earnedCards %lld,sv,plural.other,new,Du har tjänat %lld snäckor,You’ve earned %lld shells,Status under a character showing how many shells the player has so far.
Localizable,premium.earnedCards %lld,sw,plural.one,new,Umepata gamba %lld,You’ve earned %lld shell,Status under a character showing how many shells the player has so far.
Localizable,premium.earnedCards %lld,sw,plural.other,new,Umepata magamba %lld,You’ve earned %lld shells,Status under a character showing how many shells the player has so far.
Localizable,premium.earnedCards %lld,ta,plural.one,new,நீ %lld சிப்பி சம்பாதித்தாய்,You’ve earned %lld shell,Status under a character showing how many shells the player has so far.
Localizable,premium.earnedCards %lld,ta,plural.other,new,நீ %lld சிப்பிகள் சம்பாதித்தாய்,You’ve earned %lld shells,Status under a character showing how many shells the player has so far.
Localizable,premium.earnedCards %lld,te,plural.one,new,నువ్వు %lld గవ్వ సంపాదించావు,You’ve earned %lld shell,Status under a character showing how many shells the player has so far.
Localizable,premium.earnedCards %lld,te,plural.other,new,నువ్వు %lld గవ్వలు సంపాదించావు,You’ve earned %lld shells,Status under a character showing how many shells the player has so far.
Localizable,premium.earnedCards %lld,th,plural.one,new,คุณได้เปลือกหอย %lld ชิ้น,You’ve earned %lld shell,Status under a character showing how many shells the player has so far.
Localizable,premium.earnedCards %lld,th,plural.other,new,คุณได้เปลือกหอย %lld ชิ้น,You’ve earned %lld shells,Status under a character showing how many shells the player has so far.
Localizable,premium.earnedCards %lld,tr,plural.one,new,%lld deniz kabuğu kazandın,You’ve earned %lld shell,Status under a character showing how many shells the player has so far.
Localizable,premium.earnedCards %lld,tr,plural.other,new,%lld deniz kabuğu kazandın,You’ve earned %lld shells,Status under a character showing how many shells the player has so far.
Localizable,premium.earnedCards %lld,ug,plural.one,new,%lld دېڭىز قېپى تاپتىڭىز,You’ve earned %lld shell,Status under a character showing how many shells the player has so far.
Localizable,premium.earnedCards %lld,ug,plural.other,new,%lld دېڭىز قېپى تاپتىڭىز,You’ve earned %lld shells,Status under a character showing how many shells the player has so far.
Localizable,premium.earnedCards %lld,uk,plural.one,new,Ти заробив/ла %lld мушлю,You’ve earned %lld shell,Status under a character showing how many shells the player has so far.
Localizable,premium.earnedCards %lld,uk,plural.other,new,Ти заробив/ла %lld мушель,You’ve earned %lld shells,Status under a character showing how many shells the player has so far.
Localizable,premium.earnedCards %lld,ur,plural.one,new,تم نے %lld سیپی کمائی,You’ve earned %lld shell,Status under a character showing how many shells the player has so far.
Localizable,premium.earnedCards %lld,ur,plural.other,new,تم نے %lld سیپیاں کمائیں,You’ve earned %lld shells,Status under a character showing how many shells the player has so far.
Localizable,premium.earnedCards %lld,uz,plural.one,new,%lld ta chig‘anoq topding,You’ve earned %lld shell,Status under a character showing how many shells the player has so far.
Localizable,premium.earnedCards %lld,uz,plural.other,new,%lld ta chig‘anoq topding,You’ve earned %lld shells,Status under a character showing how many shells the player has so far.
Localizable,premium.earnedCards %lld,vi,plural.one,new,Bạn đã kiếm được %lld vỏ sò,You’ve earned %lld shell,Status under a character showing how many shells the player has so far.
Localizable,premium.earnedCards %lld,vi,plural.other,new,Bạn đã kiếm được %lld vỏ sò,You’ve earned %lld shells,Status under a character showing how many shells the player has so far.
Localizable,premium.earnedCards %lld,zh,plural.one,new,你已获得 %lld 个贝壳,You’ve earned %lld shell,Status under a character showing how many shells the player has so far.
Localizable,premium.earnedCards %lld,zh,plural.other,new,你已获得 %lld 个贝壳,You’ve earned %lld shells,Status under a character showing how many shells the player has so far.
Localizable,premium.earnedCards %lld,zu,plural.one,new,Uzuze igobolondo elingu-%lld,You’ve earned %lld shell,Status under a character showing how many shells the player has so far.
Localizable,premium.earnedCards %lld,zu,plural.other,new,Uzuze amagobolondo angu-%lld,You’ve earned %lld shells,Status under a character showing how many shells the player has so far.
Localizable,premium.unlockWithCards,af,,new,Ontsluit met skulpe,Unlock with shells,Alternative call to action: open a character with collected shells instead of money.
Localizable,premium.unlockWithCards,am,,new,በዛጎሎች ክፈት,Unlock with shells,Alternative call to action: open a character with collected shells instead of money.
Localizable,premium.unlockWithCards,ar,,new,افتح باستخدام الأصداف,Unlock with shells,Alternative call to action: open a character with collected shells instead of money.
Localizable,premium.unlockWithCards,as,,new,শামুকৰ খোলাৰে খোলা,Unlock with shells,Alternative call to action: open a character with collected shells instead of money.
Localizable,premium.unlockWithCards,az,,new,Dəniz qabıqları ilə kilidi aç,Unlock with shells,Alternative call to action: open a character with collected shells instead of money.
Localizable,premium.unlockWithCards,be,,new,Адкрыць за ракавінкі,Unlock with shells,Alternative call to action: open a character with collected shells instead of money.
Localizable,premium.unlockWithCards,bg,,new,Отключи с миди,Unlock with shells,Alternative call to action: open a character with collected shells instead of money.
Localizable,premium.unlockWithCards,bn,,new,ঝিনুক দিয়ে আনলক করো,Unlock with shells,Alternative call to action: open a character with collected shells instead of money.
Localizable,premium.unlockWithCards,bo,,new,ཉ་ཕྱིས་ཀྱིས་ཁ་ཕྱེ།,Unlock with shells,Alternative call to action: open a character with collected shells instead of money.
Localizable,premium.unlockWithCards,bs,,new,Otključaj školjkama,Unlock with shells,Alternative call to action: open a character with collected shells instead of money.
Localizable,premium.unlockWithCards,ca,,new,Desbloqueja amb petxines,Unlock with shells,Alternative call to action: open a character with collected shells instead of money.
Localizable,premium.unlockWithCards,cs,,new,Odemknout za mušle,Unlock with shells,Alternative call to action: open a character with collected shells instead of money.
Localizable,premium.unlockWithCards,cy,,new,Datgloi gyda chregyn,Unlock with shells,Alternative call to action: open a character with collected shells instead of money.
Localizable,premium.unlockWithCards,da,,new,Lås op med muslinger,Unlock with shells,Alternative call to action: open a character with collected shells instead of money.
Localizable,premium.unlockWithCards,de,,new,Mit Muscheln freischalten,Unlock with shells,Alternative call to action: open a character with collected shells instead of money.
Localizable,premium.unlockWithCards,el,,new,Ξεκλείδωσε με κοχύλια,Unlock with shells,Alternative call to action: open a character with collected shells instead of money.
Localizable,premium.unlockWithCards,es,,new,Desbloquear con conchas,Unlock with shells,Alternative call to action: open a character with collected shells instead of money.
Localizable,premium.unlockWithCards,et,,new,Ava merekarpidega,Unlock with shells,Alternative call to action: open a character with collected shells instead of money.
Localizable,premium.unlockWithCards,eu,,new,Desblokeatu maskorrekin,Unlock with shells,Alternative call to action: open a character with collected shells instead of money.
Localizable,premium.unlockWithCards,fa,,new,باز کردن با صدف‌ها,Unlock with shells,Alternative call to action: open a character with collected shells instead of money.
Localizable,premium.unlockWithCards,fi,,new,Avaa simpukoilla,Unlock with shells,Alternative call to action: open a character with collected shells instead of money.
Localizable,premium.unlockWithCards,fo,,new,Lat upp við skeljum,Unlock with shells,Alternative call to action: open a character with collected shells instead of money.
Localizable,premium.unlockWithCards,fr,,new,Débloquer avec des coquillages,Unlock with shells,Alternative call to action: open a character with collected shells instead of money.
Localizable,premium.unlockWithCards,ga,,new,Díghlasáil le blaoscanna,Unlock with shells,Alternative call to action: open a character with collected shells instead of money.
Localizable,premium.unlockWithCards,gl,,new,Desbloquear con cunchas,Unlock with shells,Alternative call to action: open a character with collected shells instead of money.
Localizable,premium.unlockWithCards,gu,,new,છીપોથી અનલૉક કરો,Unlock with shells,Alternative call to action: open a character with collected shells instead of money.
Localizable,premium.unlockWithCards,he,,new,פתיחה בעזרת צדפות,Unlock with shells,Alternative call to action: open a character with collected shells instead of money.
Localizable,premium.unlockWithCards,hi,,new,सीपियों से अनलॉक करें,Unlock with shells,Alternative call to action: open a character with collected shells instead of money.
Localizable,premium.unlockWithCards,hr,,new,Otključaj školjkama,Unlock with shells,Alternative call to action: open a character with collected shells instead of money.
Localizable,premium.unlockWithCards,hu,,new,Feloldás kagylókkal,Unlock with shells,Alternative call to action: open a character with collected shells instead of money.
Localizable,premium.unlockWithCards,hy,,new,Բացել խեցիներով,Unlock with shells,Alternative call to action: open a character with collected shells instead of money.
Localizable,premium.unlockWithCards,id,,new,Buka dengan kerang,Unlock with shells,Alternative call to action: open a character with collected shells instead of money.
Localizable,premium.unlockWithCards,is,,new,Opna með skeljum,Unlock with shells,Alternative call to action: open a character with collected shells instead of money.
Localizable,premium.unlockWithCards,it,,new,Sblocca con le conchiglie,Unlock with shells,Alternative call to action: open a character with collected shells instead of money.
Localizable,premium.unlockWithCards,ja,,new,貝がらでアンロック,Unlock with shells,Alternative call to action: open a character with collected shells instead of money.
Localizable,premium.unlockWithCards,ka,,new,გახსენი ნიჟარებით,Unlock with shells,Alternative call to action: open a character with collected shells instead of money.
Localizable,premium.unlockWithCards,kk,,new,Бақалшақпен ашу,Unlock with shells,Alternative call to action: open a character with collected shells instead of money.
Localizable,premium.unlockWithCards,km,,new,ដោះសោដោយប្រើសំបកខ្យង,Unlock with shells,Alternative call to action: open a character with collected shells instead of money.
Localizable,premium.unlockWithCards,kn,,new,ಚಿಪ್ಪುಗಳಿಂದ ತೆರೆಯಿರಿ,Unlock with shells,Alternative call to action: open a character with collected shells instead of money.
Localizable,premium.unlockWithCards,ko,,new,조개껍데기로 잠금 해제,Unlock with shells,Alternative call to action: open a character with collected shells instead of money.
Localizable,premium.unlockWithCards,lo,,new,ປົດລັອກດ້ວຍເປືອກຫອຍ,Unlock with shells,Alternative call to action: open a character with collected shells instead of money.
Localizable,premium.unlockWithCards,lt,,new,Atrakinti už kriaukles,Unlock with shells,Alternative call to action: open a character with collected shells instead of money.
Localizable,premium.unlockWithCards,lv,,new,Atbloķēt ar gliemežvākiem,Unlock with shells,Alternative call to action: open a character with collected shells instead of money.
Localizable,premium.unlockWithCards,mk,,new,Отклучи со школки,Unlock with shells,Alternative call to action: open a character with collected shells instead of money.
Localizable,premium.unlockWithCards,ml,,new,ചിപ്പികൾ ഉപയോഗിച്ച് അൺലോക്ക് ചെയ്യൂ,Unlock with shells,Alternative call to action: open a character with collected shells instead of money.
Localizable,premium.unlockWithCards,mn,,new,Хясаагаар нээх,Unlock with shells,Alternative call to action: open a character with collected shells instead of money.
Localizable,premium.unlockWithCards,mr,,new,शिंपल्यांनी अनलॉक कर,Unlock with shells,Alternative call to action: open a character with collected shells instead of money.
Localizable,premium.unlockWithCards,ms,,new,Buka dengan cangkerang,Unlock with shells,Alternative call to action: open a character with collected shells instead of money.
Localizable,premium.unlockWithCards,my,,new,ခရုခွံနဲ့ လော့ခ်ဖွင့်,Unlock with shells,Alternative call to action: open a character with collected shells instead of money.
Localizable,premium.unlockWithCards,nb,,new,Lås opp med skjell,Unlock with shells,Alternative call to action: open a character with collected shells instead of money.
Localizable,premium.unlockWithCards,ne,,new,सिपीहरूले खोल,Unlock with shells,Alternative call to action: open a character with collected shells instead of money.
Localizable,premium.unlockWithCards,or,,new,ଶାମୁକା ଖୋଳରେ ଖୋଲ,Unlock with shells,Alternative call to action: open a character with collected shells instead of money.
Localizable,premium.unlockWithCards,pa,,new,ਸੀਪੀਆਂ ਨਾਲ ਅਨਲੌਕ ਕਰੋ,Unlock with shells,Alternative call to action: open a character with collected shells instead of money.
Localizable,premium.unlockWithCards,pl,,new,Odblokuj za muszle,Unlock with shells,Alternative call to action: open a character with collected shells instead of money.
Localizable,premium.unlockWithCards,pt,,new,Desbloquear com conchas,Unlock with shells,Alternative call to action: open a character with collected shells instead of money.
Localizable,premium.unlockWithCards,ro,,new,Deblochează cu scoici,Unlock with shells,Alternative call to action: open a character with collected shells instead of money.
Localizable,premium.unlockWithCards,ru,,new,Открыть за ракушки,Unlock with shells,Alternative call to action: open a character with collected shells instead of money.
Localizable,premium.unlockWithCards,si,,new,සිප්පි කටුවලින් අගුළු හරින්න,Unlock with shells,Alternative call to action: open a character with collected shells instead of money.
Localizable,premium.unlockWithCards,sk,,new,Odomknúť za mušle,Unlock with shells,Alternative call to action: open a character with collected shells instead of money.
Localizable,premium.unlockWithCards,sl,,new,Odkleni s školjkami,Unlock with shells,Alternative call to action: open a character with collected shells instead of money.
Localizable,premium.unlockWithCards,sq,,new,Zhblloko me guaska,Unlock with shells,Alternative call to action: open a character with collected shells instead of money.
Localizable,premium.unlockWithCards,sr,,new,Откључај шкољкама,Unlock with shells,Alternative call to action: open a character with collected shells instead of money.
Localizable,premium.unlockWithCards,sv,,new,Lås upp med snäckor,Unlock with shells,Alternative call to action: open a character with collected shells instead of money.
Localizable,premium.unlockWithCards,sw,,new,Fungua kwa magamba,Unlock with shells,Alternative call to action: open a character with collected shells instead of money.
Localizable,premium.unlockWithCards,ta,,new,சிப்பிகளால் திற,Unlock with shells,Alternative call to action: open a character with collected shells instead of money.
Localizable,premium.unlockWithCards,te,,new,గవ్వలతో అన్‌లాక్ చేయి,Unlock with shells,Alternative call to action: open a character with collected shells instead of money.
Localizable,premium.unlockWithCards,th,,new,ปลดล็อกด้วยเปลือกหอย,Unlock with shells,Alternative call to action: open a character with collected shells instead of money.
Localizable,premium.unlockWithCards,tr,,new,Deniz kabuklarıyla aç,Unlock with shells,Alternative call to action: open a character with collected shells instead of money.
Localizable,premium.unlockWithCards,ug,,new,دېڭىز قېپى بىلەن ئېچىڭ,Unlock with shells,Alternative call to action: open a character with collected shells instead of money.
Localizable,premium.unlockWithCards,uk,,new,Відкрити за мушлі,Unlock with shells,Alternative call to action: open a character with collected shells instead of money.
Localizable,premium.unlockWithCards,ur,,new,سیپیوں سے کھولو,Unlock with shells,Alternative call to action: open a character with collected shells instead of money.
Localizable,premium.unlockWithCards,uz,,new,Chig‘anoqlar bilan och,Unlock with shells,Alternative call to action: open a character with collected shells instead of money.
Localizable,premium.unlockWithCards,vi,,new,Mở khóa bằng vỏ sò,Unlock with shells,Alternative call to action: open a character with collected shells instead of money.
Localizable,premium.unlockWithCards,zh,,new,用贝壳解锁,Unlock with shells,Alternative call to action: open a character with collected shells instead of money.
Localizable,premium.unlockWithCards,zu,,new,Vula ngamagobolondo,Unlock with shells,Alternative call to action: open a character with collected shells instead of money.
Localizable,tutorial.step.1,af,,new,Verkeerde antwoorde marsjeer na jou Koning toe! Tik op ’n krap om sand na hom te gooi. Kry hulle almal weg!,Wrong answers are marching on your King! Tap a crab to throw sand at it. Clear them all!,"Walkthrough step 1 of 10: only wrong answers walk in, and tapping one costs nothing yet. Spoken to a young child, one or two short sentences."
Localizable,tutorial.step.1,am,,new,የተሳሳቱ መልሶች ወደ ንጉሥህ እየመጡ ነው! ሸርጣንን ነካ አድርገህ አሸዋ ወርውርበት። ሁሉንም አስወግድ!,Wrong answers are marching on your King! Tap a crab to throw sand at it. Clear them all!,"Walkthrough step 1 of 10: only wrong answers walk in, and tapping one costs nothing yet. Spoken to a young child, one or two short sentences."
Localizable,tutorial.step.1,ar,,new,الإجابات الخاطئة تتجه نحو ملكك! اضغط على سلطعون لترمي عليه الرمل. أبعدها كلها!,Wrong answers are marching on your King! Tap a crab to throw sand at it. Clear them all!,"Walkthrough step 1 of 10: only wrong answers walk in, and tapping one costs nothing yet. Spoken to a young child, one or two short sentences."
Localizable,tutorial.step.1,as,,new,ভুল উত্তৰবোৰ তোমাৰ ৰজাৰ ফালে আহি আছে! এটা কেঁকোৰাত টেপ কৰি তাৰ ফালে বালি ছটিয়াওক। সকলো আঁতৰাই দিয়া!,Wrong answers are marching on your King! Tap a crab to throw sand at it. Clear them all!,"Walkthrough step 1 of 10: only wrong answers walk in, and tapping one costs nothing yet. Spoken to a young child, one or two short sentences."
Localizable,tutorial.step.1,az,,new,Səhv cavablar Kralına doğru irəliləyir! Bir xərçəngə toxun və ona qum at. Hamısını təmizlə!,Wrong answers are marching on your King! Tap a crab to throw sand at it. Clear them all!,"Walkthrough step 1 of 10: only wrong answers walk in, and tapping one costs nothing yet. Spoken to a young child, one or two short sentences."
Localizable,tutorial.step.1,be,,new,"Няправільныя адказы ідуць да твайго Караля! Націсні на краба, каб кінуць у яго пяском. Прыбяры іх усіх!",Wrong answers are marching on your King! Tap a crab to throw sand at it. Clear them all!,"Walkthrough step 1 of 10: only wrong answers walk in, and tapping one costs nothing yet. Spoken to a young child, one or two short sentences."
Localizable,tutorial.step.1,bg,,new,"Грешните отговори маршируват към твоя Крал! Докосни рак, за да хвърлиш пясък по него. Разчисти ги всичките!",Wrong answers are marching on your King! Tap a crab to throw sand at it. Clear them all!,"Walkthrough step 1 of 10: only wrong answers walk in, and tapping one costs nothing yet. Spoken to a young child, one or two short sentences."
Localizable,tutorial.step.1,bn,,new,ভুল উত্তরগুলো তোমার রাজার দিকে এগিয়ে আসছে! একটি কাঁকড়ায় ট্যাপ করে তার দিকে বালি ছোড়ো। সবগুলো সরিয়ে দাও!,Wrong answers are marching on your King! Tap a crab to throw sand at it. Clear them all!,"Walkthrough step 1 of 10: only wrong answers walk in, and tapping one costs nothing yet. Spoken to a young child, one or two short sentences."
Localizable,tutorial.step.1,bo,,new,ལན་ནོར་བ་ཚོ་ཁྱོད་ཀྱི་རྒྱལ་པོའི་ཕྱོགས་ལ་ཡོང་གི་འདུག སྡིག་སྲིན་ཞིག་མནན་ནས་བྱེ་མ་གཏོར། ཚང་མ་ཕར་སྐྲོད།,Wrong answers are marching on your King! Tap a crab to throw sand at it. Clear them all!,"Walkthrough step 1 of 10: only wrong answers walk in, and tapping one costs nothing yet. Spoken to a young child, one or two short sentences."
Localizable,tutorial.step.1,bs,,new,Pogrešni odgovori marširaju prema tvom Kralju! Dodirni raka da baciš pijesak na njega. Očisti ih sve!,Wrong answers are marching on your King! Tap a crab to throw sand at it. Clear them all!,"Walkthrough step 1 of 10: only wrong answers walk in, and tapping one costs nothing yet. Spoken to a young child, one or two short sentences."
Localizable,tutorial.step.1,ca,,new,Les respostes incorrectes avancen cap al teu Rei! Toca un cranc per llançar-li sorra. Fes-los fora a tots!,Wrong answers are marching on your King! Tap a crab to throw sand at it. Clear them all!,"Walkthrough step 1 of 10: only wrong answers walk in, and tapping one costs nothing yet. Spoken to a young child, one or two short sentences."
Localizable,tutorial.step.1,cs,,new,Špatné odpovědi pochodují k tvému Králi! Klepni na kraba a hoď po něm písek. Zbav se jich všech!,Wrong answers are marching on your King! Tap a crab to throw sand at it. Clear them all!,"Walkthrough step 1 of 10: only wrong answers walk in, and tapping one costs nothing yet. Spoken to a young child, one or two short sentences."
Localizable,tutorial.step.1,cy,,new,Mae’r atebion anghywir yn gorymdeithio at dy Frenin! Tapia granc i daflu tywod ato. Cliria nhw i gyd!,Wrong answers are marching on your King! Tap a crab to throw sand at it. Clear them all!,"Walkthrough step 1 of 10: only wrong answers walk in, and tapping one costs nothing yet. Spoken to a young child, one or two short sentences."
Localizable,tutorial.step.1,da,,new,Forkerte svar marcherer mod din Konge! Tryk på en krabbe for at kaste sand på den. Få dem alle væk!,Wrong answers are marching on your King! Tap a crab to throw sand at it. Clear them all!,"Walkthrough step 1 of 10: only wrong answers walk in, and tapping one costs nothing yet. Spoken to a young child, one or two short sentences."
Localizable,tutorial.step.1,de,,new,"Falsche Antworten marschieren auf deinen König zu! Tippe auf eine Krabbe, um Sand nach ihr zu werfen. Räum sie alle weg!",Wrong answers are marching on your King! Tap a crab to throw sand at it. Clear them all!,"Walkthrough step 1 of 10: only wrong answers walk in, and tapping one costs nothing yet. Spoken to a young child, one or two short sentences."
Localizable,tutorial.step.1,el,,new,Οι λάθος απαντήσεις προχωρούν προς τον Βασιλιά σου! Πάτησε ένα καβούρι για να του πετάξεις άμμο. Διώξ’ τα όλα!,Wrong answers are marching on your King! Tap a crab to throw sand at it. Clear them all!,"Walkthrough step 1 of 10: only wrong answers walk in, and tapping one costs nothing yet. Spoken to a young child, one or two short sentences."
Localizable,tutorial.step.1,es,,new,¡Las respuestas incorrectas avanzan hacia tu Rey! Toca un cangrejo para lanzarle arena. ¡Acaba con todos!,Wrong answers are marching on your King! Tap a crab to throw sand at it. Clear them all!,"Walkthrough step 1 of 10: only wrong answers walk in, and tapping one costs nothing yet. Spoken to a young child, one or two short sentences."
Localizable,tutorial.step.1,et,,new,"Valed vastused marsivad sinu Kuninga poole! Puuduta krabi, et talle liiva visata. Korista nad kõik ära!",Wrong answers are marching on your King! Tap a crab to throw sand at it. Clear them all!,"Walkthrough step 1 of 10: only wrong answers walk in, and tapping one costs nothing yet. Spoken to a young child, one or two short sentences."
Localizable,tutorial.step.1,eu,,new,Erantzun okerrak zure Erregearengana doaz! Ukitu karramarro bat hareaz jotzeko. Kendu guztiak!,Wrong answers are marching on your King! Tap a crab to throw sand at it. Clear them all!,"Walkthrough step 1 of 10: only wrong answers walk in, and tapping one costs nothing yet. Spoken to a young child, one or two short sentences."
Localizable,tutorial.step.1,fa,,new,جواب‌های اشتباه دارند به سمت پادشاهت می‌آیند! روی یک خرچنگ بزن تا به آن شن پرتاب کنی. همه را کنار بزن!,Wrong answers are marching on your King! Tap a crab to throw sand at it. Clear them all!,"Walkthrough step 1 of 10: only wrong answers walk in, and tapping one costs nothing yet. Spoken to a young child, one or two short sentences."
Localizable,tutorial.step.1,fi,,new,Väärät vastaukset marssivat kohti Kuningastasi! Napauta rapua heittääksesi sitä hiekalla. Poista ne kaikki!,Wrong answers are marching on your King! Tap a crab to throw sand at it. Clear them all!,"Walkthrough step 1 of 10: only wrong answers walk in, and tapping one costs nothing yet. Spoken to a young child, one or two short sentences."
Localizable,tutorial.step.1,fo,,new,Skeiv svar marsjera ímóti Konginum hjá tær! Trýst á ein krabba fyri at kasta sand eftir honum. Rudda teir allar burtur!,Wrong answers are marching on your King! Tap a crab to throw sand at it. Clear them all!,"Walkthrough step 1 of 10: only wrong answers walk in, and tapping one costs nothing yet. Spoken to a young child, one or two short sentences."
Localizable,tutorial.step.1,fr,,new,Les mauvaises réponses foncent vers ton Roi ! Touche un crabe pour lui lancer du sable. Élimine-les tous !,Wrong answers are marching on your King! Tap a crab to throw sand at it. Clear them all!,"Walkthrough step 1 of 10: only wrong answers walk in, and tapping one costs nothing yet. Spoken to a young child, one or two short sentences."
Localizable,tutorial.step.1,ga,,new,Tá na freagraí míchearta ag máirseáil i dtreo do Rí! Tapáil portán chun gaineamh a chaitheamh air. Glan amach iad go léir!,Wrong answers are marching on your King! Tap a crab to throw sand at it. Clear them all!,"Walkthrough step 1 of 10: only wrong answers walk in, and tapping one costs nothing yet. Spoken to a young child, one or two short sentences."
Localizable,tutorial.step.1,gl,,new,As respostas incorrectas avanzan cara ao teu Rei! Toca un cangrexo para botarlle area. Acaba con todos!,Wrong answers are marching on your King! Tap a crab to throw sand at it. Clear them all!,"Walkthrough step 1 of 10: only wrong answers walk in, and tapping one costs nothing yet. Spoken to a young child, one or two short sentences."
Localizable,tutorial.step.1,gu,,new,ખોટા જવાબો તમારા રાજા તરફ આવી રહ્યા છે! કરચલાને ટૅપ કરીને તેના પર રેતી ફેંકો. બધાને દૂર કરો!,Wrong answers are marching on your King! Tap a crab to throw sand at it. Clear them all!,"Walkthrough step 1 of 10: only wrong answers walk in, and tapping one costs nothing yet. Spoken to a young child, one or two short sentences."
Localizable,tutorial.step.1,he,,new,התשובות הלא נכונות מתקדמות אל המלך שלך! נוגעים בסרטן כדי לזרוק עליו חול. מסלקים את כולם!,Wrong answers are marching on your King! Tap a crab to throw sand at it. Clear them all!,"Walkthrough step 1 of 10: only wrong answers walk in, and tapping one costs nothing yet. Spoken to a young child, one or two short sentences."
Localizable,tutorial.step.1,hi,,new,गलत जवाब तुम्हारे राजा की ओर बढ़ रहे हैं! किसी केकड़े पर टैप करके उस पर रेत फेंको। सबको हटा दो!,Wrong answers are marching on your King! Tap a crab to throw sand at it. Clear them all!,"Walkthrough step 1 of 10: only wrong answers walk in, and tapping one costs nothing yet. Spoken to a young child, one or two short sentences."
Localizable,tutorial.step.1,hr,,new,Pogrešni odgovori marširaju prema tvom Kralju! Dodirni raka da baciš pijesak na njega. Makni ih sve!,Wrong answers are marching on your King! Tap a crab to throw sand at it. Clear them all!,"Walkthrough step 1 of 10: only wrong answers walk in, and tapping one costs nothing yet. Spoken to a young child, one or two short sentences."
Localizable,tutorial.step.1,hu,,new,"A rossz válaszok a Királyod felé menetelnek! Koppints egy rákra, hogy homokot dobj rá. Tüntesd el mindet!",Wrong answers are marching on your King! Tap a crab to throw sand at it. Clear them all!,"Walkthrough step 1 of 10: only wrong answers walk in, and tapping one costs nothing yet. Spoken to a young child, one or two short sentences."
Localizable,tutorial.step.1,hy,,new,Սխալ պատասխանները գնում են դեպի քո Թագավորը։ Հպիր խեցգետնին՝ նրա վրա ավազ նետելու համար։ Հեռացրու բոլորին։,Wrong answers are marching on your King! Tap a crab to throw sand at it. Clear them all!,"Walkthrough step 1 of 10: only wrong answers walk in, and tapping one costs nothing yet. Spoken to a young child, one or two short sentences."
Localizable,tutorial.step.1,id,,new,Jawaban yang salah sedang berjalan menuju Rajamu! Ketuk kepiting untuk melemparinya dengan pasir. Singkirkan semuanya!,Wrong answers are marching on your King! Tap a crab to throw sand at it. Clear them all!,"Walkthrough step 1 of 10: only wrong answers walk in, and tapping one costs nothing yet. Spoken to a young child, one or two short sentences."
Localizable,tutorial.step.1,is,,new,Röng svör ganga í átt að Konunginum þínum! Pikkaðu á krabba til að kasta sandi í hann. Hreinsaðu þá alla burt!,Wrong answers are marching on your King! Tap a crab to throw sand at it. Clear them all!,"Walkthrough step 1 of 10: only wrong answers walk in, and tapping one costs nothing yet. Spoken to a young child, one or two short sentences."
Localizable,tutorial.step.1,it,,new,Le risposte sbagliate stanno marciando verso il tuo Re! Tocca un granchio per lanciargli della sabbia. Eliminali tutti!,Wrong answers are marching on your King! Tap a crab to throw sand at it. Clear them all!,"Walkthrough step 1 of 10: only wrong answers walk in, and tapping one costs nothing yet. Spoken to a young child, one or two short sentences."
Localizable,tutorial.step.1,ja,,new,まちがった答えのカニが王さまに向かってくるよ！ カニをタップして砂を投げよう。全部追い払おう！,Wrong answers are marching on your King! Tap a crab to throw sand at it. Clear them all!,"Walkthrough step 1 of 10: only wrong answers walk in, and tapping one costs nothing yet. Spoken to a young child, one or two short sentences."
Localizable,tutorial.step.1,ka,,new,"არასწორი პასუხები შენი მეფისკენ მიდიან! შეეხე კიბორჩხალას, რომ ქვიშა ესროლო. მოაშორე ყველა!",Wrong answers are marching on your King! Tap a crab to throw sand at it. Clear them all!,"Walkthrough step 1 of 10: only wrong answers walk in, and tapping one costs nothing yet. Spoken to a young child, one or two short sentences."
Localizable,tutorial.step.1,kk,,new,"Қате жауаптар Патшаңа қарай жүріп келеді! Шаянды түртіп, оған құм лақтыр. Бәрін тазала!",Wrong answers are marching on your King! Tap a crab to throw sand at it. Clear them all!,"Walkthrough step 1 of 10: only wrong answers walk in, and tapping one costs nothing yet. Spoken to a young child, one or two short sentences."
Localizable,tutorial.step.1,km,,new,ចម្លើយខុសកំពុងដើរទៅរកស្តេចរបស់អ្នក! ប៉ះក្តាមមួយ ដើម្បីគប់ខ្សាច់ដាក់វា។ កម្ចាត់វាទាំងអស់!,Wrong answers are marching on your King! Tap a crab to throw sand at it. Clear them all!,"Walkthrough step 1 of 10: only wrong answers walk in, and tapping one costs nothing yet. Spoken to a young child, one or two short sentences."
Localizable,tutorial.step.1,kn,,new,ತಪ್ಪು ಉತ್ತರಗಳು ನಿನ್ನ ರಾಜನ ಕಡೆ ಬರುತ್ತಿವೆ! ಏಡಿಯನ್ನು ಟ್ಯಾಪ್ ಮಾಡಿ ಅದರ ಮೇಲೆ ಮರಳು ಎಸೆ. ಎಲ್ಲವನ್ನೂ ತೆರವು ಮಾಡು!,Wrong answers are marching on your King! Tap a crab to throw sand at it. Clear them all!,"Walkthrough step 1 of 10: only wrong answers walk in, and tapping one costs nothing yet. Spoken to a young child, one or two short sentences."
Localizable,tutorial.step.1,ko,,new,틀린 답을 든 게들이 왕에게 다가오고 있어요! 게를 탭해서 모래를 던져요. 모두 막아 주세요!,Wrong answers are marching on your King! Tap a crab to throw sand at it. Clear them all!,"Walkthrough step 1 of 10: only wrong answers walk in, and tapping one costs nothing yet. Spoken to a young child, one or two short sentences."
Localizable,tutorial.step.1,lo,,new,ຄຳຕອບຜິດກຳລັງໄປຫາກະສັດຂອງເຈົ້າ! ແຕະປູເພື່ອປາຊາຍໃສ່ມັນ. ຈັດການໃຫ້ໝົດ!,Wrong answers are marching on your King! Tap a crab to throw sand at it. Clear them all!,"Walkthrough step 1 of 10: only wrong answers walk in, and tapping one costs nothing yet. Spoken to a young child, one or two short sentences."
Localizable,tutorial.step.1,lt,,new,Neteisingi atsakymai žygiuoja tavo Karaliaus link! Paliesk krabą ir mesk į jį smėlio. Pašalink juos visus!,Wrong answers are marching on your King! Tap a crab to throw sand at it. Clear them all!,"Walkthrough step 1 of 10: only wrong answers walk in, and tapping one costs nothing yet. Spoken to a young child, one or two short sentences."
Localizable,tutorial.step.1,lv,,new,"Nepareizās atbildes soļo tava Karaļa virzienā! Pieskaries krabim, lai mestu tam smiltis. Aizvāc tos visus!",Wrong answers are marching on your King! Tap a crab to throw sand at it. Clear them all!,"Walkthrough step 1 of 10: only wrong answers walk in, and tapping one costs nothing yet. Spoken to a young child, one or two short sentences."
Localizable,tutorial.step.1,mk,,new,Погрешните одговори маршираат кон твојот Крал! Допри рак за да фрлиш песок по него. Тргни ги сите!,Wrong answers are marching on your King! Tap a crab to throw sand at it. Clear them all!,"Walkthrough step 1 of 10: only wrong answers walk in, and tapping one costs nothing yet. Spoken to a young child, one or two short sentences."
Localizable,tutorial.step.1,ml,,new,തെറ്റായ ഉത്തരങ്ങൾ നിന്റെ രാജാവിന്റെ അടുത്തേക്ക് വരുന്നു! ഞണ്ടിനെ ടാപ്പ് ചെയ്ത് അതിലേക്ക് മണൽ എറിയൂ. എല്ലാം നീക്കിക്കളയൂ!,Wrong answers are marching on your King! Tap a crab to throw sand at it. Clear them all!,"Walkthrough step 1 of 10: only wrong answers walk in, and tapping one costs nothing yet. Spoken to a young child, one or two short sentences."
Localizable,tutorial.step.1,mn,,new,"Буруу хариунууд Хаан руу чинь явж байна! Хавч дээр товшиж, элс шид. Бүгдийг нь зайлуул!",Wrong answers are marching on your King! Tap a crab to throw sand at it. Clear them all!,"Walkthrough step 1 of 10: only wrong answers walk in, and tapping one costs nothing yet. Spoken to a young child, one or two short sentences."
Localizable,tutorial.step.1,mr,,new,चुकीची उत्तरे तुझ्या राजाकडे येत आहेत! खेकड्यावर टॅप करून त्याच्यावर वाळू फेक. सगळ्यांना हटव!,Wrong answers are marching on your King! Tap a crab to throw sand at it. Clear them all!,"Walkthrough step 1 of 10: only wrong answers walk in, and tapping one costs nothing yet. Spoken to a young child, one or two short sentences."
Localizable,tutorial.step.1,ms,,new,Jawapan salah sedang bergerak ke arah Raja kamu! Ketik ketam untuk membaling pasir padanya. Singkirkan semuanya!,Wrong answers are marching on your King! Tap a crab to throw sand at it. Clear them all!,"Walkthrough step 1 of 10: only wrong answers walk in, and tapping one costs nothing yet. Spoken to a young child, one or two short sentences."
Localizable,tutorial.step.1,my,,new,အဖြေမှားတွေက မင်းကြီးဆီ လာနေပြီ! ကဏန်းတစ်ကောင်ကို တို့ပြီး သဲနဲ့ ပစ်လိုက်ပါ။ အားလုံးကို ဖယ်ရှားလိုက်!,Wrong answers are marching on your King! Tap a crab to throw sand at it. Clear them all!,"Walkthrough step 1 of 10: only wrong answers walk in, and tapping one costs nothing yet. Spoken to a young child, one or two short sentences."
Localizable,tutorial.step.1,nb,,new,Feil svar marsjerer mot Kongen din! Trykk på en krabbe for å kaste sand på den. Fjern dem alle!,Wrong answers are marching on your King! Tap a crab to throw sand at it. Clear them all!,"Walkthrough step 1 of 10: only wrong answers walk in, and tapping one costs nothing yet. Spoken to a young child, one or two short sentences."
Localizable,tutorial.step.1,ne,,new,गलत उत्तरहरू तिम्रो राजातिर आइरहेका छन्! गँगटोमा ट्याप गरेर त्यसलाई बालुवा हान। सबैलाई हटाऊ!,Wrong answers are marching on your King! Tap a crab to throw sand at it. Clear them all!,"Walkthrough step 1 of 10: only wrong answers walk in, and tapping one costs nothing yet. Spoken to a young child, one or two short sentences."
Localizable,tutorial.step.1,or,,new,ଭୁଲ ଉତ୍ତରଗୁଡ଼ିକ ତୁମ ରାଜାଙ୍କ ପାଖକୁ ଆସୁଛି! ଗୋଟିଏ କଙ୍କଡ଼ାକୁ ଟ୍ୟାପ୍ କରି ତା’ ଉପରେ ବାଲି ଫିଙ୍ଗ। ସବୁକୁ ହଟାଇ ଦିଅ!,Wrong answers are marching on your King! Tap a crab to throw sand at it. Clear them all!,"Walkthrough step 1 of 10: only wrong answers walk in, and tapping one costs nothing yet. Spoken to a young child, one or two short sentences."
Localizable,tutorial.step.1,pa,,new,ਗਲਤ ਜਵਾਬ ਤੇਰੇ ਰਾਜੇ ਵੱਲ ਆ ਰਹੇ ਹਨ! ਕੇਕੜੇ ਨੂੰ ਟੈਪ ਕਰਕੇ ਉਸ ਉੱਤੇ ਰੇਤ ਸੁੱਟ। ਸਭ ਨੂੰ ਹਟਾ ਦੇ!,Wrong answers are marching on your King! Tap a crab to throw sand at it. Clear them all!,"Walkthrough step 1 of 10: only wrong answers walk in, and tapping one costs nothing yet. Spoken to a young child, one or two short sentences."
Localizable,tutorial.step.1,pl,,new,"Błędne odpowiedzi maszerują na twojego Króla! Dotknij kraba, aby rzucić w niego piaskiem. Usuń je wszystkie!",Wrong answers are marching on your King! Tap a crab to throw sand at it. Clear them all!,"Walkthrough step 1 of 10: only wrong answers walk in, and tapping one costs nothing yet. Spoken to a young child, one or two short sentences."
Localizable,tutorial.step.1,pt,,new,As respostas erradas estão a marchar em direção ao teu Rei! Toca num caranguejo para lhe atirar areia. Acaba com todos!,Wrong answers are marching on your King! Tap a crab to throw sand at it. Clear them all!,"Walkthrough step 1 of 10: only wrong answers walk in, and tapping one costs nothing yet. Spoken to a young child, one or two short sentences."
Localizable,tutorial.step.1,ro,,new,Răspunsurile greșite mărșăluiesc spre Regele tău! Atinge un crab ca să arunci cu nisip în el. Îndepărtează-le pe toate!,Wrong answers are marching on your King! Tap a crab to throw sand at it. Clear them all!,"Walkthrough step 1 of 10: only wrong answers walk in, and tapping one costs nothing yet. Spoken to a young child, one or two short sentences."
Localizable,tutorial.step.1,ru,,new,"Неправильные ответы идут к твоему Королю! Нажми на краба, чтобы бросить в него песком. Убери их всех!",Wrong answers are marching on your King! Tap a crab to throw sand at it. Clear them all!,"Walkthrough step 1 of 10: only wrong answers walk in, and tapping one costs nothing yet. Spoken to a young child, one or two short sentences."
Localizable,tutorial.step.1,si,,new,වැරදි උත්තර ඔයාගේ රජු ළඟට එනවා! කකුළුවෙකුට ටැප් කරලා ඒකට වැලි විසි කරන්න. ඔක්කොම අයින් කරන්න!,Wrong answers are marching on your King! Tap a crab to throw sand at it. Clear them all!,"Walkthrough step 1 of 10: only wrong answers walk in, and tapping one costs nothing yet. Spoken to a young child, one or two short sentences."
Localizable,tutorial.step.1,sk,,new,Nesprávne odpovede pochodujú k tvojmu Kráľovi! Ťukni na kraba a hoď po ňom piesok. Zbav sa ich všetkých!,Wrong answers are marching on your King! Tap a crab to throw sand at it. Clear them all!,"Walkthrough step 1 of 10: only wrong answers walk in, and tapping one costs nothing yet. Spoken to a young child, one or two short sentences."
Localizable,tutorial.step.1,sl,,new,"Napačni odgovori korakajo proti tvojemu Kralju! Tapni raka, da vanj vržeš pesek. Odstrani jih vse!",Wrong answers are marching on your King! Tap a crab to throw sand at it. Clear them all!,"Walkthrough step 1 of 10: only wrong answers walk in, and tapping one costs nothing yet. Spoken to a young child, one or two short sentences."
Localizable,tutorial.step.1,sq,,new,Përgjigjet e gabuara po marshojnë drejt Mbretit tënd! Prek një gaforre për t’i hedhur rërë. Largoji të gjitha!,Wrong answers are marching on your King! Tap a crab to throw sand at it. Clear them all!,"Walkthrough step 1 of 10: only wrong answers walk in, and tapping one costs nothing yet. Spoken to a young child, one or two short sentences."
Localizable,tutorial.step.1,sr,,new,Погрешни одговори марширају ка твом Краљу! Додирни рака да бациш песак на њега. Склони их све!,Wrong answers are marching on your King! Tap a crab to throw sand at it. Clear them all!,"Walkthrough step 1 of 10: only wrong answers walk in, and tapping one costs nothing yet. Spoken to a young child, one or two short sentences."
Localizable,tutorial.step.1,sv,,new,Fel svar marscherar mot din Kung! Tryck på en krabba för att kasta sand på den. Få bort dem allihop!,Wrong answers are marching on your King! Tap a crab to throw sand at it. Clear them all!,"Walkthrough step 1 of 10: only wrong answers walk in, and tapping one costs nothing yet. Spoken to a young child, one or two short sentences."
Localizable,tutorial.step.1,sw,,new,Majibu yasiyo sahihi yanaelekea kwa Mfalme wako! Gusa kaa ili kumrushia mchanga. Yaondoe yote!,Wrong answers are marching on your King! Tap a crab to throw sand at it. Clear them all!,"Walkthrough step 1 of 10: only wrong answers walk in, and tapping one costs nothing yet. Spoken to a young child, one or two short sentences."
Localizable,tutorial.step.1,ta,,new,தவறான பதில்கள் உன் ராஜாவை நோக்கி வருகின்றன! ஒரு நண்டை தட்டி அதன்மேல் மணல் எறி. எல்லாவற்றையும் அகற்று!,Wrong answers are marching on your King! Tap a crab to throw sand at it. Clear them all!,"Walkthrough step 1 of 10: only wrong answers walk in, and tapping one costs nothing yet. Spoken to a young child, one or two short sentences."
Localizable,tutorial.step.1,te,,new,తప్పు సమాధానాలు నీ రాజు వైపు వస్తున్నాయి! పీతపై ట్యాప్ చేసి దానిపై ఇసుక విసురు. అన్నింటినీ తొలగించు!,Wrong answers are marching on your King! Tap a crab to throw sand at it. Clear them all!,"Walkthrough step 1 of 10: only wrong answers walk in, and tapping one costs nothing yet. Spoken to a young child, one or two short sentences."
Localizable,tutorial.step.1,th,,new,คำตอบผิดกำลังเดินไปหาพระราชาของคุณ! แตะปูเพื่อปาทรายใส่มัน จัดการให้หมดเลย!,Wrong answers are marching on your King! Tap a crab to throw sand at it. Clear them all!,"Walkthrough step 1 of 10: only wrong answers walk in, and tapping one costs nothing yet. Spoken to a young child, one or two short sentences."
Localizable,tutorial.step.1,tr,,new,Yanlış cevaplar Kralına doğru ilerliyor! Bir yengece dokunup ona kum at. Hepsini temizle!,Wrong answers are marching on your King! Tap a crab to throw sand at it. Clear them all!,"Walkthrough step 1 of 10: only wrong answers walk in, and tapping one costs nothing yet. Spoken to a young child, one or two short sentences."
Localizable,tutorial.step.1,ug,,new,خاتا جاۋابلار پادىشاھىڭىزغا قاراپ كېلىۋاتىدۇ! قىسقۇچپاقىغا تېگىپ، ئۇنىڭغا قۇم ئېتىڭ. ھەممىسىنى تازىلاڭ!,Wrong answers are marching on your King! Tap a crab to throw sand at it. Clear them all!,"Walkthrough step 1 of 10: only wrong answers walk in, and tapping one costs nothing yet. Spoken to a young child, one or two short sentences."
Localizable,tutorial.step.1,uk,,new,"Неправильні відповіді йдуть до твого Короля! Торкнися краба, щоб кинути в нього піском. Прибери їх усіх!",Wrong answers are marching on your King! Tap a crab to throw sand at it. Clear them all!,"Walkthrough step 1 of 10: only wrong answers walk in, and tapping one costs nothing yet. Spoken to a young child, one or two short sentences."
Localizable,tutorial.step.1,ur,,new,غلط جواب تمہارے بادشاہ کی طرف بڑھ رہے ہیں! کسی کیکڑے کو چھو کر اس پر ریت پھینکو۔ سب کو ہٹا دو!,Wrong answers are marching on your King! Tap a crab to throw sand at it. Clear them all!,"Walkthrough step 1 of 10: only wrong answers walk in, and tapping one costs nothing yet. Spoken to a young child, one or two short sentences."
Localizable,tutorial.step.1,uz,,new,"Noto‘g‘ri javoblar Qiroling tomon yurmoqda! Qisqichbaqaga tegib, unga qum ot. Hammasini yo‘qot!",Wrong answers are marching on your King! Tap a crab to throw sand at it. Clear them all!,"Walkthrough step 1 of 10: only wrong answers walk in, and tapping one costs nothing yet. Spoken to a young child, one or two short sentences."
Localizable,tutorial.step.1,vi,,new,Các đáp án sai đang tiến về phía Đức Vua của bạn! Chạm vào một con cua để ném cát vào nó. Dọn sạch tất cả nhé!,Wrong answers are marching on your King! Tap a crab to throw sand at it. Clear them all!,"Walkthrough step 1 of 10: only wrong answers walk in, and tapping one costs nothing yet. Spoken to a young child, one or two short sentences."
Localizable,tutorial.step.1,zh,,new,错误答案正朝你的国王走来！点一下螃蟹，向它扔沙子。把它们全赶走！,Wrong answers are marching on your King! Tap a crab to throw sand at it. Clear them all!,"Walkthrough step 1 of 10: only wrong answers walk in, and tapping one costs nothing yet. Spoken to a young child, one or two short sentences."
Localizable,tutorial.step.1,zu,,new,Izimpendulo ezingalungile ziya eNkosini yakho! Thinta inkalankala ukuze uyijikijele ngesihlabathi. Zisuse zonke!,Wrong answers are marching on your King! Tap a crab to throw sand at it. Clear them all!,"Walkthrough step 1 of 10: only wrong answers walk in, and tapping one costs nothing yet. Spoken to a young child, one or two short sentences."
Localizable,tutorial.step.2,af,,new,Een krap dra die regte antwoord. Tref die verkeerde een en laat die regte een jou Koning bereik!,One crab carries the right answer. Smash the wrong one and let the right one reach your King!,"Walkthrough step 2 of 10: one crab carries the right answer and has to be let through. Spoken to a young child, one or two short sentences."
Localizable,tutorial.step.2,am,,new,አንድ ሸርጣን ትክክለኛውን መልስ ይዟል። የተሳሳተውን ምታና ትክክለኛው ወደ ንጉሥህ እንዲደርስ ተወው!,One crab carries the right answer. Smash the wrong one and let the right one reach your King!,"Walkthrough step 2 of 10: one crab carries the right answer and has to be let through. Spoken to a young child, one or two short sentences."
Localizable,tutorial.step.2,ar,,new,أحد السرطانات يحمل الإجابة الصحيحة. اضرب صاحب الإجابة الخاطئة ودع صاحب الإجابة الصحيحة يصل إلى ملكك!,One crab carries the right answer. Smash the wrong one and let the right one reach your King!,"Walkthrough step 2 of 10: one crab carries the right answer and has to be let through. Spoken to a young child, one or two short sentences."
Localizable,tutorial.step.2,as,,new,এটা কেঁকোৰাই শুদ্ধ উত্তৰটো লৈ আহিছে। ভুলটোক আঘাত কৰা আৰু শুদ্ধটোক তোমাৰ ৰজালৈ যাব দিয়া!,One crab carries the right answer. Smash the wrong one and let the right one reach your King!,"Walkthrough step 2 of 10: one crab carries the right answer and has to be let through. Spoken to a young child, one or two short sentences."
Localizable,tutorial.step.2,az,,new,Bir xərçəng düzgün cavabı aparır. Səhv olanı vur və düzgün olanın Kralına çatmasına icazə ver!,One crab carries the right answer. Smash the wrong one and let the right one reach your King!,"Walkthrough step 2 of 10: one crab carries the right answer and has to be let through. Spoken to a young child, one or two short sentences."
Localizable,tutorial.step.2,be,,new,Адзін краб нясе правільны адказ. Трап у няправільнага і прапусці правільнага да свайго Караля!,One crab carries the right answer. Smash the wrong one and let the right one reach your King!,"Walkthrough step 2 of 10: one crab carries the right answer and has to be let through. Spoken to a young child, one or two short sentences."
Localizable,tutorial.step.2,bg,,new,Един рак носи верния отговор. Удари грешния и остави верния да стигне до твоя Крал!,One crab carries the right answer. Smash the wrong one and let the right one reach your King!,"Walkthrough step 2 of 10: one crab carries the right answer and has to be let through. Spoken to a young child, one or two short sentences."
Localizable,tutorial.step.2,bn,,new,একটি কাঁকড়া সঠিক উত্তর নিয়ে আসছে। ভুলটিকে আঘাত করো আর সঠিকটিকে তোমার রাজার কাছে পৌঁছাতে দাও!,One crab carries the right answer. Smash the wrong one and let the right one reach your King!,"Walkthrough step 2 of 10: one crab carries the right answer and has to be let through. Spoken to a young child, one or two short sentences."
Localizable,tutorial.step.2,bo,,new,སྡིག་སྲིན་གཅིག་གིས་ལན་འགྲིག་པ་ཁྱེར་ཡོང་གི་འདུག ལན་ནོར་བ་དེ་རྒྱག་ནས་ལན་འགྲིག་པ་དེ་རྒྱལ་པོའི་རྩར་འགྲོ་རུ་ཆུག,One crab carries the right answer. Smash the wrong one and let the right one reach your King!,"Walkthrough step 2 of 10: one crab carries the right answer and has to be let through. Spoken to a young child, one or two short sentences."
Localizable,tutorial.step.2,bs,,new,Jedan rak nosi tačan odgovor. Pogodi pogrešnog i pusti tačnog da stigne do tvog Kralja!,One crab carries the right answer. Smash the wrong one and let the right one reach your King!,"Walkthrough step 2 of 10: one crab carries the right answer and has to be let through. Spoken to a young child, one or two short sentences."
Localizable,tutorial.step.2,ca,,new,Un cranc porta la resposta correcta. Colpeja l’incorrecte i deixa que el correcte arribi al teu Rei!,One crab carries the right answer. Smash the wrong one and let the right one reach your King!,"Walkthrough step 2 of 10: one crab carries the right answer and has to be let through. Spoken to a young child, one or two short sentences."
Localizable,tutorial.step.2,cs,,new,Jeden krab nese správnou odpověď. Tref toho špatného a nech správného dojít ke Králi!,One crab carries the right answer. Smash the wrong one and let the right one reach your King!,"Walkthrough step 2 of 10: one crab carries the right answer and has to be let through. Spoken to a young child, one or two short sentences."
Localizable,tutorial.step.2,cy,,new,Mae un cranc yn cario’r ateb cywir. Tar y cranc anghywir a gadael i’r un cywir gyrraedd dy Frenin!,One crab carries the right answer. Smash the wrong one and let the right one reach your King!,"Walkthrough step 2 of 10: one crab carries the right answer and has to be let through. Spoken to a young child, one or two short sentences."
Localizable,tutorial.step.2,da,,new,"Én krabbe har det rigtige svar. Ram den forkerte, og lad den rigtige nå frem til din Konge!",One crab carries the right answer. Smash the wrong one and let the right one reach your King!,"Walkthrough step 2 of 10: one crab carries the right answer and has to be let through. Spoken to a young child, one or two short sentences."
Localizable,tutorial.step.2,de,,new,Eine Krabbe trägt die richtige Antwort. Triff die falsche und lass die richtige zu deinem König durch!,One crab carries the right answer. Smash the wrong one and let the right one reach your King!,"Walkthrough step 2 of 10: one crab carries the right answer and has to be let through. Spoken to a young child, one or two short sentences."
Localizable,tutorial.step.2,el,,new,Ένα καβούρι κουβαλά τη σωστή απάντηση. Χτύπα το λάθος και άφησε το σωστό να φτάσει στον Βασιλιά σου!,One crab carries the right answer. Smash the wrong one and let the right one reach your King!,"Walkthrough step 2 of 10: one crab carries the right answer and has to be let through. Spoken to a young child, one or two short sentences."
Localizable,tutorial.step.2,es,,new,Un cangrejo lleva la respuesta correcta. Golpea al que está mal y deja que el correcto llegue hasta tu Rey.,One crab carries the right answer. Smash the wrong one and let the right one reach your King!,"Walkthrough step 2 of 10: one crab carries the right answer and has to be let through. Spoken to a young child, one or two short sentences."
Localizable,tutorial.step.2,et,,new,Üks krabi kannab õiget vastust. Taba valet ja lase õigel oma Kuninga juurde jõuda!,One crab carries the right answer. Smash the wrong one and let the right one reach your King!,"Walkthrough step 2 of 10: one crab carries the right answer and has to be let through. Spoken to a young child, one or two short sentences."
Localizable,tutorial.step.2,eu,,new,Karramarro batek erantzun zuzena darama. Jo okerra eta utzi zuzena zure Erregearengana iristen!,One crab carries the right answer. Smash the wrong one and let the right one reach your King!,"Walkthrough step 2 of 10: one crab carries the right answer and has to be let through. Spoken to a young child, one or two short sentences."
Localizable,tutorial.step.2,fa,,new,یک خرچنگ جواب درست را دارد. خرچنگِ جواب اشتباه را بزن و بگذار جواب درست به پادشاهت برسد!,One crab carries the right answer. Smash the wrong one and let the right one reach your King!,"Walkthrough step 2 of 10: one crab carries the right answer and has to be let through. Spoken to a young child, one or two short sentences."
Localizable,tutorial.step.2,fi,,new,Yhdellä ravulla on oikea vastaus. Osu väärään ja päästä oikea Kuninkaasi luo!,One crab carries the right answer. Smash the wrong one and let the right one reach your King!,"Walkthrough step 2 of 10: one crab carries the right answer and has to be let through. Spoken to a young child, one or two short sentences."
Localizable,tutorial.step.2,fo,,new,Ein krabbi ber rætta svarið. Rak tann skeiva og lat tann rætta koma fram til Kongin hjá tær!,One crab carries the right answer. Smash the wrong one and let the right one reach your King!,"Walkthrough step 2 of 10: one crab carries the right answer and has to be let through. Spoken to a young child, one or two short sentences."
Localizable,tutorial.step.2,fr,,new,Un crabe porte la bonne réponse. Vise le mauvais et laisse le bon atteindre ton Roi !,One crab carries the right answer. Smash the wrong one and let the right one reach your King!,"Walkthrough step 2 of 10: one crab carries the right answer and has to be let through. Spoken to a young child, one or two short sentences."
Localizable,tutorial.step.2,ga,,new,Tá portán amháin ag iompar an fhreagra cheart. Buail an ceann mícheart agus lig don cheann ceart do Rí a bhaint amach!,One crab carries the right answer. Smash the wrong one and let the right one reach your King!,"Walkthrough step 2 of 10: one crab carries the right answer and has to be let through. Spoken to a young child, one or two short sentences."
Localizable,tutorial.step.2,gl,,new,Un cangrexo leva a resposta correcta. Dálle ao incorrecto e deixa que o correcto chegue ao teu Rei!,One crab carries the right answer. Smash the wrong one and let the right one reach your King!,"Walkthrough step 2 of 10: one crab carries the right answer and has to be let through. Spoken to a young child, one or two short sentences."
Localizable,tutorial.step.2,gu,,new,એક કરચલો સાચો જવાબ લઈને આવે છે. ખોટા જવાબવાળાને મારો અને સાચા જવાબવાળાને તમારા રાજા સુધી પહોંચવા દો!,One crab carries the right answer. Smash the wrong one and let the right one reach your King!,"Walkthrough step 2 of 10: one crab carries the right answer and has to be let through. Spoken to a young child, one or two short sentences."
Localizable,tutorial.step.2,he,,new,סרטן אחד נושא את התשובה הנכונה. פוגעים בזה עם התשובה הלא נכונה ונותנים לנכון להגיע אל המלך!,One crab carries the right answer. Smash the wrong one and let the right one reach your King!,"Walkthrough step 2 of 10: one crab carries the right answer and has to be let through. Spoken to a young child, one or two short sentences."
Localizable,tutorial.step.2,hi,,new,एक केकड़ा सही जवाब लेकर आ रहा है। गलत वाले को मारो और सही वाले को तुम्हारे राजा तक पहुँचने दो!,One crab carries the right answer. Smash the wrong one and let the right one reach your King!,"Walkthrough step 2 of 10: one crab carries the right answer and has to be let through. Spoken to a young child, one or two short sentences."
Localizable,tutorial.step.2,hr,,new,Jedan rak nosi točan odgovor. Pogodi pogrešnog i pusti točnog da stigne do tvog Kralja!,One crab carries the right answer. Smash the wrong one and let the right one reach your King!,"Walkthrough step 2 of 10: one crab carries the right answer and has to be let through. Spoken to a young child, one or two short sentences."
Localizable,tutorial.step.2,hu,,new,"Az egyik rák a helyes választ hozza. Találd el a rosszat, és engedd, hogy a helyes eljusson a Királyodhoz!",One crab carries the right answer. Smash the wrong one and let the right one reach your King!,"Walkthrough step 2 of 10: one crab carries the right answer and has to be let through. Spoken to a young child, one or two short sentences."
Localizable,tutorial.step.2,hy,,new,Մի խեցգետին տանում է ճիշտ պատասխանը։ Խփիր սխալ պատասխանով խեցգետնին և թող ճիշտը հասնի քո Թագավորին։,One crab carries the right answer. Smash the wrong one and let the right one reach your King!,"Walkthrough step 2 of 10: one crab carries the right answer and has to be let through. Spoken to a young child, one or two short sentences."
Localizable,tutorial.step.2,id,,new,Satu kepiting membawa jawaban yang benar. Hantam yang salah dan biarkan yang benar sampai ke Rajamu!,One crab carries the right answer. Smash the wrong one and let the right one reach your King!,"Walkthrough step 2 of 10: one crab carries the right answer and has to be let through. Spoken to a young child, one or two short sentences."
Localizable,tutorial.step.2,is,,new,Einn krabbi ber rétta svarið. Hittu þann ranga og leyfðu þeim rétta að komast til Konungsins þíns!,One crab carries the right answer. Smash the wrong one and let the right one reach your King!,"Walkthrough step 2 of 10: one crab carries the right answer and has to be let through. Spoken to a young child, one or two short sentences."
Localizable,tutorial.step.2,it,,new,Un granchio porta la risposta giusta. Colpisci quello sbagliato e lascia che quello giusto raggiunga il tuo Re!,One crab carries the right answer. Smash the wrong one and let the right one reach your King!,"Walkthrough step 2 of 10: one crab carries the right answer and has to be let through. Spoken to a young child, one or two short sentences."
Localizable,tutorial.step.2,ja,,new,1匹のカニが正しい答えを持っているよ。まちがったカニをやっつけて、正しいカニは王さまのところまで通してあげよう！,One crab carries the right answer. Smash the wrong one and let the right one reach your King!,"Walkthrough step 2 of 10: one crab carries the right answer and has to be let through. Spoken to a young child, one or two short sentences."
Localizable,tutorial.step.2,ka,,new,ერთ კიბორჩხალას სწორი პასუხი მოაქვს. მოარტყი არასწორს და სწორ პასუხს მიეცი საშუალება შენს მეფემდე მივიდეს!,One crab carries the right answer. Smash the wrong one and let the right one reach your King!,"Walkthrough step 2 of 10: one crab carries the right answer and has to be let through. Spoken to a young child, one or two short sentences."
Localizable,tutorial.step.2,kk,,new,"Бір шаян дұрыс жауапты алып келеді. Қате жауапты ұр да, дұрысының Патшаңа жетуіне жол бер!",One crab carries the right answer. Smash the wrong one and let the right one reach your King!,"Walkthrough step 2 of 10: one crab carries the right answer and has to be let through. Spoken to a young child, one or two short sentences."
Localizable,tutorial.step.2,km,,new,ក្តាមមួយកំពុងនាំចម្លើយត្រឹមត្រូវ។ វាយក្តាមដែលមានចម្លើយខុស ហើយទុកក្តាមដែលមានចម្លើយត្រឹមត្រូវឲ្យទៅដល់ស្តេច!,One crab carries the right answer. Smash the wrong one and let the right one reach your King!,"Walkthrough step 2 of 10: one crab carries the right answer and has to be let through. Spoken to a young child, one or two short sentences."
Localizable,tutorial.step.2,kn,,new,"ಒಂದು ಏಡಿ ಸರಿಯಾದ ಉತ್ತರವನ್ನು ಹೊತ್ತು ಬರುತ್ತಿದೆ. ತಪ್ಪಾದದ್ದನ್ನು ಹೊಡೆದು, ಸರಿಯಾದದ್ದು ನಿನ್ನ ರಾಜನ ಬಳಿಗೆ ತಲುಪಲು ಬಿಡು!",One crab carries the right answer. Smash the wrong one and let the right one reach your King!,"Walkthrough step 2 of 10: one crab carries the right answer and has to be let through. Spoken to a young child, one or two short sentences."
Localizable,tutorial.step.2,ko,,new,"게 한 마리가 정답을 들고 있어요. 오답을 든 게는 맞히고, 정답을 든 게는 왕에게 가도록 보내 주세요!",One crab carries the right answer. Smash the wrong one and let the right one reach your King!,"Walkthrough step 2 of 10: one crab carries the right answer and has to be let through. Spoken to a young child, one or two short sentences."
Localizable,tutorial.step.2,lo,,new,ປູໂຕໜຶ່ງຖືຄຳຕອບທີ່ຖືກ. ຈັດການໂຕທີ່ຜິດ ແລະປ່ອຍໂຕທີ່ຖືກໃຫ້ໄປເຖິງກະສັດ!,One crab carries the right answer. Smash the wrong one and let the right one reach your King!,"Walkthrough step 2 of 10: one crab carries the right answer and has to be let through. Spoken to a young child, one or two short sentences."
Localizable,tutorial.step.2,lt,,new,Vienas krabas neša teisingą atsakymą. Pataikyk į neteisingą ir leisk teisingam pasiekti tavo Karalių!,One crab carries the right answer. Smash the wrong one and let the right one reach your King!,"Walkthrough step 2 of 10: one crab carries the right answer and has to be let through. Spoken to a young child, one or two short sentences."
Localizable,tutorial.step.2,lv,,new,Viens krabis nes pareizo atbildi. Trāpi nepareizajam un ļauj pareizajam sasniegt tavu Karali!,One crab carries the right answer. Smash the wrong one and let the right one reach your King!,"Walkthrough step 2 of 10: one crab carries the right answer and has to be let through. Spoken to a young child, one or two short sentences."
Localizable,tutorial.step.2,mk,,new,Еден рак го носи точниот одговор. Погоди го погрешниот и пушти го точниот да стигне до твојот Крал!,One crab carries the right answer. Smash the wrong one and let the right one reach your King!,"Walkthrough step 2 of 10: one crab carries the right answer and has to be let through. Spoken to a young child, one or two short sentences."
Localizable,tutorial.step.2,ml,,new,"ഒരു ഞണ്ട് ശരിയായ ഉത്തരം കൊണ്ടുവരുന്നു. തെറ്റായതിനെ അടിക്കൂ, ശരിയായത് നിന്റെ രാജാവിന്റെ അടുത്തെത്താൻ അനുവദിക്കൂ!",One crab carries the right answer. Smash the wrong one and let the right one reach your King!,"Walkthrough step 2 of 10: one crab carries the right answer and has to be let through. Spoken to a young child, one or two short sentences."
Localizable,tutorial.step.2,mn,,new,"Нэг хавч зөв хариуг авч явна. Бурууг нь оноод, зөвийг нь Хаанд чинь хүргэ!",One crab carries the right answer. Smash the wrong one and let the right one reach your King!,"Walkthrough step 2 of 10: one crab carries the right answer and has to be let through. Spoken to a young child, one or two short sentences."
Localizable,tutorial.step.2,mr,,new,एक खेकडा बरोबर उत्तर घेऊन येतोय. चुकीच्याला मार आणि बरोबर उत्तराला तुझ्या राजापर्यंत पोहोचू दे!,One crab carries the right answer. Smash the wrong one and let the right one reach your King!,"Walkthrough step 2 of 10: one crab carries the right answer and has to be let through. Spoken to a young child, one or two short sentences."
Localizable,tutorial.step.2,ms,,new,Seekor ketam membawa jawapan yang betul. Kena yang salah dan biarkan yang betul sampai kepada Raja kamu!,One crab carries the right answer. Smash the wrong one and let the right one reach your King!,"Walkthrough step 2 of 10: one crab carries the right answer and has to be let through. Spoken to a young child, one or two short sentences."
Localizable,tutorial.step.2,my,,new,ကဏန်းတစ်ကောင်က အဖြေမှန်ကို ယူလာတယ်။ အဖြေမှားတဲ့ကောင်ကို ထိပြီး အဖြေမှန်တဲ့ကောင်ကို မင်းကြီးဆီ ရောက်အောင် လွှတ်ပေးလိုက်!,One crab carries the right answer. Smash the wrong one and let the right one reach your King!,"Walkthrough step 2 of 10: one crab carries the right answer and has to be let through. Spoken to a young child, one or two short sentences."
Localizable,tutorial.step.2,nb,,new,Én krabbe har det riktige svaret. Treff den gale og la den riktige nå Kongen din!,One crab carries the right answer. Smash the wrong one and let the right one reach your King!,"Walkthrough step 2 of 10: one crab carries the right answer and has to be let through. Spoken to a young child, one or two short sentences."
Localizable,tutorial.step.2,ne,,new,एउटा गँगटोले सही उत्तर बोकेको छ। गलतलाई हान र सहीलाई तिम्रो राजासम्म पुग्न देऊ!,One crab carries the right answer. Smash the wrong one and let the right one reach your King!,"Walkthrough step 2 of 10: one crab carries the right answer and has to be let through. Spoken to a young child, one or two short sentences."
Localizable,tutorial.step.2,or,,new,ଗୋଟିଏ କଙ୍କଡ଼ା ସଠିକ୍ ଉତ୍ତର ନେଇ ଆସୁଛି। ଭୁଲଟିକୁ ମାର ଏବଂ ସଠିକ୍ଟିକୁ ତୁମ ରାଜାଙ୍କ ପାଖକୁ ଯିବାକୁ ଦିଅ!,One crab carries the right answer. Smash the wrong one and let the right one reach your King!,"Walkthrough step 2 of 10: one crab carries the right answer and has to be let through. Spoken to a young child, one or two short sentences."
Localizable,tutorial.step.2,pa,,new,ਇੱਕ ਕੇਕੜਾ ਸਹੀ ਜਵਾਬ ਲੈ ਕੇ ਆ ਰਿਹਾ ਹੈ। ਗਲਤ ਵਾਲੇ ਨੂੰ ਮਾਰ ਅਤੇ ਸਹੀ ਵਾਲੇ ਨੂੰ ਆਪਣੇ ਰਾਜੇ ਤੱਕ ਪਹੁੰਚਣ ਦੇ!,One crab carries the right answer. Smash the wrong one and let the right one reach your King!,"Walkthrough step 2 of 10: one crab carries the right answer and has to be let through. Spoken to a young child, one or two short sentences."
Localizable,tutorial.step.2,pl,,new,Jeden krab niesie poprawną odpowiedź. Traf błędnego i pozwól poprawnemu dotrzeć do twojego Króla!,One crab carries the right answer. Smash the wrong one and let the right one reach your King!,"Walkthrough step 2 of 10: one crab carries the right answer and has to be let through. Spoken to a young child, one or two short sentences."
Localizable,tutorial.step.2,pt,,new,Um caranguejo leva a resposta certa. Acerta no errado e deixa o certo chegar ao teu Rei!,One crab carries the right answer. Smash the wrong one and let the right one reach your King!,"Walkthrough step 2 of 10: one crab carries the right answer and has to be let through. Spoken to a young child, one or two short sentences."
Localizable,tutorial.step.2,ro,,new,Un crab poartă răspunsul corect. Lovește-l pe cel greșit și lasă-l pe cel corect să ajungă la Regele tău!,One crab carries the right answer. Smash the wrong one and let the right one reach your King!,"Walkthrough step 2 of 10: one crab carries the right answer and has to be let through. Spoken to a young child, one or two short sentences."
Localizable,tutorial.step.2,ru,,new,Один краб несёт правильный ответ. Сбей неправильного и пропусти правильного к своему Королю!,One crab carries the right answer. Smash the wrong one and let the right one reach your King!,"Walkthrough step 2 of 10: one crab carries the right answer and has to be let through. Spoken to a young child, one or two short sentences."
Localizable,tutorial.step.2,si,,new,එක කකුළුවෙක් හරි උත්තරය අරගෙන එනවා. වැරදි එකට ගහලා හරි එකට ඔයාගේ රජු ළඟට යන්න දෙන්න!,One crab carries the right answer. Smash the wrong one and let the right one reach your King!,"Walkthrough step 2 of 10: one crab carries the right answer and has to be let through. Spoken to a young child, one or two short sentences."
Localizable,tutorial.step.2,sk,,new,Jeden krab nesie správnu odpoveď. Traf nesprávneho a nechaj správneho dôjsť ku Kráľovi!,One crab carries the right answer. Smash the wrong one and let the right one reach your King!,"Walkthrough step 2 of 10: one crab carries the right answer and has to be let through. Spoken to a young child, one or two short sentences."
Localizable,tutorial.step.2,sl,,new,"En rak nosi pravilen odgovor. Zadeni napačnega in pusti pravilnemu, da pride do tvojega Kralja!",One crab carries the right answer. Smash the wrong one and let the right one reach your King!,"Walkthrough step 2 of 10: one crab carries the right answer and has to be let through. Spoken to a young child, one or two short sentences."
Localizable,tutorial.step.2,sq,,new,Një gaforre mban përgjigjen e saktë. Godit të gabuarën dhe lëre të saktën të arrijë te Mbreti yt!,One crab carries the right answer. Smash the wrong one and let the right one reach your King!,"Walkthrough step 2 of 10: one crab carries the right answer and has to be let through. Spoken to a young child, one or two short sentences."
Localizable,tutorial.step.2,sr,,new,Један рак носи тачан одговор. Погоди погрешног и пусти тачног да стигне до твог Краља!,One crab carries the right answer. Smash the wrong one and let the right one reach your King!,"Walkthrough step 2 of 10: one crab carries the right answer and has to be let through. Spoken to a young child, one or two short sentences."
Localizable,tutorial.step.2,sv,,new,En krabba har rätt svar. Träffa den felaktiga och låt den rätta nå din Kung!,One crab carries the right answer. Smash the wrong one and let the right one reach your King!,"Walkthrough step 2 of 10: one crab carries the right answer and has to be let through. Spoken to a young child, one or two short sentences."
Localizable,tutorial.step.2,sw,,new,Kaa mmoja amebeba jibu sahihi. Mpige aliye na jibu lisilo sahihi na umruhusu mwenye jibu sahihi afike kwa Mfalme wako!,One crab carries the right answer. Smash the wrong one and let the right one reach your King!,"Walkthrough step 2 of 10: one crab carries the right answer and has to be let through. Spoken to a young child, one or two short sentences."
Localizable,tutorial.step.2,ta,,new,"ஒரு நண்டு சரியான பதிலை எடுத்துக்கொண்டு வருகிறது. தவறானதை அடித்து, சரியானது உன் ராஜாவிடம் செல்ல விடு!",One crab carries the right answer. Smash the wrong one and let the right one reach your King!,"Walkthrough step 2 of 10: one crab carries the right answer and has to be let through. Spoken to a young child, one or two short sentences."
Localizable,tutorial.step.2,te,,new,"ఒక పీత సరైన సమాధానాన్ని తీసుకొస్తోంది. తప్పుదాన్ని కొట్టు, సరైనదాన్ని నీ రాజు దగ్గరకు వెళ్లనివ్వు!",One crab carries the right answer. Smash the wrong one and let the right one reach your King!,"Walkthrough step 2 of 10: one crab carries the right answer and has to be let through. Spoken to a young child, one or two short sentences."
Localizable,tutorial.step.2,th,,new,มีปูหนึ่งตัวถือคำตอบที่ถูกต้องอยู่ จัดการตัวที่ถือคำตอบผิด แล้วปล่อยตัวที่ถูกต้องให้ไปถึงพระราชา!,One crab carries the right answer. Smash the wrong one and let the right one reach your King!,"Walkthrough step 2 of 10: one crab carries the right answer and has to be let through. Spoken to a young child, one or two short sentences."
Localizable,tutorial.step.2,tr,,new,Bir yengeç doğru cevabı taşıyor. Yanlış olanı vur ve doğru olanın Kralına ulaşmasına izin ver!,One crab carries the right answer. Smash the wrong one and let the right one reach your King!,"Walkthrough step 2 of 10: one crab carries the right answer and has to be let through. Spoken to a young child, one or two short sentences."
Localizable,tutorial.step.2,ug,,new,بىر قىسقۇچپاقا توغرا جاۋابنى ئېلىپ كېلىۋاتىدۇ. خاتا جاۋابلىقنى ئۇرۇپ، توغرا جاۋابلىقنى پادىشاھىڭىزغا يەتكۈزۈڭ!,One crab carries the right answer. Smash the wrong one and let the right one reach your King!,"Walkthrough step 2 of 10: one crab carries the right answer and has to be let through. Spoken to a young child, one or two short sentences."
Localizable,tutorial.step.2,uk,,new,Один краб несе правильну відповідь. Влуч у неправильного й пропусти правильного до свого Короля!,One crab carries the right answer. Smash the wrong one and let the right one reach your King!,"Walkthrough step 2 of 10: one crab carries the right answer and has to be let through. Spoken to a young child, one or two short sentences."
Localizable,tutorial.step.2,ur,,new,ایک کیکڑا صحیح جواب لے کر آ رہا ہے۔ غلط والے کو مارو اور صحیح والے کو بادشاہ تک پہنچنے دو!,One crab carries the right answer. Smash the wrong one and let the right one reach your King!,"Walkthrough step 2 of 10: one crab carries the right answer and has to be let through. Spoken to a young child, one or two short sentences."
Localizable,tutorial.step.2,uz,,new,Bitta qisqichbaqa to‘g‘ri javobni olib kelmoqda. Noto‘g‘risini ur va to‘g‘risining Qirolingga yetib borishiga yo‘l ber!,One crab carries the right answer. Smash the wrong one and let the right one reach your King!,"Walkthrough step 2 of 10: one crab carries the right answer and has to be let through. Spoken to a young child, one or two short sentences."
Localizable,tutorial.step.2,vi,,new,Một con cua mang đáp án đúng. Đánh con mang đáp án sai và để con mang đáp án đúng đến được với Đức Vua!,One crab carries the right answer. Smash the wrong one and let the right one reach your King!,"Walkthrough step 2 of 10: one crab carries the right answer and has to be let through. Spoken to a young child, one or two short sentences."
Localizable,tutorial.step.2,zh,,new,有一只螃蟹带着正确答案。打掉错误的，让正确的走到国王身边！,One crab carries the right answer. Smash the wrong one and let the right one reach your King!,"Walkthrough step 2 of 10: one crab carries the right answer and has to be let through. Spoken to a young child, one or two short sentences."
Localizable,tutorial.step.2,zu,,new,"Enye inkalankala iphethe impendulo elungile. Shaya ephethe engalungile, uvumele ephethe elungile ifike eNkosini yakho!",One crab carries the right answer. Smash the wrong one and let the right one reach your King!,"Walkthrough step 2 of 10: one crab carries the right answer and has to be let through. Spoken to a young child, one or two short sentences."
Localizable,tutorial.step.3,af,,new,"Krappe wat jou Koning bereik, kos ’n halwe lewe, maak nie saak hoeveel deurkom nie. Gooi jy sand na die regte antwoord, kos dit ’n hele lewe!","Crabs that reach your King cost half a life, however many of them get through. Throw sand at the right answer and it costs a whole life!","Walkthrough step 3 of 10: what a mistake costs — crabs that get through cost half a life, smashing the right answer costs a whole one. Spoken to a young child, one or two short sentences."
Localizable,tutorial.step.3,am,,new,ወደ ንጉሥህ የሚደርሱ ሸርጣኖች ስንትም ቢሆኑ ግማሽ ሕይወት ያስከፍላሉ። ትክክለኛው መልስ ላይ አሸዋ ከወረወርክ ሙሉ አንድ ሕይወት ታጣለህ!,"Crabs that reach your King cost half a life, however many of them get through. Throw sand at the right answer and it costs a whole life!","Walkthrough step 3 of 10: what a mistake costs — crabs that get through cost half a life, smashing the right answer costs a whole one. Spoken to a young child, one or two short sentences."
Localizable,tutorial.step.3,ar,,new,السرطانات التي تصل إلى ملكك تكلّفك نصف حياة، مهما كان عددها. إذا رميت الرمل على الإجابة الصحيحة فستخسر حياة كاملة!,"Crabs that reach your King cost half a life, however many of them get through. Throw sand at the right answer and it costs a whole life!","Walkthrough step 3 of 10: what a mistake costs — crabs that get through cost half a life, smashing the right answer costs a whole one. Spoken to a young child, one or two short sentences."
Localizable,tutorial.step.3,as,,new,"তোমাৰ ৰজাৰ ওচৰ পোৱা কেঁকোৰাবোৰে আধা জীৱন কমায়, কিমান পাৰ হৈ যায় সেয়া কথা নহয়। শুদ্ধ উত্তৰটোৰ ওপৰত বালি ছটিয়ালে এটা সম্পূৰ্ণ জীৱন হেৰাবা!","Crabs that reach your King cost half a life, however many of them get through. Throw sand at the right answer and it costs a whole life!","Walkthrough step 3 of 10: what a mistake costs — crabs that get through cost half a life, smashing the right answer costs a whole one. Spoken to a young child, one or two short sentences."
Localizable,tutorial.step.3,az,,new,"Kralına çatan xərçənglər, neçə dənə keçməsindən asılı olmayaraq, yarım can aparır. Düzgün cavaba qum atsan, bir tam can itirəcəksən!","Crabs that reach your King cost half a life, however many of them get through. Throw sand at the right answer and it costs a whole life!","Walkthrough step 3 of 10: what a mistake costs — crabs that get through cost half a life, smashing the right answer costs a whole one. Spoken to a young child, one or two short sentences."
Localizable,tutorial.step.3,be,,new,"Крабы, якія дойдуць да Караля, каштуюць палову жыцця, колькі б іх ні прайшло. Калі кінеш пяском у правільны адказ, страціш цэлае жыццё!","Crabs that reach your King cost half a life, however many of them get through. Throw sand at the right answer and it costs a whole life!","Walkthrough step 3 of 10: what a mistake costs — crabs that get through cost half a life, smashing the right answer costs a whole one. Spoken to a young child, one or two short sentences."
Localizable,tutorial.step.3,bg,,new,"Раците, които стигнат до твоя Крал, струват половин живот, независимо колко са. Ако хвърлиш пясък по верния отговор, губиш цял живот!","Crabs that reach your King cost half a life, however many of them get through. Throw sand at the right answer and it costs a whole life!","Walkthrough step 3 of 10: what a mistake costs — crabs that get through cost half a life, smashing the right answer costs a whole one. Spoken to a young child, one or two short sentences."
Localizable,tutorial.step.3,bn,,new,"যে কাঁকড়াগুলো তোমার রাজার কাছে পৌঁছায়, তারা অর্ধেক জীবন কমিয়ে দেয়—কতগুলো পেরোয় তা গুরুত্বপূর্ণ নয়। সঠিক উত্তরে বালি ছুড়লে পুরো একটি জীবন হারাবে!","Crabs that reach your King cost half a life, however many of them get through. Throw sand at the right answer and it costs a whole life!","Walkthrough step 3 of 10: what a mistake costs — crabs that get through cost half a life, smashing the right answer costs a whole one. Spoken to a young child, one or two short sentences."
Localizable,tutorial.step.3,bo,,new,སྡིག་སྲིན་རྒྱལ་པོའི་རྩར་སླེབས་ན། ག་ཚོད་སོང་ཡང་སྲོག་ཕྱེད་ཀ་ཉུང་དུ་འགྲོ། ལན་འགྲིག་པའི་སྟེང་བྱེ་མ་གཏོར་ན་སྲོག་གཅིག་ཆ་ཚང་ཤོར་གྱི་རེད།,"Crabs that reach your King cost half a life, however many of them get through. Throw sand at the right answer and it costs a whole life!","Walkthrough step 3 of 10: what a mistake costs — crabs that get through cost half a life, smashing the right answer costs a whole one. Spoken to a young child, one or two short sentences."
Localizable,tutorial.step.3,bs,,new,"Rakovi koji stignu do tvog Kralja koštaju pola života, bez obzira koliko ih prođe. Ako baciš pijesak na tačan odgovor, gubiš cijeli život!","Crabs that reach your King cost half a life, however many of them get through. Throw sand at the right answer and it costs a whole life!","Walkthrough step 3 of 10: what a mistake costs — crabs that get through cost half a life, smashing the right answer costs a whole one. Spoken to a young child, one or two short sentences."
Localizable,tutorial.step.3,ca,,new,"Els crancs que arriben al teu Rei costen mitja vida, tant se val quants en passin. Si llances sorra a la resposta correcta, perds una vida sencera!","Crabs that reach your King cost half a life, however many of them get through. Throw sand at the right answer and it costs a whole life!","Walkthrough step 3 of 10: what a mistake costs — crabs that get through cost half a life, smashing the right answer costs a whole one. Spoken to a young child, one or two short sentences."
Localizable,tutorial.step.3,cs,,new,"Krabi, kteří dojdou ke Králi, stojí půl života, ať jich projde kolik chce. Když hodíš písek na správnou odpověď, přijdeš o celý život!","Crabs that reach your King cost half a life, however many of them get through. Throw sand at the right answer and it costs a whole life!","Walkthrough step 3 of 10: what a mistake costs — crabs that get through cost half a life, smashing the right answer costs a whole one. Spoken to a young child, one or two short sentences."
Localizable,tutorial.step.3,cy,,new,"Mae crancod sy’n cyrraedd dy Frenin yn costio hanner bywyd, faint bynnag sy’n mynd trwodd. Os wyt ti’n taflu tywod at yr ateb cywir, mae’n costio bywyd cyfan!","Crabs that reach your King cost half a life, however many of them get through. Throw sand at the right answer and it costs a whole life!","Walkthrough step 3 of 10: what a mistake costs — crabs that get through cost half a life, smashing the right answer costs a whole one. Spoken to a young child, one or two short sentences."
Localizable,tutorial.step.3,da,,new,"Krabber, der når din Konge, koster et halvt liv, uanset hvor mange der slipper igennem. Kaster du sand på det rigtige svar, koster det et helt liv!","Crabs that reach your King cost half a life, however many of them get through. Throw sand at the right answer and it costs a whole life!","Walkthrough step 3 of 10: what a mistake costs — crabs that get through cost half a life, smashing the right answer costs a whole one. Spoken to a young child, one or two short sentences."
Localizable,tutorial.step.3,de,,new,"Krabben, die deinen König erreichen, kosten ein halbes Leben – egal, wie viele durchkommen. Wirfst du Sand auf die richtige Antwort, kostet das ein ganzes Leben!","Crabs that reach your King cost half a life, however many of them get through. Throw sand at the right answer and it costs a whole life!","Walkthrough step 3 of 10: what a mistake costs — crabs that get through cost half a life, smashing the right answer costs a whole one. Spoken to a young child, one or two short sentences."
Localizable,tutorial.step.3,el,,new,"Τα καβούρια που φτάνουν στον Βασιλιά σου κοστίζουν μισή ζωή, όσα κι αν περάσουν. Αν πετάξεις άμμο στη σωστή απάντηση, χάνεις μια ολόκληρη ζωή!","Crabs that reach your King cost half a life, however many of them get through. Throw sand at the right answer and it costs a whole life!","Walkthrough step 3 of 10: what a mistake costs — crabs that get through cost half a life, smashing the right answer costs a whole one. Spoken to a young child, one or two short sentences."
Localizable,tutorial.step.3,es,,new,"Los cangrejos que llegan a tu Rey cuestan media vida, no importa cuántos pasen. ¡Si lanzas arena a la respuesta correcta, pierdes una vida entera!","Crabs that reach your King cost half a life, however many of them get through. Throw sand at the right answer and it costs a whole life!","Walkthrough step 3 of 10: what a mistake costs — crabs that get through cost half a life, smashing the right answer costs a whole one. Spoken to a young child, one or two short sentences."
Localizable,tutorial.step.3,et,,new,"Krabid, kes jõuavad sinu Kuningani, maksavad pool elu, ükskõik kui palju neist läbi pääseb. Kui viskad liiva õige vastuse pihta, kaotad terve elu!","Crabs that reach your King cost half a life, however many of them get through. Throw sand at the right answer and it costs a whole life!","Walkthrough step 3 of 10: what a mistake costs — crabs that get through cost half a life, smashing the right answer costs a whole one. Spoken to a young child, one or two short sentences."
Localizable,tutorial.step.3,eu,,new,"Zure Erregearengana iristen diren karramarroek bizitza erdia kentzen dute, zenbat igarotzen diren axola gabe. Erantzun zuzenari harea botatzen badiozu, bizitza oso bat galduko duzu!","Crabs that reach your King cost half a life, however many of them get through. Throw sand at the right answer and it costs a whole life!","Walkthrough step 3 of 10: what a mistake costs — crabs that get through cost half a life, smashing the right answer costs a whole one. Spoken to a young child, one or two short sentences."
Localizable,tutorial.step.3,fa,,new,خرچنگ‌هایی که به پادشاهت می‌رسند نیم جان کم می‌کنند، فرقی نمی‌کند چندتا رد شوند. اگر به جواب درست شن پرتاب کنی، یک جان کامل از دست می‌دهی!,"Crabs that reach your King cost half a life, however many of them get through. Throw sand at the right answer and it costs a whole life!","Walkthrough step 3 of 10: what a mistake costs — crabs that get through cost half a life, smashing the right answer costs a whole one. Spoken to a young child, one or two short sentences."
Localizable,tutorial.step.3,fi,,new,"Kuninkaasi luo pääsevät ravut vievät puoli elämää riippumatta siitä, montako niitä pääsee läpi. Jos heität hiekkaa oikean vastauksen päälle, menetät kokonaisen elämän!","Crabs that reach your King cost half a life, however many of them get through. Throw sand at the right answer and it costs a whole life!","Walkthrough step 3 of 10: what a mistake costs — crabs that get through cost half a life, smashing the right answer costs a whole one. Spoken to a young child, one or two short sentences."
Localizable,tutorial.step.3,fo,,new,"Krabbar, sum koma fram til Kongin hjá tær, kosta eitt hálvt lív, sama hvussu nógvir sleppa ígjøgnum. Kastar tú sand á rætta svarið, kostar tað eitt heilt lív!","Crabs that reach your King cost half a life, however many of them get through. Throw sand at the right answer and it costs a whole life!","Walkthrough step 3 of 10: what a mistake costs — crabs that get through cost half a life, smashing the right answer costs a whole one. Spoken to a young child, one or two short sentences."
Localizable,tutorial.step.3,fr,,new,"Les crabes qui atteignent ton Roi coûtent une demi-vie, quel que soit leur nombre. Si tu lances du sable sur la bonne réponse, tu perds une vie entière !","Crabs that reach your King cost half a life, however many of them get through. Throw sand at the right answer and it costs a whole life!","Walkthrough step 3 of 10: what a mistake costs — crabs that get through cost half a life, smashing the right answer costs a whole one. Spoken to a young child, one or two short sentences."
Localizable,tutorial.step.3,ga,,new,"Cosnaíonn portáin a shroicheann do Rí leathshaol, is cuma cé mhéad a théann tríd. Má chaitheann tú gaineamh ar an bhfreagra ceart, cosnaíonn sé saol iomlán!","Crabs that reach your King cost half a life, however many of them get through. Throw sand at the right answer and it costs a whole life!","Walkthrough step 3 of 10: what a mistake costs — crabs that get through cost half a life, smashing the right answer costs a whole one. Spoken to a young child, one or two short sentences."
Localizable,tutorial.step.3,gl,,new,"Os cangrexos que chegan ao teu Rei custan media vida, sen importar cantos pasen. Se botas area á resposta correcta, perdes unha vida enteira!","Crabs that reach your King cost half a life, however many of them get through. Throw sand at the right answer and it costs a whole life!","Walkthrough step 3 of 10: what a mistake costs — crabs that get through cost half a life, smashing the right answer costs a whole one. Spoken to a young child, one or two short sentences."
Localizable,tutorial.step.3,gu,,new,"તમારા રાજા સુધી પહોંચતા કરચલા અડધી જિંદગી ઘટાડે છે, ભલે કેટલા પસાર થાય. સાચા જવાબ પર રેતી ફેંકશો તો આખી એક જિંદગી ગુમાવશો!","Crabs that reach your King cost half a life, however many of them get through. Throw sand at the right answer and it costs a whole life!","Walkthrough step 3 of 10: what a mistake costs — crabs that get through cost half a life, smashing the right answer costs a whole one. Spoken to a young child, one or two short sentences."
Localizable,tutorial.step.3,he,,new,"סרטנים שמגיעים אל המלך עולים בחצי חיים, לא משנה כמה מהם עוברים. אם זורקים חול על התשובה הנכונה, מאבדים חיים שלמים!","Crabs that reach your King cost half a life, however many of them get through. Throw sand at the right answer and it costs a whole life!","Walkthrough step 3 of 10: what a mistake costs — crabs that get through cost half a life, smashing the right answer costs a whole one. Spoken to a young child, one or two short sentences."
Localizable,tutorial.step.3,hi,,new,"जो केकड़े तुम्हारे राजा तक पहुँचते हैं, वे आधी जान लेते हैं, चाहे कितने भी निकल जाएँ। अगर तुम सही जवाब पर रेत फेंकोगे, तो पूरी एक जान चली जाएगी!","Crabs that reach your King cost half a life, however many of them get through. Throw sand at the right answer and it costs a whole life!","Walkthrough step 3 of 10: what a mistake costs — crabs that get through cost half a life, smashing the right answer costs a whole one. Spoken to a young child, one or two short sentences."
Localizable,tutorial.step.3,hr,,new,"Rakovi koji stignu do tvog Kralja koštaju pola života, bez obzira koliko ih prođe. Ako baciš pijesak na točan odgovor, gubiš cijeli život!","Crabs that reach your King cost half a life, however many of them get through. Throw sand at the right answer and it costs a whole life!","Walkthrough step 3 of 10: what a mistake costs — crabs that get through cost half a life, smashing the right answer costs a whole one. Spoken to a young child, one or two short sentences."
Localizable,tutorial.step.3,hu,,new,"A Királyodhoz eljutó rákok fél életbe kerülnek, akárhányan is jutnak át. Ha a helyes válaszra dobsz homokot, egy egész életet veszítesz!","Crabs that reach your King cost half a life, however many of them get through. Throw sand at the right answer and it costs a whole life!","Walkthrough step 3 of 10: what a mistake costs — crabs that get through cost half a life, smashing the right answer costs a whole one. Spoken to a young child, one or two short sentences."
Localizable,tutorial.step.3,hy,,new,"Քո Թագավորին հասնող խեցգետինները կես կյանք են խլում՝ անկախ նրանից, թե քանիսն են անցնում։ Եթե ավազ նետես ճիշտ պատասխանի վրա, մի ամբողջ կյանք կկորցնես։","Crabs that reach your King cost half a life, however many of them get through. Throw sand at the right answer and it costs a whole life!","Walkthrough step 3 of 10: what a mistake costs — crabs that get through cost half a life, smashing the right answer costs a whole one. Spoken to a young child, one or two short sentences."
Localizable,tutorial.step.3,id,,new,"Kepiting yang sampai ke Rajamu mengurangi setengah nyawa, berapa pun jumlahnya yang lolos. Kalau kamu melempar pasir ke jawaban yang benar, kamu kehilangan satu nyawa penuh!","Crabs that reach your King cost half a life, however many of them get through. Throw sand at the right answer and it costs a whole life!","Walkthrough step 3 of 10: what a mistake costs — crabs that get through cost half a life, smashing the right answer costs a whole one. Spoken to a young child, one or two short sentences."
Localizable,tutorial.step.3,is,,new,"Krabbar sem komast til Konungsins þíns kosta hálft líf, sama hversu margir komast í gegn. Ef þú kastar sandi í rétta svarið kostar það heilt líf!","Crabs that reach your King cost half a life, however many of them get through. Throw sand at the right answer and it costs a whole life!","Walkthrough step 3 of 10: what a mistake costs — crabs that get through cost half a life, smashing the right answer costs a whole one. Spoken to a young child, one or two short sentences."
Localizable,tutorial.step.3,it,,new,"I granchi che raggiungono il tuo Re costano mezza vita, non importa quanti ne passano. Se lanci sabbia alla risposta giusta, perdi una vita intera!","Crabs that reach your King cost half a life, however many of them get through. Throw sand at the right answer and it costs a whole life!","Walkthrough step 3 of 10: what a mistake costs — crabs that get through cost half a life, smashing the right answer costs a whole one. Spoken to a young child, one or two short sentences."
Localizable,tutorial.step.3,ja,,new,カニが王さままで来ると、何匹通ってもライフは半分減るよ。正しい答えのカニに砂を投げると、ライフが1つ全部減っちゃう！,"Crabs that reach your King cost half a life, however many of them get through. Throw sand at the right answer and it costs a whole life!","Walkthrough step 3 of 10: what a mistake costs — crabs that get through cost half a life, smashing the right answer costs a whole one. Spoken to a young child, one or two short sentences."
Localizable,tutorial.step.3,ka,,new,"კიბორჩხალები, რომლებიც შენს მეფემდე მივლენ, ნახევარ სიცოცხლეს გართმევენ, რამდენიც არ უნდა გავიდეს. თუ სწორ პასუხს ქვიშას ესვრი, მთელ სიცოცხლეს დაკარგავ!","Crabs that reach your King cost half a life, however many of them get through. Throw sand at the right answer and it costs a whole life!","Walkthrough step 3 of 10: what a mistake costs — crabs that get through cost half a life, smashing the right answer costs a whole one. Spoken to a young child, one or two short sentences."
Localizable,tutorial.step.3,kk,,new,"Патшаңа жеткен шаяндар, қаншасы өтсе де, жарты өмірді алады. Дұрыс жауапқа құм лақтырсаң, бір толық өмірден айырыласың!","Crabs that reach your King cost half a life, however many of them get through. Throw sand at the right answer and it costs a whole life!","Walkthrough step 3 of 10: what a mistake costs — crabs that get through cost half a life, smashing the right answer costs a whole one. Spoken to a young child, one or two short sentences."
Localizable,tutorial.step.3,km,,new,ក្តាមដែលទៅដល់ស្តេចនឹងធ្វើឲ្យបាត់ពាក់កណ្តាលជីវិត មិនថាមានប៉ុន្មានក្បាលឆ្លងកាត់ក៏ដោយ។ បើគប់ខ្សាច់ដាក់ចម្លើយត្រឹមត្រូវ អ្នកនឹងបាត់ជីវិតមួយពេញ!,"Crabs that reach your King cost half a life, however many of them get through. Throw sand at the right answer and it costs a whole life!","Walkthrough step 3 of 10: what a mistake costs — crabs that get through cost half a life, smashing the right answer costs a whole one. Spoken to a young child, one or two short sentences."
Localizable,tutorial.step.3,kn,,new,ನಿನ್ನ ರಾಜನ ಬಳಿಗೆ ತಲುಪುವ ಏಡಿಗಳು ಎಷ್ಟು ಬಂದರೂ ಅರ್ಧ ಜೀವವನ್ನು ಕಳೆಯುತ್ತವೆ. ಸರಿಯಾದ ಉತ್ತರದ ಮೇಲೆ ಮರಳು ಎಸೆದರೆ ಒಂದು ಪೂರ್ಣ ಜೀವ ಕಳೆದುಕೊಳ್ಳುತ್ತೀಯ!,"Crabs that reach your King cost half a life, however many of them get through. Throw sand at the right answer and it costs a whole life!","Walkthrough step 3 of 10: what a mistake costs — crabs that get through cost half a life, smashing the right answer costs a whole one. Spoken to a young child, one or two short sentences."
Localizable,tutorial.step.3,ko,,new,게가 왕에게 닿으면 몇 마리가 지나가든 생명이 반 칸 줄어요. 정답을 든 게에게 모래를 던지면 생명 한 칸을 잃어요!,"Crabs that reach your King cost half a life, however many of them get through. Throw sand at the right answer and it costs a whole life!","Walkthrough step 3 of 10: what a mistake costs — crabs that get through cost half a life, smashing the right answer costs a whole one. Spoken to a young child, one or two short sentences."
Localizable,tutorial.step.3,lo,,new,ຖ້າປູໄປເຖິງກະສັດ ບໍ່ວ່າຈະຜ່ານໄປຈັກໂຕ ຈະເສຍເຄິ່ງຊີວິດ. ຖ້າປາຊາຍໃສ່ຄຳຕອບທີ່ຖືກ ຈະເສຍຊີວິດໜຶ່ງເຕັມ!,"Crabs that reach your King cost half a life, however many of them get through. Throw sand at the right answer and it costs a whole life!","Walkthrough step 3 of 10: what a mistake costs — crabs that get through cost half a life, smashing the right answer costs a whole one. Spoken to a young child, one or two short sentences."
Localizable,tutorial.step.3,lt,,new,"Krabai, pasiekę tavo Karalių, kainuoja pusę gyvybės, nesvarbu, kiek jų praeina. Jei mesi smėlio į teisingą atsakymą, prarasi visą gyvybę!","Crabs that reach your King cost half a life, however many of them get through. Throw sand at the right answer and it costs a whole life!","Walkthrough step 3 of 10: what a mistake costs — crabs that get through cost half a life, smashing the right answer costs a whole one. Spoken to a young child, one or two short sentences."
Localizable,tutorial.step.3,lv,,new,"Krabji, kas sasniedz tavu Karali, maksā pusi dzīvības, lai cik daudzi tiktu cauri. Ja metīsi smiltis pareizajai atbildei, zaudēsi veselu dzīvību!","Crabs that reach your King cost half a life, however many of them get through. Throw sand at the right answer and it costs a whole life!","Walkthrough step 3 of 10: what a mistake costs — crabs that get through cost half a life, smashing the right answer costs a whole one. Spoken to a young child, one or two short sentences."
Localizable,tutorial.step.3,mk,,new,"Раковите што ќе стигнат до твојот Крал чинат половина живот, без разлика колку ќе поминат. Ако фрлиш песок по точниот одговор, губиш цел живот!","Crabs that reach your King cost half a life, however many of them get through. Throw sand at the right answer and it costs a whole life!","Walkthrough step 3 of 10: what a mistake costs — crabs that get through cost half a life, smashing the right answer costs a whole one. Spoken to a young child, one or two short sentences."
Localizable,tutorial.step.3,ml,,new,നിന്റെ രാജാവിന്റെ അടുത്തെത്തുന്ന ഞണ്ടുകൾ എത്ര എണ്ണം കടന്നാലും അര ജീവൻ കുറക്കും. ശരിയായ ഉത്തരത്തിലേക്ക് മണൽ എറിഞ്ഞാൽ ഒരു മുഴുവൻ ജീവൻ നഷ്ടപ്പെടും!,"Crabs that reach your King cost half a life, however many of them get through. Throw sand at the right answer and it costs a whole life!","Walkthrough step 3 of 10: what a mistake costs — crabs that get through cost half a life, smashing the right answer costs a whole one. Spoken to a young child, one or two short sentences."
Localizable,tutorial.step.3,mn,,new,Хаанд чинь хүрсэн хавчнууд хэд орсноос үл хамааран хагас амь хасна. Зөв хариу руу элс шидвэл бүтэн нэг амь алдана!,"Crabs that reach your King cost half a life, however many of them get through. Throw sand at the right answer and it costs a whole life!","Walkthrough step 3 of 10: what a mistake costs — crabs that get through cost half a life, smashing the right answer costs a whole one. Spoken to a young child, one or two short sentences."
Localizable,tutorial.step.3,mr,,new,तुझ्या राजापर्यंत पोहोचलेले खेकडे कितीही असले तरी अर्धा जीव कमी करतात. बरोबर उत्तरावर वाळू फेकलीस तर पूर्ण एक जीव जाईल!,"Crabs that reach your King cost half a life, however many of them get through. Throw sand at the right answer and it costs a whole life!","Walkthrough step 3 of 10: what a mistake costs — crabs that get through cost half a life, smashing the right answer costs a whole one. Spoken to a young child, one or two short sentences."
Localizable,tutorial.step.3,ms,,new,"Ketam yang sampai kepada Raja kamu mengambil setengah nyawa, tidak kira berapa banyak yang lepas. Jika kamu membaling pasir pada jawapan yang betul, kamu kehilangan satu nyawa penuh!","Crabs that reach your King cost half a life, however many of them get through. Throw sand at the right answer and it costs a whole life!","Walkthrough step 3 of 10: what a mistake costs — crabs that get through cost half a life, smashing the right answer costs a whole one. Spoken to a young child, one or two short sentences."
Localizable,tutorial.step.3,my,,new,ကဏန်းတွေ မင်းကြီးဆီ ရောက်သွားရင် ဘယ်နှကောင်ဖြတ်ဖြတ် အသက်တစ်ဝက် လျော့မယ်။ အဖြေမှန်တဲ့ကောင်ကို သဲနဲ့ ပစ်မိရင် အသက်တစ်ခုလုံး ဆုံးရှုံးမယ်!,"Crabs that reach your King cost half a life, however many of them get through. Throw sand at the right answer and it costs a whole life!","Walkthrough step 3 of 10: what a mistake costs — crabs that get through cost half a life, smashing the right answer costs a whole one. Spoken to a young child, one or two short sentences."
Localizable,tutorial.step.3,nb,,new,"Krabber som når Kongen din, koster et halvt liv, uansett hvor mange som slipper gjennom. Kaster du sand på det riktige svaret, koster det et helt liv!","Crabs that reach your King cost half a life, however many of them get through. Throw sand at the right answer and it costs a whole life!","Walkthrough step 3 of 10: what a mistake costs — crabs that get through cost half a life, smashing the right answer costs a whole one. Spoken to a young child, one or two short sentences."
Localizable,tutorial.step.3,ne,,new,"तिम्रो राजासम्म पुगेका गँगटाहरूले आधा जीवन घटाउँछन्, जति वटा छिरे पनि। सही उत्तरमा बालुवा हानेमा पूरा एउटा जीवन गुम्छ!","Crabs that reach your King cost half a life, however many of them get through. Throw sand at the right answer and it costs a whole life!","Walkthrough step 3 of 10: what a mistake costs — crabs that get through cost half a life, smashing the right answer costs a whole one. Spoken to a young child, one or two short sentences."
Localizable,tutorial.step.3,or,,new,"ତୁମ ରାଜାଙ୍କ ପାଖକୁ ପହଞ୍ଚିଥିବା କଙ୍କଡ଼ାମାନେ ଅଧା ଜୀବନ କମାନ୍ତି, କେତେଟି ପାର ହେଲା ସେଥିରେ କିଛି ଯାଏ ନାହିଁ। ସଠିକ୍ ଉତ୍ତର ଉପରେ ବାଲି ଫିଙ୍ଗିଲେ ପୂରା ଗୋଟିଏ ଜୀବନ ହରାଇବ!","Crabs that reach your King cost half a life, however many of them get through. Throw sand at the right answer and it costs a whole life!","Walkthrough step 3 of 10: what a mistake costs — crabs that get through cost half a life, smashing the right answer costs a whole one. Spoken to a young child, one or two short sentences."
Localizable,tutorial.step.3,pa,,new,"ਜਿਹੜੇ ਕੇਕੜੇ ਤੇਰੇ ਰਾਜੇ ਤੱਕ ਪਹੁੰਚਦੇ ਹਨ, ਉਹ ਅੱਧੀ ਜ਼ਿੰਦਗੀ ਘਟਾਉਂਦੇ ਹਨ, ਭਾਵੇਂ ਕਿੰਨੇ ਵੀ ਲੰਘ ਜਾਣ। ਜੇ ਸਹੀ ਜਵਾਬ ਉੱਤੇ ਰੇਤ ਸੁੱਟੀ ਤਾਂ ਪੂਰੀ ਇੱਕ ਜ਼ਿੰਦਗੀ ਚਲੀ ਜਾਵੇਗੀ!","Crabs that reach your King cost half a life, however many of them get through. Throw sand at the right answer and it costs a whole life!","Walkthrough step 3 of 10: what a mistake costs — crabs that get through cost half a life, smashing the right answer costs a whole one. Spoken to a young child, one or two short sentences."
Localizable,tutorial.step.3,pl,,new,"Kraby, które dotrą do twojego Króla, kosztują pół życia, bez względu na to, ile ich przejdzie. Jeśli rzucisz piaskiem w poprawną odpowiedź, tracisz całe życie!","Crabs that reach your King cost half a life, however many of them get through. Throw sand at the right answer and it costs a whole life!","Walkthrough step 3 of 10: what a mistake costs — crabs that get through cost half a life, smashing the right answer costs a whole one. Spoken to a young child, one or two short sentences."
Localizable,tutorial.step.3,pt,,new,"Os caranguejos que chegam ao teu Rei custam meia vida, não importa quantos passem. Se atirares areia à resposta certa, perdes uma vida inteira!","Crabs that reach your King cost half a life, however many of them get through. Throw sand at the right answer and it costs a whole life!","Walkthrough step 3 of 10: what a mistake costs — crabs that get through cost half a life, smashing the right answer costs a whole one. Spoken to a young child, one or two short sentences."
Localizable,tutorial.step.3,ro,,new,"Crabii care ajung la Regele tău costă o jumătate de viață, indiferent câți trec. Dacă arunci cu nisip în răspunsul corect, pierzi o viață întreagă!","Crabs that reach your King cost half a life, however many of them get through. Throw sand at the right answer and it costs a whole life!","Walkthrough step 3 of 10: what a mistake costs — crabs that get through cost half a life, smashing the right answer costs a whole one. Spoken to a young child, one or two short sentences."
Localizable,tutorial.step.3,ru,,new,"Крабы, добравшиеся до Короля, отнимают половину жизни — сколько бы их ни прошло. Если бросишь песком в правильный ответ, потеряешь целую жизнь!","Crabs that reach your King cost half a life, however many of them get through. Throw sand at the right answer and it costs a whole life!","Walkthrough step 3 of 10: what a mistake costs — crabs that get through cost half a life, smashing the right answer costs a whole one. Spoken to a young child, one or two short sentences."
Localizable,tutorial.step.3,si,,new,"ඔයාගේ රජු ළඟට එන කකුළුවන්, කී දෙනෙක් ආවත්, ජීවිතයෙන් අඩක් අඩු කරනවා. හරි උත්තරයට වැලි විසි කළොත් මුළු ජීවිතයක්ම නැති වෙනවා!","Crabs that reach your King cost half a life, however many of them get through. Throw sand at the right answer and it costs a whole life!","Walkthrough step 3 of 10: what a mistake costs — crabs that get through cost half a life, smashing the right answer costs a whole one. Spoken to a young child, one or two short sentences."
Localizable,tutorial.step.3,sk,,new,"Kraby, ktoré dôjdu ku Kráľovi, stoja pol života, nech ich prejde koľkokoľvek. Ak hodíš piesok na správnu odpoveď, stratíš celý život!","Crabs that reach your King cost half a life, however many of them get through. Throw sand at the right answer and it costs a whole life!","Walkthrough step 3 of 10: what a mistake costs — crabs that get through cost half a life, smashing the right answer costs a whole one. Spoken to a young child, one or two short sentences."
Localizable,tutorial.step.3,sl,,new,"Raki, ki pridejo do tvojega Kralja, stanejo pol življenja, ne glede na to, koliko jih pride skozi. Če vržeš pesek v pravilen odgovor, izgubiš celo življenje!","Crabs that reach your King cost half a life, however many of them get through. Throw sand at the right answer and it costs a whole life!","Walkthrough step 3 of 10: what a mistake costs — crabs that get through cost half a life, smashing the right answer costs a whole one. Spoken to a young child, one or two short sentences."
Localizable,tutorial.step.3,sq,,new,"Gaforret që arrijnë te Mbreti yt kushtojnë gjysmë jete, pavarësisht sa kalojnë. Nëse i hedh rërë përgjigjes së saktë, humbet një jetë të plotë!","Crabs that reach your King cost half a life, however many of them get through. Throw sand at the right answer and it costs a whole life!","Walkthrough step 3 of 10: what a mistake costs — crabs that get through cost half a life, smashing the right answer costs a whole one. Spoken to a young child, one or two short sentences."
Localizable,tutorial.step.3,sr,,new,"Ракови који стигну до твог Краља коштају пола живота, без обзира колико их прође. Ако бациш песак на тачан одговор, губиш цео живот!","Crabs that reach your King cost half a life, however many of them get through. Throw sand at the right answer and it costs a whole life!","Walkthrough step 3 of 10: what a mistake costs — crabs that get through cost half a life, smashing the right answer costs a whole one. Spoken to a young child, one or two short sentences."
Localizable,tutorial.step.3,sv,,new,"Krabbor som når din Kung kostar ett halvt liv, oavsett hur många som kommer fram. Kastar du sand på rätt svar kostar det ett helt liv!","Crabs that reach your King cost half a life, however many of them get through. Throw sand at the right answer and it costs a whole life!","Walkthrough step 3 of 10: what a mistake costs — crabs that get through cost half a life, smashing the right answer costs a whole one. Spoken to a young child, one or two short sentences."
Localizable,tutorial.step.3,sw,,new,"Kaa wanaofika kwa Mfalme wako hugharimu nusu ya uhai, haijalishi ni wangapi wanapita. Ukirusha mchanga kwenye jibu sahihi, unapoteza uhai mzima!","Crabs that reach your King cost half a life, however many of them get through. Throw sand at the right answer and it costs a whole life!","Walkthrough step 3 of 10: what a mistake costs — crabs that get through cost half a life, smashing the right answer costs a whole one. Spoken to a young child, one or two short sentences."
Localizable,tutorial.step.3,ta,,new,உன் ராஜாவை அடையும் நண்டுகள் எத்தனை வந்தாலும் அரை உயிரை குறைக்கும். சரியான பதில்மேல் மணல் எறிந்தால் முழு ஒரு உயிரை இழப்பாய்!,"Crabs that reach your King cost half a life, however many of them get through. Throw sand at the right answer and it costs a whole life!","Walkthrough step 3 of 10: what a mistake costs — crabs that get through cost half a life, smashing the right answer costs a whole one. Spoken to a young child, one or two short sentences."
Localizable,tutorial.step.3,te,,new,నీ రాజు దగ్గరకు చేరే పీతలు ఎన్ని వచ్చినా సగం ప్రాణం తగ్గిస్తాయి. సరైన సమాధానంపై ఇసుక విసిరితే ఒక పూర్తి ప్రాణం కోల్పోతావు!,"Crabs that reach your King cost half a life, however many of them get through. Throw sand at the right answer and it costs a whole life!","Walkthrough step 3 of 10: what a mistake costs — crabs that get through cost half a life, smashing the right answer costs a whole one. Spoken to a young child, one or two short sentences."
Localizable,tutorial.step.3,th,,new,ถ้าปูไปถึงพระราชา ไม่ว่าจะผ่านไปกี่ตัว จะเสียชีวิตครึ่งหนึ่ง แต่ถ้าปาทรายใส่คำตอบที่ถูกต้อง จะเสียชีวิตเต็มหนึ่งชีวิต!,"Crabs that reach your King cost half a life, however many of them get through. Throw sand at the right answer and it costs a whole life!","Walkthrough step 3 of 10: what a mistake costs — crabs that get through cost half a life, smashing the right answer costs a whole one. Spoken to a young child, one or two short sentences."
Localizable,tutorial.step.3,tr,,new,"Kralına ulaşan yengeçler, kaç tane geçerse geçsin, yarım can götürür. Doğru cevaba kum atarsan bir tam can kaybedersin!","Crabs that reach your King cost half a life, however many of them get through. Throw sand at the right answer and it costs a whole life!","Walkthrough step 3 of 10: what a mistake costs — crabs that get through cost half a life, smashing the right answer costs a whole one. Spoken to a young child, one or two short sentences."
Localizable,tutorial.step.3,ug,,new,پادىشاھىڭىزغا يېتىپ بارغان قىسقۇچپاقىلار، قانچىسى ئۆتۈشىدىن قەتئىينەزەر، يېرىم جاننى ئالىدۇ. توغرا جاۋابقا قۇم ئاتسىڭىز، بىر پۈتۈن جاننى يوقىتىسىز!,"Crabs that reach your King cost half a life, however many of them get through. Throw sand at the right answer and it costs a whole life!","Walkthrough step 3 of 10: what a mistake costs — crabs that get through cost half a life, smashing the right answer costs a whole one. Spoken to a young child, one or two short sentences."
Localizable,tutorial.step.3,uk,,new,"Краби, що дістануться до Короля, забирають половину життя — скільки б їх не пройшло. Якщо кинеш піском у правильну відповідь, втратиш ціле життя!","Crabs that reach your King cost half a life, however many of them get through. Throw sand at the right answer and it costs a whole life!","Walkthrough step 3 of 10: what a mistake costs — crabs that get through cost half a life, smashing the right answer costs a whole one. Spoken to a young child, one or two short sentences."
Localizable,tutorial.step.3,ur,,new,جو کیکڑے تمہارے بادشاہ تک پہنچتے ہیں وہ آدھی جان کم کرتے ہیں، چاہے کتنے ہی گزر جائیں۔ اگر صحیح جواب پر ریت پھینکو گے تو پوری ایک جان چلی جائے گی!,"Crabs that reach your King cost half a life, however many of them get through. Throw sand at the right answer and it costs a whole life!","Walkthrough step 3 of 10: what a mistake costs — crabs that get through cost half a life, smashing the right answer costs a whole one. Spoken to a young child, one or two short sentences."
Localizable,tutorial.step.3,uz,,new,"Qirolingga yetib kelgan qisqichbaqalar, nechta o‘tishidan qat’i nazar, yarim jonni oladi. To‘g‘ri javobga qum otsang, bir butun jonni yo‘qotasan!","Crabs that reach your King cost half a life, however many of them get through. Throw sand at the right answer and it costs a whole life!","Walkthrough step 3 of 10: what a mistake costs — crabs that get through cost half a life, smashing the right answer costs a whole one. Spoken to a young child, one or two short sentences."
Localizable,tutorial.step.3,vi,,new,"Cua đến được với Đức Vua sẽ làm mất nửa mạng, dù có bao nhiêu con lọt qua. Nếu ném cát vào đáp án đúng, bạn sẽ mất cả một mạng!","Crabs that reach your King cost half a life, however many of them get through. Throw sand at the right answer and it costs a whole life!","Walkthrough step 3 of 10: what a mistake costs — crabs that get through cost half a life, smashing the right answer costs a whole one. Spoken to a young child, one or two short sentences."
Localizable,tutorial.step.3,zh,,new,只要有螃蟹到达国王，不管过去几只，都会扣掉半条命。要是把沙子扔向正确答案，就会扣掉一整条命！,"Crabs that reach your King cost half a life, however many of them get through. Throw sand at the right answer and it costs a whole life!","Walkthrough step 3 of 10: what a mistake costs — crabs that get through cost half a life, smashing the right answer costs a whole one. Spoken to a young child, one or two short sentences."
Localizable,tutorial.step.3,zu,,new,"Izinkalankala ezifinyelela eNkosini yakho zibiza ingxenye yempilo, kungakhathaliseki ukuthi zingaki ezidlulayo. Uma ujikijela isihlabathi empendulweni elungile, ulahlekelwa impilo yonke!","Crabs that reach your King cost half a life, however many of them get through. Throw sand at the right answer and it costs a whole life!","Walkthrough step 3 of 10: what a mistake costs — crabs that get through cost half a life, smashing the right answer costs a whole one. Spoken to a young child, one or two short sentences."
Localizable,tutorial.step.4,af,,new,Hierdie pienk krap bring vir jou Koning ’n ekstra lewe. Tik daarop en hy dra die hart reguit na hom toe!,This pink crab is bringing your King an extra life. Tap it and it carries the heart right over to him!,"Walkthrough step 4 of 10: the pink helper crab, which carries an extra life to the King. Spoken to a young child, one or two short sentences."
Localizable,tutorial.step.4,am,,new,ይህ ሮዝ ሸርጣን ለንጉሥህ ተጨማሪ ሕይወት እያመጣ ነው። ነካ አድርገውና ልቡን በቀጥታ ወደ ንጉሥህ ያድርስ!,This pink crab is bringing your King an extra life. Tap it and it carries the heart right over to him!,"Walkthrough step 4 of 10: the pink helper crab, which carries an extra life to the King. Spoken to a young child, one or two short sentences."
Localizable,tutorial.step.4,ar,,new,هذا السلطعون الوردي يحمل حياة إضافية إلى ملكك. اضغط عليه ليحمل القلب مباشرة إليه!,This pink crab is bringing your King an extra life. Tap it and it carries the heart right over to him!,"Walkthrough step 4 of 10: the pink helper crab, which carries an extra life to the King. Spoken to a young child, one or two short sentences."
Localizable,tutorial.step.4,as,,new,"এই গোলাপী কেঁকোৰাই তোমাৰ ৰজাৰ বাবে এটা অতিৰিক্ত জীৱন লৈ আহিছে। ইয়াত টেপ কৰা, ই হৃদয়টো পোনে পোনে ৰজাৰ ওচৰলৈ লৈ যাব!",This pink crab is bringing your King an extra life. Tap it and it carries the heart right over to him!,"Walkthrough step 4 of 10: the pink helper crab, which carries an extra life to the King. Spoken to a young child, one or two short sentences."
Localizable,tutorial.step.4,az,,new,Bu çəhrayı xərçəng Kralına əlavə can gətirir. Ona toxun və ürəyi düz Kralına aparsın!,This pink crab is bringing your King an extra life. Tap it and it carries the heart right over to him!,"Walkthrough step 4 of 10: the pink helper crab, which carries an extra life to the King. Spoken to a young child, one or two short sentences."
Localizable,tutorial.step.4,be,,new,"Гэты ружовы краб нясе твайму Каралю дадатковае жыццё. Націсні на яго, і ён даставіць сэрцайка проста да Караля!",This pink crab is bringing your King an extra life. Tap it and it carries the heart right over to him!,"Walkthrough step 4 of 10: the pink helper crab, which carries an extra life to the King. Spoken to a young child, one or two short sentences."
Localizable,tutorial.step.4,bg,,new,Този розов рак носи допълнителен живот на твоя Крал. Докосни го и той ще занесе сърцето право при него!,This pink crab is bringing your King an extra life. Tap it and it carries the heart right over to him!,"Walkthrough step 4 of 10: the pink helper crab, which carries an extra life to the King. Spoken to a young child, one or two short sentences."
Localizable,tutorial.step.4,bn,,new,"এই গোলাপি কাঁকড়াটি তোমার রাজার জন্য একটি বাড়তি জীবন আনছে। এটিতে ট্যাপ করো, তাহলে হৃদয়টি সরাসরি রাজার কাছে নিয়ে যাবে!",This pink crab is bringing your King an extra life. Tap it and it carries the heart right over to him!,"Walkthrough step 4 of 10: the pink helper crab, which carries an extra life to the King. Spoken to a young child, one or two short sentences."
Localizable,tutorial.step.4,bo,,new,སྡིག་སྲིན་རྩི་མདོག་འདིས་རྒྱལ་པོར་སྲོག་གཅིག་ཁ་སྣོན་ཁྱེར་ཡོང་གི་འདུག དེ་མནན་ན་སྙིང་དེ་ཐད་ཀར་རྒྱལ་པོའི་རྩར་ཁྱེར་འགྲོ།,This pink crab is bringing your King an extra life. Tap it and it carries the heart right over to him!,"Walkthrough step 4 of 10: the pink helper crab, which carries an extra life to the King. Spoken to a young child, one or two short sentences."
Localizable,tutorial.step.4,bs,,new,Ovaj ružičasti rak donosi tvom Kralju dodatni život. Dodirni ga i odnijet će srce pravo do njega!,This pink crab is bringing your King an extra life. Tap it and it carries the heart right over to him!,"Walkthrough step 4 of 10: the pink helper crab, which carries an extra life to the King. Spoken to a young child, one or two short sentences."
Localizable,tutorial.step.4,ca,,new,Aquest cranc rosa porta una vida extra al teu Rei. Toca’l i li durà el cor directament!,This pink crab is bringing your King an extra life. Tap it and it carries the heart right over to him!,"Walkthrough step 4 of 10: the pink helper crab, which carries an extra life to the King. Spoken to a young child, one or two short sentences."
Localizable,tutorial.step.4,cs,,new,Tenhle růžový krab nese tvému Králi život navíc. Klepni na něj a donese mu srdce až k němu!,This pink crab is bringing your King an extra life. Tap it and it carries the heart right over to him!,"Walkthrough step 4 of 10: the pink helper crab, which carries an extra life to the King. Spoken to a young child, one or two short sentences."
Localizable,tutorial.step.4,cy,,new,Mae’r cranc pinc hwn yn dod â bywyd ychwanegol i dy Frenin. Tapia fo a bydd yn cario’r galon ato!,This pink crab is bringing your King an extra life. Tap it and it carries the heart right over to him!,"Walkthrough step 4 of 10: the pink helper crab, which carries an extra life to the King. Spoken to a young child, one or two short sentences."
Localizable,tutorial.step.4,da,,new,"Den lyserøde krabbe kommer med et ekstra liv til din Konge. Tryk på den, så bærer den hjertet hele vejen hen til ham!",This pink crab is bringing your King an extra life. Tap it and it carries the heart right over to him!,"Walkthrough step 4 of 10: the pink helper crab, which carries an extra life to the King. Spoken to a young child, one or two short sentences."
Localizable,tutorial.step.4,de,,new,"Diese rosa Krabbe bringt deinem König ein Extraleben. Tippe auf sie, dann trägt sie das Herz direkt zu ihm!",This pink crab is bringing your King an extra life. Tap it and it carries the heart right over to him!,"Walkthrough step 4 of 10: the pink helper crab, which carries an extra life to the King. Spoken to a young child, one or two short sentences."
Localizable,tutorial.step.4,el,,new,Αυτό το ροζ καβούρι φέρνει μια έξτρα ζωή στον Βασιλιά σου. Πάτησέ το και θα του πάει την καρδιά κατευθείαν!,This pink crab is bringing your King an extra life. Tap it and it carries the heart right over to him!,"Walkthrough step 4 of 10: the pink helper crab, which carries an extra life to the King. Spoken to a young child, one or two short sentences."
Localizable,tutorial.step.4,es,,new,Este cangrejo rosa lleva una vida extra a tu Rey. Tócalo y llevará el corazón directamente hasta él.,This pink crab is bringing your King an extra life. Tap it and it carries the heart right over to him!,"Walkthrough step 4 of 10: the pink helper crab, which carries an extra life to the King. Spoken to a young child, one or two short sentences."
Localizable,tutorial.step.4,et,,new,See roosa krabi toob sinu Kuningale ühe lisaelu. Puuduta teda ja ta kannab südame otse Kuningani!,This pink crab is bringing your King an extra life. Tap it and it carries the heart right over to him!,"Walkthrough step 4 of 10: the pink helper crab, which carries an extra life to the King. Spoken to a young child, one or two short sentences."
Localizable,tutorial.step.4,eu,,new,Karramarro arrosa honek bizitza gehigarri bat darama zure Erregearentzat. Ukitu eta bihotza zuzenean eramango dio!,This pink crab is bringing your King an extra life. Tap it and it carries the heart right over to him!,"Walkthrough step 4 of 10: the pink helper crab, which carries an extra life to the King. Spoken to a young child, one or two short sentences."
Localizable,tutorial.step.4,fa,,new,این خرچنگ صورتی برای پادشاهت یک جان اضافه می‌آورد. روی آن بزن تا قلب را مستقیم به او برساند!,This pink crab is bringing your King an extra life. Tap it and it carries the heart right over to him!,"Walkthrough step 4 of 10: the pink helper crab, which carries an extra life to the King. Spoken to a young child, one or two short sentences."
Localizable,tutorial.step.4,fi,,new,"Tämä vaaleanpunainen rapu tuo Kuninkaallesi lisäelämän. Napauta sitä, niin se vie sydämen suoraan hänelle!",This pink crab is bringing your King an extra life. Tap it and it carries the heart right over to him!,"Walkthrough step 4 of 10: the pink helper crab, which carries an extra life to the King. Spoken to a young child, one or two short sentences."
Localizable,tutorial.step.4,fo,,new,"Hesin ljósareyði krabbin kemur við einum eyka lívi til Kongin hjá tær. Trýst á hann, so ber hann hjartað beinleiðis til hansara!",This pink crab is bringing your King an extra life. Tap it and it carries the heart right over to him!,"Walkthrough step 4 of 10: the pink helper crab, which carries an extra life to the King. Spoken to a young child, one or two short sentences."
Localizable,tutorial.step.4,fr,,new,Ce crabe rose apporte une vie en plus à ton Roi. Touche-le et il lui portera le cœur !,This pink crab is bringing your King an extra life. Tap it and it carries the heart right over to him!,"Walkthrough step 4 of 10: the pink helper crab, which carries an extra life to the King. Spoken to a young child, one or two short sentences."
Localizable,tutorial.step.4,ga,,new,Tá an portán bándearg seo ag tabhairt saol breise do do Rí. Tapáil é agus iompróidh sé an croí díreach chuige!,This pink crab is bringing your King an extra life. Tap it and it carries the heart right over to him!,"Walkthrough step 4 of 10: the pink helper crab, which carries an extra life to the King. Spoken to a young child, one or two short sentences."
Localizable,tutorial.step.4,gl,,new,Este cangrexo rosa leva unha vida extra ao teu Rei. Tócao e levaralle o corazón directamente!,This pink crab is bringing your King an extra life. Tap it and it carries the heart right over to him!,"Walkthrough step 4 of 10: the pink helper crab, which carries an extra life to the King. Spoken to a young child, one or two short sentences."
Localizable,tutorial.step.4,gu,,new,આ ગુલાબી કરચલો તમારા રાજા માટે એક વધારાની જિંદગી લાવે છે. તેને ટૅપ કરો અને તે હૃદય સીધું રાજા સુધી લઈ જશે!,This pink crab is bringing your King an extra life. Tap it and it carries the heart right over to him!,"Walkthrough step 4 of 10: the pink helper crab, which carries an extra life to the King. Spoken to a young child, one or two short sentences."
Localizable,tutorial.step.4,he,,new,הסרטן הוורוד הזה מביא למלך חיים נוספים. נוגעים בו והוא נושא את הלב ישר אליו!,This pink crab is bringing your King an extra life. Tap it and it carries the heart right over to him!,"Walkthrough step 4 of 10: the pink helper crab, which carries an extra life to the King. Spoken to a young child, one or two short sentences."
Localizable,tutorial.step.4,hi,,new,यह गुलाबी केकड़ा तुम्हारे राजा के लिए एक अतिरिक्त जान ला रहा है। इसे टैप करो और यह दिल सीधे राजा तक पहुँचा देगा!,This pink crab is bringing your King an extra life. Tap it and it carries the heart right over to him!,"Walkthrough step 4 of 10: the pink helper crab, which carries an extra life to the King. Spoken to a young child, one or two short sentences."
Localizable,tutorial.step.4,hr,,new,Ovaj ružičasti rak nosi tvom Kralju dodatni život. Dodirni ga i odnijet će srce ravno do njega!,This pink crab is bringing your King an extra life. Tap it and it carries the heart right over to him!,"Walkthrough step 4 of 10: the pink helper crab, which carries an extra life to the King. Spoken to a young child, one or two short sentences."
Localizable,tutorial.step.4,hu,,new,"Ez a rózsaszín rák egy extra életet visz a Királyodnak. Koppints rá, és egyenesen elviszi hozzá a szívet!",This pink crab is bringing your King an extra life. Tap it and it carries the heart right over to him!,"Walkthrough step 4 of 10: the pink helper crab, which carries an extra life to the King. Spoken to a young child, one or two short sentences."
Localizable,tutorial.step.4,hy,,new,"Այս վարդագույն խեցգետինը լրացուցիչ կյանք է տանում քո Թագավորին։ Հպիր նրան, և նա սիրտը կտանի ուղիղ Թագավորին։",This pink crab is bringing your King an extra life. Tap it and it carries the heart right over to him!,"Walkthrough step 4 of 10: the pink helper crab, which carries an extra life to the King. Spoken to a young child, one or two short sentences."
Localizable,tutorial.step.4,id,,new,Kepiting merah muda ini membawa satu nyawa tambahan untuk Rajamu. Ketuk dia dan dia akan membawa hati itu langsung ke Rajamu!,This pink crab is bringing your King an extra life. Tap it and it carries the heart right over to him!,"Walkthrough step 4 of 10: the pink helper crab, which carries an extra life to the King. Spoken to a young child, one or two short sentences."
Localizable,tutorial.step.4,is,,new,Þessi bleiki krabbi færir Konunginum þínum aukalíf. Pikkaðu á hann og hann ber hjartað beint til hans!,This pink crab is bringing your King an extra life. Tap it and it carries the heart right over to him!,"Walkthrough step 4 of 10: the pink helper crab, which carries an extra life to the King. Spoken to a young child, one or two short sentences."
Localizable,tutorial.step.4,it,,new,Questo granchio rosa sta portando una vita extra al tuo Re. Toccalo e porterà il cuore dritto da lui!,This pink crab is bringing your King an extra life. Tap it and it carries the heart right over to him!,"Walkthrough step 4 of 10: the pink helper crab, which carries an extra life to the King. Spoken to a young child, one or two short sentences."
Localizable,tutorial.step.4,ja,,new,このピンクのカニは王さまにライフを1つ届けてくれるよ。タップすると、ハートをまっすぐ王さまのところへ運んでくれる！,This pink crab is bringing your King an extra life. Tap it and it carries the heart right over to him!,"Walkthrough step 4 of 10: the pink helper crab, which carries an extra life to the King. Spoken to a young child, one or two short sentences."
Localizable,tutorial.step.4,ka,,new,ამ ვარდისფერ კიბორჩხალას შენს მეფესთან დამატებითი სიცოცხლე მოაქვს. შეეხე და ის გულს პირდაპირ მეფეს მიუტანს!,This pink crab is bringing your King an extra life. Tap it and it carries the heart right over to him!,"Walkthrough step 4 of 10: the pink helper crab, which carries an extra life to the King. Spoken to a young child, one or two short sentences."
Localizable,tutorial.step.4,kk,,new,"Бұл қызғылт шаян Патшаңа қосымша өмір алып келеді. Оны түрт, сонда жүректі тура Патшаңа жеткізеді!",This pink crab is bringing your King an extra life. Tap it and it carries the heart right over to him!,"Walkthrough step 4 of 10: the pink helper crab, which carries an extra life to the King. Spoken to a young child, one or two short sentences."
Localizable,tutorial.step.4,km,,new,ក្តាមពណ៌ផ្កាឈូកនេះកំពុងនាំជីវិតបន្ថែមមួយទៅឲ្យស្តេច។ ប៉ះវា ហើយវានឹងនាំបេះដូងទៅដល់ស្តេចផ្ទាល់!,This pink crab is bringing your King an extra life. Tap it and it carries the heart right over to him!,"Walkthrough step 4 of 10: the pink helper crab, which carries an extra life to the King. Spoken to a young child, one or two short sentences."
Localizable,tutorial.step.4,kn,,new,"ಈ ಗುಲಾಬಿ ಏಡಿ ನಿನ್ನ ರಾಜನಿಗೆ ಒಂದು ಹೆಚ್ಚುವರಿ ಜೀವ ತರುತ್ತಿದೆ. ಅದನ್ನು ಟ್ಯಾಪ್ ಮಾಡು, ಅದು ಹೃದಯವನ್ನು ನೇರವಾಗಿ ರಾಜನಿಗೆ ತಲುಪಿಸುತ್ತದೆ!",This pink crab is bringing your King an extra life. Tap it and it carries the heart right over to him!,"Walkthrough step 4 of 10: the pink helper crab, which carries an extra life to the King. Spoken to a young child, one or two short sentences."
Localizable,tutorial.step.4,ko,,new,이 분홍색 게는 왕에게 생명 한 칸을 더 가져다줘요. 탭하면 하트를 왕에게 바로 가져가요!,This pink crab is bringing your King an extra life. Tap it and it carries the heart right over to him!,"Walkthrough step 4 of 10: the pink helper crab, which carries an extra life to the King. Spoken to a young child, one or two short sentences."
Localizable,tutorial.step.4,lo,,new,ປູສີບົວໂຕນີ້ກຳລັງນຳຊີວິດເພີ່ມໄປໃຫ້ກະສັດ. ແຕະມັນ ແລ້ວມັນຈະນຳຫົວໃຈໄປຫາກະສັດໂດຍກົງ!,This pink crab is bringing your King an extra life. Tap it and it carries the heart right over to him!,"Walkthrough step 4 of 10: the pink helper crab, which carries an extra life to the King. Spoken to a young child, one or two short sentences."
Localizable,tutorial.step.4,lt,,new,Šis rožinis krabas neša tavo Karaliui papildomą gyvybę. Paliesk jį ir jis nuneš širdelę tiesiai Karaliui!,This pink crab is bringing your King an extra life. Tap it and it carries the heart right over to him!,"Walkthrough step 4 of 10: the pink helper crab, which carries an extra life to the King. Spoken to a young child, one or two short sentences."
Localizable,tutorial.step.4,lv,,new,"Šis rozā krabis nes tavam Karalim papildu dzīvību. Pieskaries tam, un tas aiznesīs sirsniņu tieši pie Karaļa!",This pink crab is bringing your King an extra life. Tap it and it carries the heart right over to him!,"Walkthrough step 4 of 10: the pink helper crab, which carries an extra life to the King. Spoken to a young child, one or two short sentences."
Localizable,tutorial.step.4,mk,,new,Овој розов рак му носи дополнителен живот на твојот Крал. Допри го и ќе му го однесе срцето право до него!,This pink crab is bringing your King an extra life. Tap it and it carries the heart right over to him!,"Walkthrough step 4 of 10: the pink helper crab, which carries an extra life to the King. Spoken to a young child, one or two short sentences."
Localizable,tutorial.step.4,ml,,new,"ഈ പിങ്ക് ഞണ്ട് നിന്റെ രാജാവിന് ഒരു അധിക ജീവൻ കൊണ്ടുവരുന്നു. അതിനെ ടാപ്പ് ചെയ്യൂ, ഹൃദയം നേരെ രാജാവിന്റെ അടുത്തേക്ക് കൊണ്ടുപോകും!",This pink crab is bringing your King an extra life. Tap it and it carries the heart right over to him!,"Walkthrough step 4 of 10: the pink helper crab, which carries an extra life to the King. Spoken to a young child, one or two short sentences."
Localizable,tutorial.step.4,mn,,new,"Энэ ягаан хавч Хаанд чинь нэмэлт амь авчирч байна. Түүн дээр товшоод, зүрхийг шууд Хаанд чинь хүргэ!",This pink crab is bringing your King an extra life. Tap it and it carries the heart right over to him!,"Walkthrough step 4 of 10: the pink helper crab, which carries an extra life to the King. Spoken to a young child, one or two short sentences."
Localizable,tutorial.step.4,mr,,new,हा गुलाबी खेकडा तुझ्या राजासाठी एक जादा जीव आणतोय. त्याच्यावर टॅप कर आणि तो हृदय थेट राजापर्यंत नेईल!,This pink crab is bringing your King an extra life. Tap it and it carries the heart right over to him!,"Walkthrough step 4 of 10: the pink helper crab, which carries an extra life to the King. Spoken to a young child, one or two short sentences."
Localizable,tutorial.step.4,ms,,new,Ketam merah jambu ini membawa satu nyawa tambahan untuk Raja kamu. Ketik padanya dan ia akan membawa hati terus kepada Raja!,This pink crab is bringing your King an extra life. Tap it and it carries the heart right over to him!,"Walkthrough step 4 of 10: the pink helper crab, which carries an extra life to the King. Spoken to a young child, one or two short sentences."
Localizable,tutorial.step.4,my,,new,ဒီပန်းရောင်ကဏန်းက မင်းကြီးအတွက် အပိုအသက်တစ်ခု ယူလာတယ်။ တို့လိုက်ရင် နှလုံးကို မင်းကြီးဆီ တန်းပို့ပေးမယ်!,This pink crab is bringing your King an extra life. Tap it and it carries the heart right over to him!,"Walkthrough step 4 of 10: the pink helper crab, which carries an extra life to the King. Spoken to a young child, one or two short sentences."
Localizable,tutorial.step.4,nb,,new,"Denne rosa krabben kommer med et ekstra liv til Kongen din. Trykk på den, så bærer den hjertet helt fram til ham!",This pink crab is bringing your King an extra life. Tap it and it carries the heart right over to him!,"Walkthrough step 4 of 10: the pink helper crab, which carries an extra life to the King. Spoken to a young child, one or two short sentences."
Localizable,tutorial.step.4,ne,,new,यो गुलाबी गँगटोले तिम्रो राजाका लागि थप एउटा जीवन ल्याउँदैछ। यसमा ट्याप गर र यसले मुटु सिधै राजासम्म पुर्‍याउँछ!,This pink crab is bringing your King an extra life. Tap it and it carries the heart right over to him!,"Walkthrough step 4 of 10: the pink helper crab, which carries an extra life to the King. Spoken to a young child, one or two short sentences."
Localizable,tutorial.step.4,or,,new,"ଏହି ଗୋଲାପୀ କଙ୍କଡ଼ା ତୁମ ରାଜାଙ୍କ ପାଇଁ ଗୋଟିଏ ଅତିରିକ୍ତ ଜୀବନ ଆଣୁଛି। ଏହାକୁ ଟ୍ୟାପ୍ କର, ଏହା ହୃଦୟଟି ସିଧା ରାଜାଙ୍କ ପାଖକୁ ନେଇଯିବ!",This pink crab is bringing your King an extra life. Tap it and it carries the heart right over to him!,"Walkthrough step 4 of 10: the pink helper crab, which carries an extra life to the King. Spoken to a young child, one or two short sentences."
Localizable,tutorial.step.4,pa,,new,ਇਹ ਗੁਲਾਬੀ ਕੇਕੜਾ ਤੇਰੇ ਰਾਜੇ ਲਈ ਇੱਕ ਵਾਧੂ ਜ਼ਿੰਦਗੀ ਲਿਆ ਰਿਹਾ ਹੈ। ਇਸਨੂੰ ਟੈਪ ਕਰ ਅਤੇ ਇਹ ਦਿਲ ਸਿੱਧਾ ਰਾਜੇ ਤੱਕ ਲੈ ਜਾਵੇਗਾ!,This pink crab is bringing your King an extra life. Tap it and it carries the heart right over to him!,"Walkthrough step 4 of 10: the pink helper crab, which carries an extra life to the King. Spoken to a young child, one or two short sentences."
Localizable,tutorial.step.4,pl,,new,"Ten różowy krab niesie twojemu Królowi dodatkowe życie. Dotknij go, a zaniesie serce prosto do niego!",This pink crab is bringing your King an extra life. Tap it and it carries the heart right over to him!,"Walkthrough step 4 of 10: the pink helper crab, which carries an extra life to the King. Spoken to a young child, one or two short sentences."
Localizable,tutorial.step.4,pt,,new,Este caranguejo cor-de-rosa leva uma vida extra ao teu Rei. Toca nele e ele leva o coração direitinho até ao Rei!,This pink crab is bringing your King an extra life. Tap it and it carries the heart right over to him!,"Walkthrough step 4 of 10: the pink helper crab, which carries an extra life to the King. Spoken to a young child, one or two short sentences."
Localizable,tutorial.step.4,ro,,new,Acest crab roz îi aduce Regelui tău o viață în plus. Atinge-l și va duce inima direct la el!,This pink crab is bringing your King an extra life. Tap it and it carries the heart right over to him!,"Walkthrough step 4 of 10: the pink helper crab, which carries an extra life to the King. Spoken to a young child, one or two short sentences."
Localizable,tutorial.step.4,ru,,new,"Этот розовый краб несёт твоему Королю дополнительную жизнь. Нажми на него, и он доставит сердечко прямо Королю!",This pink crab is bringing your King an extra life. Tap it and it carries the heart right over to him!,"Walkthrough step 4 of 10: the pink helper crab, which carries an extra life to the King. Spoken to a young child, one or two short sentences."
Localizable,tutorial.step.4,si,,new,"මේ රෝස කකුළුවා ඔයාගේ රජුට අමතර ජීවිතයක් ගෙන එනවා. ඒකට ටැප් කරන්න, එයා හදවත කෙළින්ම රජු ළඟට ගෙන යයි!",This pink crab is bringing your King an extra life. Tap it and it carries the heart right over to him!,"Walkthrough step 4 of 10: the pink helper crab, which carries an extra life to the King. Spoken to a young child, one or two short sentences."
Localizable,tutorial.step.4,sk,,new,Tento ružový krab nesie tvojmu Kráľovi život navyše. Ťukni naň a donesie mu srdce priamo k nemu!,This pink crab is bringing your King an extra life. Tap it and it carries the heart right over to him!,"Walkthrough step 4 of 10: the pink helper crab, which carries an extra life to the King. Spoken to a young child, one or two short sentences."
Localizable,tutorial.step.4,sl,,new,Ta rožnati rak tvojemu Kralju prinaša dodatno življenje. Tapni ga in srce bo odnesel naravnost do njega!,This pink crab is bringing your King an extra life. Tap it and it carries the heart right over to him!,"Walkthrough step 4 of 10: the pink helper crab, which carries an extra life to the King. Spoken to a young child, one or two short sentences."
Localizable,tutorial.step.4,sq,,new,Kjo gaforre rozë po i sjell Mbretit tënd një jetë shtesë. Preke dhe do t’ia çojë zemrën drejt e atij!,This pink crab is bringing your King an extra life. Tap it and it carries the heart right over to him!,"Walkthrough step 4 of 10: the pink helper crab, which carries an extra life to the King. Spoken to a young child, one or two short sentences."
Localizable,tutorial.step.4,sr,,new,Овај ружичасти рак носи твом Краљу додатни живот. Додирни га и однеће срце право до њега!,This pink crab is bringing your King an extra life. Tap it and it carries the heart right over to him!,"Walkthrough step 4 of 10: the pink helper crab, which carries an extra life to the King. Spoken to a young child, one or two short sentences."
Localizable,tutorial.step.4,sv,,new,Den här rosa krabban kommer med ett extra liv till din Kung. Tryck på den så bär den hjärtat hela vägen fram till honom!,This pink crab is bringing your King an extra life. Tap it and it carries the heart right over to him!,"Walkthrough step 4 of 10: the pink helper crab, which carries an extra life to the King. Spoken to a young child, one or two short sentences."
Localizable,tutorial.step.4,sw,,new,Kaa huyu wa waridi anamletea Mfalme wako uhai wa ziada. Mguse na atapeleka moyo moja kwa moja kwake!,This pink crab is bringing your King an extra life. Tap it and it carries the heart right over to him!,"Walkthrough step 4 of 10: the pink helper crab, which carries an extra life to the King. Spoken to a young child, one or two short sentences."
Localizable,tutorial.step.4,ta,,new,"இந்த இளஞ்சிவப்பு நண்டு உன் ராஜாவுக்கு ஒரு கூடுதல் உயிரை கொண்டு வருகிறது. அதைத் தட்டு, அது இதயத்தை நேராக ராஜாவிடம் கொண்டு செல்லும்!",This pink crab is bringing your King an extra life. Tap it and it carries the heart right over to him!,"Walkthrough step 4 of 10: the pink helper crab, which carries an extra life to the King. Spoken to a young child, one or two short sentences."
Localizable,tutorial.step.4,te,,new,"ఈ గులాబీ పీత నీ రాజుకు ఒక అదనపు ప్రాణం తీసుకొస్తోంది. దానిపై ట్యాప్ చేయి, అది గుండెను నేరుగా రాజు దగ్గరకు తీసుకెళ్తుంది!",This pink crab is bringing your King an extra life. Tap it and it carries the heart right over to him!,"Walkthrough step 4 of 10: the pink helper crab, which carries an extra life to the King. Spoken to a young child, one or two short sentences."
Localizable,tutorial.step.4,th,,new,ปูสีชมพูตัวนี้กำลังนำชีวิตเพิ่มไปให้พระราชา แตะมันแล้วมันจะนำหัวใจตรงไปหาพระราชา!,This pink crab is bringing your King an extra life. Tap it and it carries the heart right over to him!,"Walkthrough step 4 of 10: the pink helper crab, which carries an extra life to the King. Spoken to a young child, one or two short sentences."
Localizable,tutorial.step.4,tr,,new,"Bu pembe yengeç Kralına fazladan bir can getiriyor. Ona dokun, kalbi doğrudan Kralına götürsün!",This pink crab is bringing your King an extra life. Tap it and it carries the heart right over to him!,"Walkthrough step 4 of 10: the pink helper crab, which carries an extra life to the King. Spoken to a young child, one or two short sentences."
Localizable,tutorial.step.4,ug,,new,بۇ ھالرەڭ قىسقۇچپاقا پادىشاھىڭىزغا قوشۇمچە بىر جان ئېلىپ كېلىۋاتىدۇ. ئۇنىڭغا تېگىڭ، يۈرەكنى بىۋاسىتە پادىشاھىڭىزغا يەتكۈزسۇن!,This pink crab is bringing your King an extra life. Tap it and it carries the heart right over to him!,"Walkthrough step 4 of 10: the pink helper crab, which carries an extra life to the King. Spoken to a young child, one or two short sentences."
Localizable,tutorial.step.4,uk,,new,"Цей рожевий краб несе твоєму Королю додаткове життя. Торкнися його, і він доставить сердечко просто до Короля!",This pink crab is bringing your King an extra life. Tap it and it carries the heart right over to him!,"Walkthrough step 4 of 10: the pink helper crab, which carries an extra life to the King. Spoken to a young child, one or two short sentences."
Localizable,tutorial.step.4,ur,,new,یہ گلابی کیکڑا تمہارے بادشاہ کے لیے ایک اضافی جان لا رہا ہے۔ اسے چھوؤ اور یہ دل سیدھا بادشاہ تک پہنچا دے گا!,This pink crab is bringing your King an extra life. Tap it and it carries the heart right over to him!,"Walkthrough step 4 of 10: the pink helper crab, which carries an extra life to the King. Spoken to a young child, one or two short sentences."
Localizable,tutorial.step.4,uz,,new,"Bu pushti qisqichbaqa Qirolingga qo‘shimcha jon olib kelmoqda. Unga teg, yurakni to‘g‘ri Qirolingga olib borsin!",This pink crab is bringing your King an extra life. Tap it and it carries the heart right over to him!,"Walkthrough step 4 of 10: the pink helper crab, which carries an extra life to the King. Spoken to a young child, one or two short sentences."
Localizable,tutorial.step.4,vi,,new,Con cua hồng này đang mang thêm một mạng cho Đức Vua. Chạm vào nó để nó mang trái tim đến thẳng chỗ Đức Vua!,This pink crab is bringing your King an extra life. Tap it and it carries the heart right over to him!,"Walkthrough step 4 of 10: the pink helper crab, which carries an extra life to the King. Spoken to a young child, one or two short sentences."
Localizable,tutorial.step.4,zh,,new,这只粉色螃蟹会给国王带来一条额外生命。点一下它，它就会把爱心送到国王身边！,This pink crab is bringing your King an extra life. Tap it and it carries the heart right over to him!,"Walkthrough step 4 of 10: the pink helper crab, which carries an extra life to the King. Spoken to a young child, one or two short sentences."
Localizable,tutorial.step.4,zu,,new,Le nkalankala epinki ilethe impilo eyengeziwe eNkosini yakho. Yithinte ukuze ihambise inhliziyo iqonde kuyo!,This pink crab is bringing your King an extra life. Tap it and it carries the heart right over to him!,"Walkthrough step 4 of 10: the pink helper crab, which carries an extra life to the King. Spoken to a young child, one or two short sentences."
Localizable,tutorial.step.5,af,,new,Die reënboog-2×-krap verdubbel jou volgende regte antwoord. Tik daarop en hy dra die muntstuk na jou Koning toe!,The rainbow 2× crab doubles your next correct answer. Tap it and it carries the coin to your King!,"Walkthrough step 5 of 10: the rainbow 2x crab, which doubles the next correct answer. Spoken to a young child, one or two short sentences."
Localizable,tutorial.step.5,am,,new,የቀስተ ደመና 2× ሸርጣን ቀጣዩን ትክክለኛ መልስህን እጥፍ ያደርገዋል። ነካ አድርገውና ሳንቲሙን ወደ ንጉሥህ ያድርስ!,The rainbow 2× crab doubles your next correct answer. Tap it and it carries the coin to your King!,"Walkthrough step 5 of 10: the rainbow 2x crab, which doubles the next correct answer. Spoken to a young child, one or two short sentences."
Localizable,tutorial.step.5,ar,,new,سلطعون قوس قزح 2× يضاعف إجابتك الصحيحة التالية. اضغط عليه ليحمل العملة إلى ملكك!,The rainbow 2× crab doubles your next correct answer. Tap it and it carries the coin to your King!,"Walkthrough step 5 of 10: the rainbow 2x crab, which doubles the next correct answer. Spoken to a young child, one or two short sentences."
Localizable,tutorial.step.5,as,,new,"ৰামধেনু 2× কেঁকোৰাই তোমাৰ পৰৱৰ্তী শুদ্ধ উত্তৰটো দুগুণ কৰে। ইয়াত টেপ কৰা, ই মুদ্ৰাটো তোমাৰ ৰজাৰ ওচৰলৈ লৈ যাব!",The rainbow 2× crab doubles your next correct answer. Tap it and it carries the coin to your King!,"Walkthrough step 5 of 10: the rainbow 2x crab, which doubles the next correct answer. Spoken to a young child, one or two short sentences."
Localizable,tutorial.step.5,az,,new,Göyqurşağı rəngli 2× xərçəng növbəti düzgün cavabını ikiqat edir. Ona toxun və sikkəni Kralına aparsın!,The rainbow 2× crab doubles your next correct answer. Tap it and it carries the coin to your King!,"Walkthrough step 5 of 10: the rainbow 2x crab, which doubles the next correct answer. Spoken to a young child, one or two short sentences."
Localizable,tutorial.step.5,be,,new,"Вясёлкавы краб 2× падвойвае твой наступны правільны адказ. Націсні на яго, і ён даставіць манету твайму Каралю!",The rainbow 2× crab doubles your next correct answer. Tap it and it carries the coin to your King!,"Walkthrough step 5 of 10: the rainbow 2x crab, which doubles the next correct answer. Spoken to a young child, one or two short sentences."
Localizable,tutorial.step.5,bg,,new,Дъговият рак 2× удвоява следващия ти верен отговор. Докосни го и той ще занесе монетата на твоя Крал!,The rainbow 2× crab doubles your next correct answer. Tap it and it carries the coin to your King!,"Walkthrough step 5 of 10: the rainbow 2x crab, which doubles the next correct answer. Spoken to a young child, one or two short sentences."
Localizable,tutorial.step.5,bn,,new,"রংধনু 2× কাঁকড়া তোমার পরের সঠিক উত্তরকে দ্বিগুণ করে। এটিতে ট্যাপ করো, তাহলে মুদ্রাটি রাজার কাছে নিয়ে যাবে!",The rainbow 2× crab doubles your next correct answer. Tap it and it carries the coin to your King!,"Walkthrough step 5 of 10: the rainbow 2x crab, which doubles the next correct answer. Spoken to a young child, one or two short sentences."
Localizable,tutorial.step.5,bo,,new,འཇའ་ཚོན་ 2× སྡིག་སྲིན་གྱིས་ཁྱོད་ཀྱི་ལན་འགྲིག་པ་རྗེས་མ་དེ་ཉིས་འགྱུར་བྱེད། དེ་མནན་ན་སྒོར་མོ་དེ་རྒྱལ་པོའི་རྩར་ཁྱེར་འགྲོ།,The rainbow 2× crab doubles your next correct answer. Tap it and it carries the coin to your King!,"Walkthrough step 5 of 10: the rainbow 2x crab, which doubles the next correct answer. Spoken to a young child, one or two short sentences."
Localizable,tutorial.step.5,bs,,new,Dugin rak 2× udvostručuje tvoj sljedeći tačan odgovor. Dodirni ga i odnijet će novčić tvom Kralju!,The rainbow 2× crab doubles your next correct answer. Tap it and it carries the coin to your King!,"Walkthrough step 5 of 10: the rainbow 2x crab, which doubles the next correct answer. Spoken to a young child, one or two short sentences."
Localizable,tutorial.step.5,ca,,new,El cranc arc de Sant Martí 2× duplica la teva propera resposta correcta. Toca’l i durà la moneda al teu Rei!,The rainbow 2× crab doubles your next correct answer. Tap it and it carries the coin to your King!,"Walkthrough step 5 of 10: the rainbow 2x crab, which doubles the next correct answer. Spoken to a young child, one or two short sentences."
Localizable,tutorial.step.5,cs,,new,Duhový krab 2× zdvojnásobí tvoji příští správnou odpověď. Klepni na něj a donese minci ke Králi!,The rainbow 2× crab doubles your next correct answer. Tap it and it carries the coin to your King!,"Walkthrough step 5 of 10: the rainbow 2x crab, which doubles the next correct answer. Spoken to a young child, one or two short sentences."
Localizable,tutorial.step.5,cy,,new,Mae’r cranc enfys 2× yn dyblu dy ateb cywir nesaf. Tapia fo a bydd yn cario’r geiniog at dy Frenin!,The rainbow 2× crab doubles your next correct answer. Tap it and it carries the coin to your King!,"Walkthrough step 5 of 10: the rainbow 2x crab, which doubles the next correct answer. Spoken to a young child, one or two short sentences."
Localizable,tutorial.step.5,da,,new,"Regnbuekrabben med 2× fordobler dit næste rigtige svar. Tryk på den, så bærer den mønten hen til din Konge!",The rainbow 2× crab doubles your next correct answer. Tap it and it carries the coin to your King!,"Walkthrough step 5 of 10: the rainbow 2x crab, which doubles the next correct answer. Spoken to a young child, one or two short sentences."
Localizable,tutorial.step.5,de,,new,"Die Regenbogenkrabbe mit 2× verdoppelt deine nächste richtige Antwort. Tippe auf sie, dann bringt sie die Münze zu deinem König!",The rainbow 2× crab doubles your next correct answer. Tap it and it carries the coin to your King!,"Walkthrough step 5 of 10: the rainbow 2x crab, which doubles the next correct answer. Spoken to a young child, one or two short sentences."
Localizable,tutorial.step.5,el,,new,Το καβούρι-ουράνιο τόξο 2× διπλασιάζει την επόμενη σωστή απάντησή σου. Πάτησέ το και θα πάει το νόμισμα στον Βασιλιά σου!,The rainbow 2× crab doubles your next correct answer. Tap it and it carries the coin to your King!,"Walkthrough step 5 of 10: the rainbow 2x crab, which doubles the next correct answer. Spoken to a young child, one or two short sentences."
Localizable,tutorial.step.5,es,,new,El cangrejo arcoíris 2× duplica tu próxima respuesta correcta. Tócalo y llevará la moneda hasta tu Rey.,The rainbow 2× crab doubles your next correct answer. Tap it and it carries the coin to your King!,"Walkthrough step 5 of 10: the rainbow 2x crab, which doubles the next correct answer. Spoken to a young child, one or two short sentences."
Localizable,tutorial.step.5,et,,new,Vikerkaarekrabi 2× kahekordistab sinu järgmise õige vastuse. Puuduta teda ja ta kannab mündi sinu Kuningani!,The rainbow 2× crab doubles your next correct answer. Tap it and it carries the coin to your King!,"Walkthrough step 5 of 10: the rainbow 2x crab, which doubles the next correct answer. Spoken to a young child, one or two short sentences."
Localizable,tutorial.step.5,eu,,new,Ortzadar-karramarro 2× honek hurrengo erantzun zuzena bikoizten du. Ukitu eta txanpona zure Erregearengana eramango du!,The rainbow 2× crab doubles your next correct answer. Tap it and it carries the coin to your King!,"Walkthrough step 5 of 10: the rainbow 2x crab, which doubles the next correct answer. Spoken to a young child, one or two short sentences."
Localizable,tutorial.step.5,fa,,new,خرچنگ رنگین‌کمانی 2× جواب درست بعدی‌ات را دو برابر می‌کند. روی آن بزن تا سکه را به پادشاهت برساند!,The rainbow 2× crab doubles your next correct answer. Tap it and it carries the coin to your King!,"Walkthrough step 5 of 10: the rainbow 2x crab, which doubles the next correct answer. Spoken to a young child, one or two short sentences."
Localizable,tutorial.step.5,fi,,new,"Sateenkaarirapu 2× tuplaa seuraavan oikean vastauksesi. Napauta sitä, niin se vie kolikon Kuninkaallesi!",The rainbow 2× crab doubles your next correct answer. Tap it and it carries the coin to your King!,"Walkthrough step 5 of 10: the rainbow 2x crab, which doubles the next correct answer. Spoken to a young child, one or two short sentences."
Localizable,tutorial.step.5,fo,,new,"Ælabogakrabbinn 2× tvífaldar næsta rætta svarið hjá tær. Trýst á hann, so ber hann myntina til Kongin hjá tær!",The rainbow 2× crab doubles your next correct answer. Tap it and it carries the coin to your King!,"Walkthrough step 5 of 10: the rainbow 2x crab, which doubles the next correct answer. Spoken to a young child, one or two short sentences."
Localizable,tutorial.step.5,fr,,new,Le crabe arc-en-ciel 2× double ta prochaine bonne réponse. Touche-le et il apportera la pièce à ton Roi !,The rainbow 2× crab doubles your next correct answer. Tap it and it carries the coin to your King!,"Walkthrough step 5 of 10: the rainbow 2x crab, which doubles the next correct answer. Spoken to a young child, one or two short sentences."
Localizable,tutorial.step.5,ga,,new,Dúblaíonn an portán tuar ceatha 2× do chéad fhreagra ceart eile. Tapáil é agus iompróidh sé an bonn chuig do Rí!,The rainbow 2× crab doubles your next correct answer. Tap it and it carries the coin to your King!,"Walkthrough step 5 of 10: the rainbow 2x crab, which doubles the next correct answer. Spoken to a young child, one or two short sentences."
Localizable,tutorial.step.5,gl,,new,O cangrexo arco da vella 2× duplica a túa seguinte resposta correcta. Tócao e levará a moeda ao teu Rei!,The rainbow 2× crab doubles your next correct answer. Tap it and it carries the coin to your King!,"Walkthrough step 5 of 10: the rainbow 2x crab, which doubles the next correct answer. Spoken to a young child, one or two short sentences."
Localizable,tutorial.step.5,gu,,new,મેઘધનુષી 2× કરચલો તમારો આગલો સાચો જવાબ બમણો કરે છે. તેને ટૅપ કરો અને તે સિક્કો તમારા રાજા સુધી લઈ જશે!,The rainbow 2× crab doubles your next correct answer. Tap it and it carries the coin to your King!,"Walkthrough step 5 of 10: the rainbow 2x crab, which doubles the next correct answer. Spoken to a young child, one or two short sentences."
Localizable,tutorial.step.5,he,,new,סרטן הקשת 2× מכפיל את התשובה הנכונה הבאה. נוגעים בו והוא נושא את המטבע אל המלך!,The rainbow 2× crab doubles your next correct answer. Tap it and it carries the coin to your King!,"Walkthrough step 5 of 10: the rainbow 2x crab, which doubles the next correct answer. Spoken to a young child, one or two short sentences."
Localizable,tutorial.step.5,hi,,new,इंद्रधनुषी 2× केकड़ा तुम्हारे अगले सही जवाब को दोगुना कर देता है। इसे टैप करो और यह सिक्का राजा तक पहुँचा देगा!,The rainbow 2× crab doubles your next correct answer. Tap it and it carries the coin to your King!,"Walkthrough step 5 of 10: the rainbow 2x crab, which doubles the next correct answer. Spoken to a young child, one or two short sentences."
Localizable,tutorial.step.5,hr,,new,Dugin rak 2× udvostručuje tvoj sljedeći točan odgovor. Dodirni ga i odnijet će novčić tvom Kralju!,The rainbow 2× crab doubles your next correct answer. Tap it and it carries the coin to your King!,"Walkthrough step 5 of 10: the rainbow 2x crab, which doubles the next correct answer. Spoken to a young child, one or two short sentences."
Localizable,tutorial.step.5,hu,,new,"A szivárványos 2× rák megduplázza a következő helyes válaszodat. Koppints rá, és elviszi az érmét a Királyodhoz!",The rainbow 2× crab doubles your next correct answer. Tap it and it carries the coin to your King!,"Walkthrough step 5 of 10: the rainbow 2x crab, which doubles the next correct answer. Spoken to a young child, one or two short sentences."
Localizable,tutorial.step.5,hy,,new,"Ծիածանագույն 2× խեցգետինը կրկնապատկում է քո հաջորդ ճիշտ պատասխանը։ Հպիր նրան, և նա մետաղադրամը կտանի քո Թագավորին։",The rainbow 2× crab doubles your next correct answer. Tap it and it carries the coin to your King!,"Walkthrough step 5 of 10: the rainbow 2x crab, which doubles the next correct answer. Spoken to a young child, one or two short sentences."
Localizable,tutorial.step.5,id,,new,Kepiting pelangi 2× menggandakan jawaban benar berikutnya. Ketuk dia dan dia akan membawa koin ke Rajamu!,The rainbow 2× crab doubles your next correct answer. Tap it and it carries the coin to your King!,"Walkthrough step 5 of 10: the rainbow 2x crab, which doubles the next correct answer. Spoken to a young child, one or two short sentences."
Localizable,tutorial.step.5,is,,new,Regnbogakrabbinn 2× tvöfaldar næsta rétta svarið þitt. Pikkaðu á hann og hann ber peninginn til Konungsins þíns!,The rainbow 2× crab doubles your next correct answer. Tap it and it carries the coin to your King!,"Walkthrough step 5 of 10: the rainbow 2x crab, which doubles the next correct answer. Spoken to a young child, one or two short sentences."
Localizable,tutorial.step.5,it,,new,Il granchio arcobaleno 2× raddoppia la tua prossima risposta giusta. Toccalo e porterà la moneta al tuo Re!,The rainbow 2× crab doubles your next correct answer. Tap it and it carries the coin to your King!,"Walkthrough step 5 of 10: the rainbow 2x crab, which doubles the next correct answer. Spoken to a young child, one or two short sentences."
Localizable,tutorial.step.5,ja,,new,虹色の2×カニは、次の正解を2倍にしてくれるよ。タップすると、コインを王さまのところへ運んでくれる！,The rainbow 2× crab doubles your next correct answer. Tap it and it carries the coin to your King!,"Walkthrough step 5 of 10: the rainbow 2x crab, which doubles the next correct answer. Spoken to a young child, one or two short sentences."
Localizable,tutorial.step.5,ka,,new,ცისარტყელას 2× კიბორჩხალა შენს შემდეგ სწორ პასუხს აორმაგებს. შეეხე და ის მონეტას შენს მეფეს მიუტანს!,The rainbow 2× crab doubles your next correct answer. Tap it and it carries the coin to your King!,"Walkthrough step 5 of 10: the rainbow 2x crab, which doubles the next correct answer. Spoken to a young child, one or two short sentences."
Localizable,tutorial.step.5,kk,,new,"Кемпірқосақ түсті 2× шаян келесі дұрыс жауабыңды екі есе арттырады. Оны түрт, сонда тиынды Патшаңа жеткізеді!",The rainbow 2× crab doubles your next correct answer. Tap it and it carries the coin to your King!,"Walkthrough step 5 of 10: the rainbow 2x crab, which doubles the next correct answer. Spoken to a young child, one or two short sentences."
Localizable,tutorial.step.5,km,,new,ក្តាមឥន្ទធនូ 2× នឹងធ្វើឲ្យចម្លើយត្រឹមត្រូវបន្ទាប់របស់អ្នកមានតម្លៃទ្វេដង។ ប៉ះវា ហើយវានឹងនាំកាក់ទៅឲ្យស្តេច!,The rainbow 2× crab doubles your next correct answer. Tap it and it carries the coin to your King!,"Walkthrough step 5 of 10: the rainbow 2x crab, which doubles the next correct answer. Spoken to a young child, one or two short sentences."
Localizable,tutorial.step.5,kn,,new,"ಮಳೆಬಿಲ್ಲಿನ 2× ಏಡಿ ನಿನ್ನ ಮುಂದಿನ ಸರಿಯಾದ ಉತ್ತರವನ್ನು ದ್ವಿಗುಣಗೊಳಿಸುತ್ತದೆ. ಅದನ್ನು ಟ್ಯಾಪ್ ಮಾಡು, ಅದು ನಾಣ್ಯವನ್ನು ನಿನ್ನ ರಾಜನಿಗೆ ತಲುಪಿಸುತ್ತದೆ!",The rainbow 2× crab doubles your next correct answer. Tap it and it carries the coin to your King!,"Walkthrough step 5 of 10: the rainbow 2x crab, which doubles the next correct answer. Spoken to a young child, one or two short sentences."
Localizable,tutorial.step.5,ko,,new,무지개 2× 게는 다음 정답의 점수를 두 배로 만들어 줘요. 탭하면 동전을 왕에게 가져가요!,The rainbow 2× crab doubles your next correct answer. Tap it and it carries the coin to your King!,"Walkthrough step 5 of 10: the rainbow 2x crab, which doubles the next correct answer. Spoken to a young child, one or two short sentences."
Localizable,tutorial.step.5,lo,,new,ປູສາຍຮຸ້ງ 2× ຈະເຮັດໃຫ້ຄຳຕອບຖືກຄັ້ງຕໍ່ໄປມີຄ່າສອງເທົ່າ. ແຕະມັນ ແລ້ວມັນຈະນຳຫຼຽນໄປໃຫ້ກະສັດ!,The rainbow 2× crab doubles your next correct answer. Tap it and it carries the coin to your King!,"Walkthrough step 5 of 10: the rainbow 2x crab, which doubles the next correct answer. Spoken to a young child, one or two short sentences."
Localizable,tutorial.step.5,lt,,new,Vaivorykštinis 2× krabas padvigubina kitą tavo teisingą atsakymą. Paliesk jį ir jis nuneš monetą tavo Karaliui!,The rainbow 2× crab doubles your next correct answer. Tap it and it carries the coin to your King!,"Walkthrough step 5 of 10: the rainbow 2x crab, which doubles the next correct answer. Spoken to a young child, one or two short sentences."
Localizable,tutorial.step.5,lv,,new,"Varavīksnes krabis 2× dubulto tavu nākamo pareizo atbildi. Pieskaries tam, un tas aiznesīs monētu tavam Karalim!",The rainbow 2× crab doubles your next correct answer. Tap it and it carries the coin to your King!,"Walkthrough step 5 of 10: the rainbow 2x crab, which doubles the next correct answer. Spoken to a young child, one or two short sentences."
Localizable,tutorial.step.5,mk,,new,Виножитниот рак 2× го удвојува твојот следен точен одговор. Допри го и ќе му ја однесе паричката на твојот Крал!,The rainbow 2× crab doubles your next correct answer. Tap it and it carries the coin to your King!,"Walkthrough step 5 of 10: the rainbow 2x crab, which doubles the next correct answer. Spoken to a young child, one or two short sentences."
Localizable,tutorial.step.5,ml,,new,"മഴവിൽ 2× ഞണ്ട് നിന്റെ അടുത്ത ശരിയായ ഉത്തരത്തെ ഇരട്ടിയാക്കുന്നു. അതിനെ ടാപ്പ് ചെയ്യൂ, നാണയം നിന്റെ രാജാവിന്റെ അടുത്തേക്ക് കൊണ്ടുപോകും!",The rainbow 2× crab doubles your next correct answer. Tap it and it carries the coin to your King!,"Walkthrough step 5 of 10: the rainbow 2x crab, which doubles the next correct answer. Spoken to a young child, one or two short sentences."
Localizable,tutorial.step.5,mn,,new,"Солонгон 2× хавч дараагийн зөв хариуг чинь хоёр дахин нэмэгдүүлнэ. Түүн дээр товшоод, зоосыг Хаанд чинь хүргэ!",The rainbow 2× crab doubles your next correct answer. Tap it and it carries the coin to your King!,"Walkthrough step 5 of 10: the rainbow 2x crab, which doubles the next correct answer. Spoken to a young child, one or two short sentences."
Localizable,tutorial.step.5,mr,,new,इंद्रधनुष्याचा 2× खेकडा तुझं पुढचं बरोबर उत्तर दुप्पट करतो. त्याच्यावर टॅप कर आणि तो नाणं तुझ्या राजापर्यंत नेईल!,The rainbow 2× crab doubles your next correct answer. Tap it and it carries the coin to your King!,"Walkthrough step 5 of 10: the rainbow 2x crab, which doubles the next correct answer. Spoken to a young child, one or two short sentences."
Localizable,tutorial.step.5,ms,,new,Ketam pelangi 2× menggandakan jawapan betul kamu yang seterusnya. Ketik padanya dan ia akan membawa syiling kepada Raja kamu!,The rainbow 2× crab doubles your next correct answer. Tap it and it carries the coin to your King!,"Walkthrough step 5 of 10: the rainbow 2x crab, which doubles the next correct answer. Spoken to a young child, one or two short sentences."
Localizable,tutorial.step.5,my,,new,သက်တံ 2× ကဏန်းက မင်းရဲ့ နောက်အဖြေမှန်ကို နှစ်ဆ ဖြစ်စေတယ်။ တို့လိုက်ရင် ဒင်္ဂါးကို မင်းကြီးဆီ ယူသွားပေးမယ်!,The rainbow 2× crab doubles your next correct answer. Tap it and it carries the coin to your King!,"Walkthrough step 5 of 10: the rainbow 2x crab, which doubles the next correct answer. Spoken to a young child, one or two short sentences."
Localizable,tutorial.step.5,nb,,new,"Regnbuekrabben med 2× dobler det neste riktige svaret ditt. Trykk på den, så bærer den mynten til Kongen din!",The rainbow 2× crab doubles your next correct answer. Tap it and it carries the coin to your King!,"Walkthrough step 5 of 10: the rainbow 2x crab, which doubles the next correct answer. Spoken to a young child, one or two short sentences."
Localizable,tutorial.step.5,ne,,new,इन्द्रेणी 2× गँगटोले तिम्रो अर्को सही उत्तरलाई दोब्बर बनाउँछ। यसमा ट्याप गर र यसले सिक्का तिम्रो राजासम्म पुर्‍याउँछ!,The rainbow 2× crab doubles your next correct answer. Tap it and it carries the coin to your King!,"Walkthrough step 5 of 10: the rainbow 2x crab, which doubles the next correct answer. Spoken to a young child, one or two short sentences."
Localizable,tutorial.step.5,or,,new,"ଇନ୍ଦ୍ରଧନୁ 2× କଙ୍କଡ଼ା ତୁମ ପରବର୍ତ୍ତୀ ସଠିକ୍ ଉତ୍ତରକୁ ଦୁଇଗୁଣ କରେ। ଏହାକୁ ଟ୍ୟାପ୍ କର, ଏହା ମୁଦ୍ରାଟି ତୁମ ରାଜାଙ୍କ ପାଖକୁ ନେଇଯିବ!",The rainbow 2× crab doubles your next correct answer. Tap it and it carries the coin to your King!,"Walkthrough step 5 of 10: the rainbow 2x crab, which doubles the next correct answer. Spoken to a young child, one or two short sentences."
Localizable,tutorial.step.5,pa,,new,ਇੰਦਰਧਨੁਸ਼ 2× ਕੇਕੜਾ ਤੇਰੇ ਅਗਲੇ ਸਹੀ ਜਵਾਬ ਨੂੰ ਦੁੱਗਣਾ ਕਰਦਾ ਹੈ। ਇਸਨੂੰ ਟੈਪ ਕਰ ਅਤੇ ਇਹ ਸਿੱਕਾ ਤੇਰੇ ਰਾਜੇ ਤੱਕ ਲੈ ਜਾਵੇਗਾ!,The rainbow 2× crab doubles your next correct answer. Tap it and it carries the coin to your King!,"Walkthrough step 5 of 10: the rainbow 2x crab, which doubles the next correct answer. Spoken to a young child, one or two short sentences."
Localizable,tutorial.step.5,pl,,new,"Tęczowy krab 2× podwaja twoją następną poprawną odpowiedź. Dotknij go, a zaniesie monetę do twojego Króla!",The rainbow 2× crab doubles your next correct answer. Tap it and it carries the coin to your King!,"Walkthrough step 5 of 10: the rainbow 2x crab, which doubles the next correct answer. Spoken to a young child, one or two short sentences."
Localizable,tutorial.step.5,pt,,new,O caranguejo arco-íris 2× duplica a tua próxima resposta certa. Toca nele e ele leva a moeda ao teu Rei!,The rainbow 2× crab doubles your next correct answer. Tap it and it carries the coin to your King!,"Walkthrough step 5 of 10: the rainbow 2x crab, which doubles the next correct answer. Spoken to a young child, one or two short sentences."
Localizable,tutorial.step.5,ro,,new,Crabul-curcubeu 2× îți dublează următorul răspuns corect. Atinge-l și va duce moneda Regelui tău!,The rainbow 2× crab doubles your next correct answer. Tap it and it carries the coin to your King!,"Walkthrough step 5 of 10: the rainbow 2x crab, which doubles the next correct answer. Spoken to a young child, one or two short sentences."
Localizable,tutorial.step.5,ru,,new,"Радужный краб 2× удваивает твой следующий правильный ответ. Нажми на него, и он доставит монету твоему Королю!",The rainbow 2× crab doubles your next correct answer. Tap it and it carries the coin to your King!,"Walkthrough step 5 of 10: the rainbow 2x crab, which doubles the next correct answer. Spoken to a young child, one or two short sentences."
Localizable,tutorial.step.5,si,,new,"දේදුන්න 2× කකුළුවා ඔයාගේ ඊළඟ හරි උත්තරය දෙගුණ කරනවා. ඒකට ටැප් කරන්න, එයා කාසිය ඔයාගේ රජු ළඟට ගෙන යයි!",The rainbow 2× crab doubles your next correct answer. Tap it and it carries the coin to your King!,"Walkthrough step 5 of 10: the rainbow 2x crab, which doubles the next correct answer. Spoken to a young child, one or two short sentences."
Localizable,tutorial.step.5,sk,,new,Dúhový krab 2× zdvojnásobí tvoju ďalšiu správnu odpoveď. Ťukni naň a donesie mincu ku Kráľovi!,The rainbow 2× crab doubles your next correct answer. Tap it and it carries the coin to your King!,"Walkthrough step 5 of 10: the rainbow 2x crab, which doubles the next correct answer. Spoken to a young child, one or two short sentences."
Localizable,tutorial.step.5,sl,,new,Mavrični rak 2× podvoji tvoj naslednji pravilen odgovor. Tapni ga in kovanec bo odnesel tvojemu Kralju!,The rainbow 2× crab doubles your next correct answer. Tap it and it carries the coin to your King!,"Walkthrough step 5 of 10: the rainbow 2x crab, which doubles the next correct answer. Spoken to a young child, one or two short sentences."
Localizable,tutorial.step.5,sq,,new,Gaforrja ylber 2× dyfishon përgjigjen tënde të ardhshme të saktë. Preke dhe do t’ia çojë monedhën Mbretit tënd!,The rainbow 2× crab doubles your next correct answer. Tap it and it carries the coin to your King!,"Walkthrough step 5 of 10: the rainbow 2x crab, which doubles the next correct answer. Spoken to a young child, one or two short sentences."
Localizable,tutorial.step.5,sr,,new,Дугин рак 2× удвостручује твој следећи тачан одговор. Додирни га и однеће новчић твом Краљу!,The rainbow 2× crab doubles your next correct answer. Tap it and it carries the coin to your King!,"Walkthrough step 5 of 10: the rainbow 2x crab, which doubles the next correct answer. Spoken to a young child, one or two short sentences."
Localizable,tutorial.step.5,sv,,new,Regnbågskrabban med 2× dubblar ditt nästa rätta svar. Tryck på den så bär den myntet till din Kung!,The rainbow 2× crab doubles your next correct answer. Tap it and it carries the coin to your King!,"Walkthrough step 5 of 10: the rainbow 2x crab, which doubles the next correct answer. Spoken to a young child, one or two short sentences."
Localizable,tutorial.step.5,sw,,new,Kaa wa upinde wa mvua 2× huongeza mara mbili jibu lako sahihi linalofuata. Mguse na atapeleka sarafu kwa Mfalme wako!,The rainbow 2× crab doubles your next correct answer. Tap it and it carries the coin to your King!,"Walkthrough step 5 of 10: the rainbow 2x crab, which doubles the next correct answer. Spoken to a young child, one or two short sentences."
Localizable,tutorial.step.5,ta,,new,"வானவில் 2× நண்டு உன் அடுத்த சரியான பதிலை இரட்டிப்பாக்கும். அதைத் தட்டு, அது நாணயத்தை உன் ராஜாவிடம் கொண்டு செல்லும்!",The rainbow 2× crab doubles your next correct answer. Tap it and it carries the coin to your King!,"Walkthrough step 5 of 10: the rainbow 2x crab, which doubles the next correct answer. Spoken to a young child, one or two short sentences."
Localizable,tutorial.step.5,te,,new,"ఇంద్రధనుస్సు 2× పీత నీ తర్వాతి సరైన సమాధానాన్ని రెట్టింపు చేస్తుంది. దానిపై ట్యాప్ చేయి, అది నాణెాన్ని నీ రాజు దగ్గరకు తీసుకెళ్తుంది!",The rainbow 2× crab doubles your next correct answer. Tap it and it carries the coin to your King!,"Walkthrough step 5 of 10: the rainbow 2x crab, which doubles the next correct answer. Spoken to a young child, one or two short sentences."
Localizable,tutorial.step.5,th,,new,ปูสายรุ้ง 2× จะเพิ่มค่าคำตอบที่ถูกต้องครั้งถัดไปเป็นสองเท่า แตะมันแล้วมันจะนำเหรียญไปให้พระราชา!,The rainbow 2× crab doubles your next correct answer. Tap it and it carries the coin to your King!,"Walkthrough step 5 of 10: the rainbow 2x crab, which doubles the next correct answer. Spoken to a young child, one or two short sentences."
Localizable,tutorial.step.5,tr,,new,"Gökkuşağı 2× yengeci bir sonraki doğru cevabını iki katına çıkarır. Ona dokun, parayı Kralına götürsün!",The rainbow 2× crab doubles your next correct answer. Tap it and it carries the coin to your King!,"Walkthrough step 5 of 10: the rainbow 2x crab, which doubles the next correct answer. Spoken to a young child, one or two short sentences."
Localizable,tutorial.step.5,ug,,new,ھەسەن-ھۈسەن 2× قىسقۇچپاقا كېيىنكى توغرا جاۋابىڭىزنى ئىككى ھەسسە قىلىدۇ. ئۇنىڭغا تېگىڭ، تەڭگىنى پادىشاھىڭىزغا يەتكۈزسۇن!,The rainbow 2× crab doubles your next correct answer. Tap it and it carries the coin to your King!,"Walkthrough step 5 of 10: the rainbow 2x crab, which doubles the next correct answer. Spoken to a young child, one or two short sentences."
Localizable,tutorial.step.5,uk,,new,"Райдужний краб 2× подвоює твою наступну правильну відповідь. Торкнися його, і він доставить монету твоєму Королю!",The rainbow 2× crab doubles your next correct answer. Tap it and it carries the coin to your King!,"Walkthrough step 5 of 10: the rainbow 2x crab, which doubles the next correct answer. Spoken to a young child, one or two short sentences."
Localizable,tutorial.step.5,ur,,new,قوسِ قزح والا 2× کیکڑا تمہارے اگلے صحیح جواب کو دگنا کر دیتا ہے۔ اسے چھوؤ اور یہ سکہ بادشاہ تک لے جائے گا!,The rainbow 2× crab doubles your next correct answer. Tap it and it carries the coin to your King!,"Walkthrough step 5 of 10: the rainbow 2x crab, which doubles the next correct answer. Spoken to a young child, one or two short sentences."
Localizable,tutorial.step.5,uz,,new,"Kamalak rangli 2× qisqichbaqa keyingi to‘g‘ri javobingni ikki baravar qiladi. Unga teg, tangani Qirolingga olib borsin!",The rainbow 2× crab doubles your next correct answer. Tap it and it carries the coin to your King!,"Walkthrough step 5 of 10: the rainbow 2x crab, which doubles the next correct answer. Spoken to a young child, one or two short sentences."
Localizable,tutorial.step.5,vi,,new,Con cua cầu vồng 2× sẽ nhân đôi đáp án đúng tiếp theo của bạn. Chạm vào nó để nó mang đồng xu đến cho Đức Vua!,The rainbow 2× crab doubles your next correct answer. Tap it and it carries the coin to your King!,"Walkthrough step 5 of 10: the rainbow 2x crab, which doubles the next correct answer. Spoken to a young child, one or two short sentences."
Localizable,tutorial.step.5,zh,,new,彩虹 2× 螃蟹会让你的下一次正确答案翻倍。点一下它，它就会把金币送到国王身边！,The rainbow 2× crab doubles your next correct answer. Tap it and it carries the coin to your King!,"Walkthrough step 5 of 10: the rainbow 2x crab, which doubles the next correct answer. Spoken to a young child, one or two short sentences."
Localizable,tutorial.step.5,zu,,new,Inkalankala yothingo 2× iphinda kabili impendulo yakho elandelayo elungile. Yithinte ukuze ihambise uhlamvu lwemali eNkosini yakho!,The rainbow 2× crab doubles your next correct answer. Tap it and it carries the coin to your King!,"Walkthrough step 5 of 10: the rainbow 2x crab, which doubles the next correct answer. Spoken to a young child, one or two short sentences."
Localizable,tutorial.step.6,af,,new,Kry vyf regte antwoorde in ’n ry om ’n superbonus te verdien!,Get five correct answers in a row to earn a super bonus!,"Walkthrough step 6 of 10: five right answers in a row earn the super bonus. Spoken to a young child, one or two short sentences."
Localizable,tutorial.step.6,am,,new,አምስት ትክክለኛ መልሶችን በተከታታይ ስጥና ሱፐር ጉርሻ አግኝ!,Get five correct answers in a row to earn a super bonus!,"Walkthrough step 6 of 10: five right answers in a row earn the super bonus. Spoken to a young child, one or two short sentences."
Localizable,tutorial.step.6,ar,,new,أجب خمس إجابات صحيحة متتالية لتحصل على مكافأة خارقة!,Get five correct answers in a row to earn a super bonus!,"Walkthrough step 6 of 10: five right answers in a row earn the super bonus. Spoken to a young child, one or two short sentences."
Localizable,tutorial.step.6,as,,new,একেৰাহে পাঁচটা শুদ্ধ উত্তৰ দি ছুপাৰ বোনাছ জিকা!,Get five correct answers in a row to earn a super bonus!,"Walkthrough step 6 of 10: five right answers in a row earn the super bonus. Spoken to a young child, one or two short sentences."
Localizable,tutorial.step.6,az,,new,Beş düzgün cavabı ardıcıl ver və super bonus qazan!,Get five correct answers in a row to earn a super bonus!,"Walkthrough step 6 of 10: five right answers in a row earn the super bonus. Spoken to a young child, one or two short sentences."
Localizable,tutorial.step.6,be,,new,"Дай пяць правільных адказаў запар, каб атрымаць супербонус!",Get five correct answers in a row to earn a super bonus!,"Walkthrough step 6 of 10: five right answers in a row earn the super bonus. Spoken to a young child, one or two short sentences."
Localizable,tutorial.step.6,bg,,new,"Дай пет верни отговора поред, за да спечелиш супер бонус!",Get five correct answers in a row to earn a super bonus!,"Walkthrough step 6 of 10: five right answers in a row earn the super bonus. Spoken to a young child, one or two short sentences."
Localizable,tutorial.step.6,bn,,new,টানা পাঁচটি সঠিক উত্তর দিয়ে সুপার বোনাস জিতো!,Get five correct answers in a row to earn a super bonus!,"Walkthrough step 6 of 10: five right answers in a row earn the super bonus. Spoken to a young child, one or two short sentences."
Localizable,tutorial.step.6,bo,,new,ལན་འགྲིག་པ་ལྔ་བསྟུད་མར་བཏབ་ནས་བྱ་དགའ་ཆེན་པོ་ལོངས།,Get five correct answers in a row to earn a super bonus!,"Walkthrough step 6 of 10: five right answers in a row earn the super bonus. Spoken to a young child, one or two short sentences."
Localizable,tutorial.step.6,bs,,new,Daj pet tačnih odgovora zaredom i osvoji super bonus!,Get five correct answers in a row to earn a super bonus!,"Walkthrough step 6 of 10: five right answers in a row earn the super bonus. Spoken to a young child, one or two short sentences."
Localizable,tutorial.step.6,ca,,new,Encerta cinc respostes seguides per guanyar un superbònus!,Get five correct answers in a row to earn a super bonus!,"Walkthrough step 6 of 10: five right answers in a row earn the super bonus. Spoken to a young child, one or two short sentences."
Localizable,tutorial.step.6,cs,,new,Odpověz pětkrát správně za sebou a získáš superbonus!,Get five correct answers in a row to earn a super bonus!,"Walkthrough step 6 of 10: five right answers in a row earn the super bonus. Spoken to a young child, one or two short sentences."
Localizable,tutorial.step.6,cy,,new,Cael pum ateb cywir yn olynol i ennill bonws gwych!,Get five correct answers in a row to earn a super bonus!,"Walkthrough step 6 of 10: five right answers in a row earn the super bonus. Spoken to a young child, one or two short sentences."
Localizable,tutorial.step.6,da,,new,Få fem rigtige svar i træk for at få en superbonus!,Get five correct answers in a row to earn a super bonus!,"Walkthrough step 6 of 10: five right answers in a row earn the super bonus. Spoken to a young child, one or two short sentences."
Localizable,tutorial.step.6,de,,new,Schaffe fünf richtige Antworten hintereinander und du bekommst einen Superbonus!,Get five correct answers in a row to earn a super bonus!,"Walkthrough step 6 of 10: five right answers in a row earn the super bonus. Spoken to a young child, one or two short sentences."
Localizable,tutorial.step.6,el,,new,Δώσε πέντε σωστές απαντήσεις στη σειρά για να κερδίσεις σούπερ μπόνους!,Get five correct answers in a row to earn a super bonus!,"Walkthrough step 6 of 10: five right answers in a row earn the super bonus. Spoken to a young child, one or two short sentences."
Localizable,tutorial.step.6,es,,new,¡Consigue cinco respuestas correctas seguidas para ganar un súper bonus!,Get five correct answers in a row to earn a super bonus!,"Walkthrough step 6 of 10: five right answers in a row earn the super bonus. Spoken to a young child, one or two short sentences."
Localizable,tutorial.step.6,et,,new,Vasta viis korda järjest õigesti ja teeni superboonus!,Get five correct answers in a row to earn a super bonus!,"Walkthrough step 6 of 10: five right answers in a row earn the super bonus. Spoken to a young child, one or two short sentences."
Localizable,tutorial.step.6,eu,,new,Eman bost erantzun zuzen jarraian superbonusa irabazteko!,Get five correct answers in a row to earn a super bonus!,"Walkthrough step 6 of 10: five right answers in a row earn the super bonus. Spoken to a young child, one or two short sentences."
Localizable,tutorial.step.6,fa,,new,پنج جواب درست پشت سر هم بده تا یک جایزهٔ ویژه بگیری!,Get five correct answers in a row to earn a super bonus!,"Walkthrough step 6 of 10: five right answers in a row earn the super bonus. Spoken to a young child, one or two short sentences."
Localizable,tutorial.step.6,fi,,new,Vastaa oikein viisi kertaa peräkkäin ja ansaitse superbonus!,Get five correct answers in a row to earn a super bonus!,"Walkthrough step 6 of 10: five right answers in a row earn the super bonus. Spoken to a young child, one or two short sentences."
Localizable,tutorial.step.6,fo,,new,Fá fimm røtt svar á rað og vinn ein superbonus!,Get five correct answers in a row to earn a super bonus!,"Walkthrough step 6 of 10: five right answers in a row earn the super bonus. Spoken to a young child, one or two short sentences."
Localizable,tutorial.step.6,fr,,new,Donne cinq bonnes réponses de suite pour gagner un super bonus !,Get five correct answers in a row to earn a super bonus!,"Walkthrough step 6 of 10: five right answers in a row earn the super bonus. Spoken to a young child, one or two short sentences."
Localizable,tutorial.step.6,ga,,new,Faigh cúig fhreagra chearta as a chéile chun sárbhónas a thuilleamh!,Get five correct answers in a row to earn a super bonus!,"Walkthrough step 6 of 10: five right answers in a row earn the super bonus. Spoken to a young child, one or two short sentences."
Localizable,tutorial.step.6,gl,,new,Acerta cinco respostas seguidas para gañar un superbónus!,Get five correct answers in a row to earn a super bonus!,"Walkthrough step 6 of 10: five right answers in a row earn the super bonus. Spoken to a young child, one or two short sentences."
Localizable,tutorial.step.6,gu,,new,સળંગ પાંચ સાચા જવાબ આપીને સુપર બોનસ મેળવો!,Get five correct answers in a row to earn a super bonus!,"Walkthrough step 6 of 10: five right answers in a row earn the super bonus. Spoken to a young child, one or two short sentences."
Localizable,tutorial.step.6,he,,new,חמש תשובות נכונות ברצף מזכות בבונוס־על!,Get five correct answers in a row to earn a super bonus!,"Walkthrough step 6 of 10: five right answers in a row earn the super bonus. Spoken to a young child, one or two short sentences."
Localizable,tutorial.step.6,hi,,new,लगातार पाँच सही जवाब देकर सुपर बोनस कमाओ!,Get five correct answers in a row to earn a super bonus!,"Walkthrough step 6 of 10: five right answers in a row earn the super bonus. Spoken to a young child, one or two short sentences."
Localizable,tutorial.step.6,hr,,new,Odgovori točno pet puta zaredom i osvoji super bonus!,Get five correct answers in a row to earn a super bonus!,"Walkthrough step 6 of 10: five right answers in a row earn the super bonus. Spoken to a young child, one or two short sentences."
Localizable,tutorial.step.6,hu,,new,"Adj öt helyes választ egymás után, és szerezz szuperbónuszt!",Get five correct answers in a row to earn a super bonus!,"Walkthrough step 6 of 10: five right answers in a row earn the super bonus. Spoken to a young child, one or two short sentences."
Localizable,tutorial.step.6,hy,,new,Հինգ ճիշտ պատասխան տուր անընդմեջ և ստացիր սուպեր բոնուս։,Get five correct answers in a row to earn a super bonus!,"Walkthrough step 6 of 10: five right answers in a row earn the super bonus. Spoken to a young child, one or two short sentences."
Localizable,tutorial.step.6,id,,new,Jawab benar lima kali berturut-turut untuk mendapatkan bonus super!,Get five correct answers in a row to earn a super bonus!,"Walkthrough step 6 of 10: five right answers in a row earn the super bonus. Spoken to a young child, one or two short sentences."
Localizable,tutorial.step.6,is,,new,Fáðu fimm rétt svör í röð til að vinna ofurbónus!,Get five correct answers in a row to earn a super bonus!,"Walkthrough step 6 of 10: five right answers in a row earn the super bonus. Spoken to a young child, one or two short sentences."
Localizable,tutorial.step.6,it,,new,Dai cinque risposte giuste di fila per ottenere un super bonus!,Get five correct answers in a row to earn a super bonus!,"Walkthrough step 6 of 10: five right answers in a row earn the super bonus. Spoken to a young child, one or two short sentences."
Localizable,tutorial.step.6,ja,,new,5問連続で正解すると、スーパーボーナスがもらえるよ！,Get five correct answers in a row to earn a super bonus!,"Walkthrough step 6 of 10: five right answers in a row earn the super bonus. Spoken to a young child, one or two short sentences."
Localizable,tutorial.step.6,ka,,new,ზედიზედ ხუთ სწორ პასუხს გაეცი და სუპერბონუსი მიიღე!,Get five correct answers in a row to earn a super bonus!,"Walkthrough step 6 of 10: five right answers in a row earn the super bonus. Spoken to a young child, one or two short sentences."
Localizable,tutorial.step.6,kk,,new,"Қатарынан бес дұрыс жауап беріп, супербонус ал!",Get five correct answers in a row to earn a super bonus!,"Walkthrough step 6 of 10: five right answers in a row earn the super bonus. Spoken to a young child, one or two short sentences."
Localizable,tutorial.step.6,km,,new,ឆ្លើយត្រឹមត្រូវប្រាំដងជាប់គ្នា ដើម្បីទទួលបានបូណុសពិសេស!,Get five correct answers in a row to earn a super bonus!,"Walkthrough step 6 of 10: five right answers in a row earn the super bonus. Spoken to a young child, one or two short sentences."
Localizable,tutorial.step.6,kn,,new,ಸತತ ಐದು ಸರಿಯಾದ ಉತ್ತರಗಳನ್ನು ನೀಡಿ ಸೂಪರ್ ಬೋನಸ್ ಗಳಿಸು!,Get five correct answers in a row to earn a super bonus!,"Walkthrough step 6 of 10: five right answers in a row earn the super bonus. Spoken to a young child, one or two short sentences."
Localizable,tutorial.step.6,ko,,new,정답을 다섯 번 연속으로 맞히면 슈퍼 보너스를 받아요!,Get five correct answers in a row to earn a super bonus!,"Walkthrough step 6 of 10: five right answers in a row earn the super bonus. Spoken to a young child, one or two short sentences."
Localizable,tutorial.step.6,lo,,new,ຕອບຖືກຕິດຕໍ່ກັນຫ້າຂໍ້ ເພື່ອຮັບໂບນັດພິເສດ!,Get five correct answers in a row to earn a super bonus!,"Walkthrough step 6 of 10: five right answers in a row earn the super bonus. Spoken to a young child, one or two short sentences."
Localizable,tutorial.step.6,lt,,new,Atsakyk teisingai penkis kartus iš eilės ir gauk superpremiją!,Get five correct answers in a row to earn a super bonus!,"Walkthrough step 6 of 10: five right answers in a row earn the super bonus. Spoken to a young child, one or two short sentences."
Localizable,tutorial.step.6,lv,,new,Atbildi pareizi piecas reizes pēc kārtas un nopelni superbonusu!,Get five correct answers in a row to earn a super bonus!,"Walkthrough step 6 of 10: five right answers in a row earn the super bonus. Spoken to a young child, one or two short sentences."
Localizable,tutorial.step.6,mk,,new,Дај пет точни одговори по ред за да освоиш супер бонус!,Get five correct answers in a row to earn a super bonus!,"Walkthrough step 6 of 10: five right answers in a row earn the super bonus. Spoken to a young child, one or two short sentences."
Localizable,tutorial.step.6,ml,,new,തുടർച്ചയായി അഞ്ച് ശരിയായ ഉത്തരങ്ങൾ നൽകി സൂപ്പർ ബോണസ് നേടൂ!,Get five correct answers in a row to earn a super bonus!,"Walkthrough step 6 of 10: five right answers in a row earn the super bonus. Spoken to a young child, one or two short sentences."
Localizable,tutorial.step.6,mn,,new,"Таван удаа дараалан зөв хариулж, супер бонус аваарай!",Get five correct answers in a row to earn a super bonus!,"Walkthrough step 6 of 10: five right answers in a row earn the super bonus. Spoken to a young child, one or two short sentences."
Localizable,tutorial.step.6,mr,,new,सलग पाच बरोबर उत्तरे देऊन सुपर बोनस मिळव!,Get five correct answers in a row to earn a super bonus!,"Walkthrough step 6 of 10: five right answers in a row earn the super bonus. Spoken to a young child, one or two short sentences."
Localizable,tutorial.step.6,ms,,new,Dapatkan lima jawapan betul berturut-turut untuk memperoleh bonus super!,Get five correct answers in a row to earn a super bonus!,"Walkthrough step 6 of 10: five right answers in a row earn the super bonus. Spoken to a young child, one or two short sentences."
Localizable,tutorial.step.6,my,,new,အဖြေမှန် ငါးခုပြိုင်တူ ဆက်တိုက်ရရင် စူပါဘောနပ်စ် ရမယ်!,Get five correct answers in a row to earn a super bonus!,"Walkthrough step 6 of 10: five right answers in a row earn the super bonus. Spoken to a young child, one or two short sentences."
Localizable,tutorial.step.6,nb,,new,Få fem riktige svar på rad for å tjene en superbonus!,Get five correct answers in a row to earn a super bonus!,"Walkthrough step 6 of 10: five right answers in a row earn the super bonus. Spoken to a young child, one or two short sentences."
Localizable,tutorial.step.6,ne,,new,लगातार पाँच सही उत्तर दिएर सुपर बोनस कमाऊ!,Get five correct answers in a row to earn a super bonus!,"Walkthrough step 6 of 10: five right answers in a row earn the super bonus. Spoken to a young child, one or two short sentences."
Localizable,tutorial.step.6,or,,new,ଲଗାତାର ପାଞ୍ଚଟି ସଠିକ୍ ଉତ୍ତର ଦେଇ ସୁପର ବୋନସ୍ ଜିତ!,Get five correct answers in a row to earn a super bonus!,"Walkthrough step 6 of 10: five right answers in a row earn the super bonus. Spoken to a young child, one or two short sentences."
Localizable,tutorial.step.6,pa,,new,ਲਗਾਤਾਰ ਪੰਜ ਸਹੀ ਜਵਾਬ ਦੇ ਕੇ ਸੁਪਰ ਬੋਨਸ ਜਿੱਤ!,Get five correct answers in a row to earn a super bonus!,"Walkthrough step 6 of 10: five right answers in a row earn the super bonus. Spoken to a young child, one or two short sentences."
Localizable,tutorial.step.6,pl,,new,"Odpowiedz poprawnie pięć razy z rzędu, aby zdobyć superbonus!",Get five correct answers in a row to earn a super bonus!,"Walkthrough step 6 of 10: five right answers in a row earn the super bonus. Spoken to a young child, one or two short sentences."
Localizable,tutorial.step.6,pt,,new,Acerta cinco respostas seguidas para ganhares um super bónus!,Get five correct answers in a row to earn a super bonus!,"Walkthrough step 6 of 10: five right answers in a row earn the super bonus. Spoken to a young child, one or two short sentences."
Localizable,tutorial.step.6,ro,,new,Dă cinci răspunsuri corecte la rând pentru a câștiga un superbonus!,Get five correct answers in a row to earn a super bonus!,"Walkthrough step 6 of 10: five right answers in a row earn the super bonus. Spoken to a young child, one or two short sentences."
Localizable,tutorial.step.6,ru,,new,"Ответь правильно пять раз подряд, чтобы получить супербонус!",Get five correct answers in a row to earn a super bonus!,"Walkthrough step 6 of 10: five right answers in a row earn the super bonus. Spoken to a young child, one or two short sentences."
Localizable,tutorial.step.6,si,,new,එක දිගට හරි උත්තර පහක් දීලා සුපිරි බෝනස් එකක් ගන්න!,Get five correct answers in a row to earn a super bonus!,"Walkthrough step 6 of 10: five right answers in a row earn the super bonus. Spoken to a young child, one or two short sentences."
Localizable,tutorial.step.6,sk,,new,Odpovedz päťkrát správne za sebou a získaš superbonus!,Get five correct answers in a row to earn a super bonus!,"Walkthrough step 6 of 10: five right answers in a row earn the super bonus. Spoken to a young child, one or two short sentences."
Localizable,tutorial.step.6,sl,,new,Odgovori pravilno petkrat zapored in si prisluži superbonus!,Get five correct answers in a row to earn a super bonus!,"Walkthrough step 6 of 10: five right answers in a row earn the super bonus. Spoken to a young child, one or two short sentences."
Localizable,tutorial.step.6,sq,,new,Jep pesë përgjigje të sakta radhazi për të fituar një superbonus!,Get five correct answers in a row to earn a super bonus!,"Walkthrough step 6 of 10: five right answers in a row earn the super bonus. Spoken to a young child, one or two short sentences."
Localizable,tutorial.step.6,sr,,new,Одговори тачно пет пута заредом и освоји супер бонус!,Get five correct answers in a row to earn a super bonus!,"Walkthrough step 6 of 10: five right answers in a row earn the super bonus. Spoken to a young child, one or two short sentences."
Localizable,tutorial.step.6,sv,,new,Få fem rätta svar i rad för att få en superbonus!,Get five correct answers in a row to earn a super bonus!,"Walkthrough step 6 of 10: five right answers in a row earn the super bonus. Spoken to a young child, one or two short sentences."
Localizable,tutorial.step.6,sw,,new,Pata majibu matano sahihi mfululizo ili ushinde bonasi kubwa!,Get five correct answers in a row to earn a super bonus!,"Walkthrough step 6 of 10: five right answers in a row earn the super bonus. Spoken to a young child, one or two short sentences."
Localizable,tutorial.step.6,ta,,new,தொடர்ந்து ஐந்து சரியான பதில்களை அளித்து சூப்பர் போனஸ் வெல்!,Get five correct answers in a row to earn a super bonus!,"Walkthrough step 6 of 10: five right answers in a row earn the super bonus. Spoken to a young child, one or two short sentences."
Localizable,tutorial.step.6,te,,new,వరుసగా ఐదు సరైన సమాధానాలు ఇచ్చి సూపర్ బోనస్ గెలుచుకో!,Get five correct answers in a row to earn a super bonus!,"Walkthrough step 6 of 10: five right answers in a row earn the super bonus. Spoken to a young child, one or two short sentences."
Localizable,tutorial.step.6,th,,new,ตอบถูกติดต่อกันห้าข้อเพื่อรับซูเปอร์โบนัส!,Get five correct answers in a row to earn a super bonus!,"Walkthrough step 6 of 10: five right answers in a row earn the super bonus. Spoken to a young child, one or two short sentences."
Localizable,tutorial.step.6,tr,,new,Arka arkaya beş doğru cevap vererek süper bonus kazan!,Get five correct answers in a row to earn a super bonus!,"Walkthrough step 6 of 10: five right answers in a row earn the super bonus. Spoken to a young child, one or two short sentences."
Localizable,tutorial.step.6,ug,,new,ئۇدا بەش توغرا جاۋاب بېرىپ، دەرىجىدىن تاشقىرى مۇكاپاتقا ئېرىشىڭ!,Get five correct answers in a row to earn a super bonus!,"Walkthrough step 6 of 10: five right answers in a row earn the super bonus. Spoken to a young child, one or two short sentences."
Localizable,tutorial.step.6,uk,,new,"Дай п’ять правильних відповідей поспіль, щоб отримати супербонус!",Get five correct answers in a row to earn a super bonus!,"Walkthrough step 6 of 10: five right answers in a row earn the super bonus. Spoken to a young child, one or two short sentences."
Localizable,tutorial.step.6,ur,,new,لگاتار پانچ صحیح جواب دو اور سپر بونس جیتو!,Get five correct answers in a row to earn a super bonus!,"Walkthrough step 6 of 10: five right answers in a row earn the super bonus. Spoken to a young child, one or two short sentences."
Localizable,tutorial.step.6,uz,,new,"Ketma-ket beshta to‘g‘ri javob berib, superbonus yut!",Get five correct answers in a row to earn a super bonus!,"Walkthrough step 6 of 10: five right answers in a row earn the super bonus. Spoken to a young child, one or two short sentences."
Localizable,tutorial.step.6,vi,,new,Trả lời đúng năm câu liên tiếp để nhận siêu thưởng!,Get five correct answers in a row to earn a super bonus!,"Walkthrough step 6 of 10: five right answers in a row earn the super bonus. Spoken to a young child, one or two short sentences."
Localizable,tutorial.step.6,zh,,new,连续答对五题，就能获得超级奖励！,Get five correct answers in a row to earn a super bonus!,"Walkthrough step 6 of 10: five right answers in a row earn the super bonus. Spoken to a young child, one or two short sentences."
Localizable,tutorial.step.6,zu,,new,Thola izimpendulo ezinhlanu ezilungile zilandelana ukuze uthole ibhonasi enkulu!,Get five correct answers in a row to earn a super bonus!,"Walkthrough step 6 of 10: five right answers in a row earn the super bonus. Spoken to a young child, one or two short sentences."
Localizable,tutorial.step.7,af,,new,"Superbonus! Die krappe word goud, marsjeer vinniger en elke regte antwoord is dubbel werd.","Super bonus! The crabs turn gold, they march faster, and every right answer is worth double.","Walkthrough step 7 of 10: the super bonus is running — gold crabs, faster marching, double value. Spoken to a young child, one or two short sentences."
Localizable,tutorial.step.7,am,,new,ሱፐር ጉርሻ! ሸርጣኖቹ ወርቃማ ይሆናሉ፣ ፈጣን ይሄዳሉ፣ እያንዳንዱም ትክክለኛ መልስ እጥፍ ዋጋ ይኖረዋል።,"Super bonus! The crabs turn gold, they march faster, and every right answer is worth double.","Walkthrough step 7 of 10: the super bonus is running — gold crabs, faster marching, double value. Spoken to a young child, one or two short sentences."
Localizable,tutorial.step.7,ar,,new,مكافأة خارقة! تصبح السرطانات ذهبية، وتتحرك أسرع، وتصبح كل إجابة صحيحة بقيمة مضاعفة.,"Super bonus! The crabs turn gold, they march faster, and every right answer is worth double.","Walkthrough step 7 of 10: the super bonus is running — gold crabs, faster marching, double value. Spoken to a young child, one or two short sentences."
Localizable,tutorial.step.7,as,,new,"ছুপাৰ বোনাছ! কেঁকোৰাবোৰ সোণালী হয়, বেছি বেগেৰে যায় আৰু প্ৰতিটো শুদ্ধ উত্তৰৰ মূল্য দুগুণ হয়।","Super bonus! The crabs turn gold, they march faster, and every right answer is worth double.","Walkthrough step 7 of 10: the super bonus is running — gold crabs, faster marching, double value. Spoken to a young child, one or two short sentences."
Localizable,tutorial.step.7,az,,new,"Super bonus! Xərçənglər qızılı olur, daha sürətli irəliləyir və hər düzgün cavab ikiqat dəyər qazanır.","Super bonus! The crabs turn gold, they march faster, and every right answer is worth double.","Walkthrough step 7 of 10: the super bonus is running — gold crabs, faster marching, double value. Spoken to a young child, one or two short sentences."
Localizable,tutorial.step.7,be,,new,"Супербонус! Крабы становяцца залатымі, ідуць хутчэй, а кожны правільны адказ прыносіць удвая больш.","Super bonus! The crabs turn gold, they march faster, and every right answer is worth double.","Walkthrough step 7 of 10: the super bonus is running — gold crabs, faster marching, double value. Spoken to a young child, one or two short sentences."
Localizable,tutorial.step.7,bg,,new,"Супер бонус! Раците стават златни, маршируват по-бързо и всеки верен отговор носи двойно.","Super bonus! The crabs turn gold, they march faster, and every right answer is worth double.","Walkthrough step 7 of 10: the super bonus is running — gold crabs, faster marching, double value. Spoken to a young child, one or two short sentences."
Localizable,tutorial.step.7,bn,,new,"সুপার বোনাস! কাঁকড়াগুলো সোনালি হয়ে যায়, আরও দ্রুত চলে, আর প্রতিটি সঠিক উত্তরের মূল্য দ্বিগুণ হয়।","Super bonus! The crabs turn gold, they march faster, and every right answer is worth double.","Walkthrough step 7 of 10: the super bonus is running — gold crabs, faster marching, double value. Spoken to a young child, one or two short sentences."
Localizable,tutorial.step.7,bo,,new,བྱ་དགའ་ཆེན་པོ! སྡིག་སྲིན་ཚོ་གསེར་མདོག་ཆགས་ནས་མགྱོགས་པོ་འགྲོ་བ་དང་། ལན་འགྲིག་པ་རེ་རེའི་རིན་ཐང་ཉིས་འགྱུར་ཡིན།,"Super bonus! The crabs turn gold, they march faster, and every right answer is worth double.","Walkthrough step 7 of 10: the super bonus is running — gold crabs, faster marching, double value. Spoken to a young child, one or two short sentences."
Localizable,tutorial.step.7,bs,,new,"Super bonus! Rakovi postaju zlatni, marširaju brže, a svaki tačan odgovor vrijedi dvostruko.","Super bonus! The crabs turn gold, they march faster, and every right answer is worth double.","Walkthrough step 7 of 10: the super bonus is running — gold crabs, faster marching, double value. Spoken to a young child, one or two short sentences."
Localizable,tutorial.step.7,ca,,new,"Superbònus! Els crancs es tornen daurats, avancen més de pressa i cada resposta correcta val el doble.","Super bonus! The crabs turn gold, they march faster, and every right answer is worth double.","Walkthrough step 7 of 10: the super bonus is running — gold crabs, faster marching, double value. Spoken to a young child, one or two short sentences."
Localizable,tutorial.step.7,cs,,new,"Superbonus! Krabi zezlátnou, pochodují rychleji a každá správná odpověď má dvojnásobnou hodnotu.","Super bonus! The crabs turn gold, they march faster, and every right answer is worth double.","Walkthrough step 7 of 10: the super bonus is running — gold crabs, faster marching, double value. Spoken to a young child, one or two short sentences."
Localizable,tutorial.step.7,cy,,new,"Bonws gwych! Mae’r crancod yn troi’n aur, yn gorymdeithio’n gynt, ac mae pob ateb cywir werth dwbl.","Super bonus! The crabs turn gold, they march faster, and every right answer is worth double.","Walkthrough step 7 of 10: the super bonus is running — gold crabs, faster marching, double value. Spoken to a young child, one or two short sentences."
Localizable,tutorial.step.7,da,,new,"Superbonus! Krabberne bliver gyldne, marcherer hurtigere, og hvert rigtigt svar er dobbelt så meget værd.","Super bonus! The crabs turn gold, they march faster, and every right answer is worth double.","Walkthrough step 7 of 10: the super bonus is running — gold crabs, faster marching, double value. Spoken to a young child, one or two short sentences."
Localizable,tutorial.step.7,de,,new,"Superbonus! Die Krabben werden golden, marschieren schneller und jede richtige Antwort zählt doppelt.","Super bonus! The crabs turn gold, they march faster, and every right answer is worth double.","Walkthrough step 7 of 10: the super bonus is running — gold crabs, faster marching, double value. Spoken to a young child, one or two short sentences."
Localizable,tutorial.step.7,el,,new,"Σούπερ μπόνους! Τα καβούρια γίνονται χρυσά, προχωρούν πιο γρήγορα και κάθε σωστή απάντηση αξίζει διπλά.","Super bonus! The crabs turn gold, they march faster, and every right answer is worth double.","Walkthrough step 7 of 10: the super bonus is running — gold crabs, faster marching, double value. Spoken to a young child, one or two short sentences."
Localizable,tutorial.step.7,es,,new,"¡Súper bonus! Los cangrejos se vuelven dorados, avanzan más rápido y cada respuesta correcta vale el doble.","Super bonus! The crabs turn gold, they march faster, and every right answer is worth double.","Walkthrough step 7 of 10: the super bonus is running — gold crabs, faster marching, double value. Spoken to a young child, one or two short sentences."
Localizable,tutorial.step.7,et,,new,"Superboonus! Krabid muutuvad kuldseks, marsivad kiiremini ja iga õige vastus on väärt topelt.","Super bonus! The crabs turn gold, they march faster, and every right answer is worth double.","Walkthrough step 7 of 10: the super bonus is running — gold crabs, faster marching, double value. Spoken to a young child, one or two short sentences."
Localizable,tutorial.step.7,eu,,new,"Superbonusa! Karramarroak urre-koloreko bihurtzen dira, azkarrago doaz eta erantzun zuzen bakoitzak bikoitza balio du.","Super bonus! The crabs turn gold, they march faster, and every right answer is worth double.","Walkthrough step 7 of 10: the super bonus is running — gold crabs, faster marching, double value. Spoken to a young child, one or two short sentences."
Localizable,tutorial.step.7,fa,,new,جایزهٔ ویژه! خرچنگ‌ها طلایی می‌شوند، سریع‌تر حرکت می‌کنند و هر جواب درست دو برابر ارزش دارد.,"Super bonus! The crabs turn gold, they march faster, and every right answer is worth double.","Walkthrough step 7 of 10: the super bonus is running — gold crabs, faster marching, double value. Spoken to a young child, one or two short sentences."
Localizable,tutorial.step.7,fi,,new,"Superbonus! Ravut muuttuvat kultaisiksi, marssivat nopeammin ja jokainen oikea vastaus on tuplasti arvokkaampi.","Super bonus! The crabs turn gold, they march faster, and every right answer is worth double.","Walkthrough step 7 of 10: the super bonus is running — gold crabs, faster marching, double value. Spoken to a young child, one or two short sentences."
Localizable,tutorial.step.7,fo,,new,"Superbonus! Krabbarnir verða gyltir, marsjera skjótari, og hvørt rætt svar er tvífalt vert.","Super bonus! The crabs turn gold, they march faster, and every right answer is worth double.","Walkthrough step 7 of 10: the super bonus is running — gold crabs, faster marching, double value. Spoken to a young child, one or two short sentences."
Localizable,tutorial.step.7,fr,,new,"Super bonus ! Les crabes deviennent dorés, avancent plus vite et chaque bonne réponse vaut le double.","Super bonus! The crabs turn gold, they march faster, and every right answer is worth double.","Walkthrough step 7 of 10: the super bonus is running — gold crabs, faster marching, double value. Spoken to a young child, one or two short sentences."
Localizable,tutorial.step.7,ga,,new,"Sárbhónas! Éiríonn na portáin órga, máirseálann siad níos tapúla, agus is fiú a dhá oiread gach freagra ceart.","Super bonus! The crabs turn gold, they march faster, and every right answer is worth double.","Walkthrough step 7 of 10: the super bonus is running — gold crabs, faster marching, double value. Spoken to a young child, one or two short sentences."
Localizable,tutorial.step.7,gl,,new,"Superbónus! Os cangrexos vólvense dourados, avanzan máis rápido e cada resposta correcta vale o dobre.","Super bonus! The crabs turn gold, they march faster, and every right answer is worth double.","Walkthrough step 7 of 10: the super bonus is running — gold crabs, faster marching, double value. Spoken to a young child, one or two short sentences."
Localizable,tutorial.step.7,gu,,new,"સુપર બોનસ! કરચલા સોનેરી બને છે, વધુ ઝડપથી ચાલે છે અને દરેક સાચા જવાબની કિંમત બમણી થાય છે.","Super bonus! The crabs turn gold, they march faster, and every right answer is worth double.","Walkthrough step 7 of 10: the super bonus is running — gold crabs, faster marching, double value. Spoken to a young child, one or two short sentences."
Localizable,tutorial.step.7,he,,new,"בונוס־על! הסרטנים הופכים לזהובים, מתקדמים מהר יותר, וכל תשובה נכונה שווה פי שניים.","Super bonus! The crabs turn gold, they march faster, and every right answer is worth double.","Walkthrough step 7 of 10: the super bonus is running — gold crabs, faster marching, double value. Spoken to a young child, one or two short sentences."
Localizable,tutorial.step.7,hi,,new,"सुपर बोनस! केकड़े सुनहरे हो जाते हैं, तेज़ चलते हैं और हर सही जवाब की कीमत दोगुनी हो जाती है।","Super bonus! The crabs turn gold, they march faster, and every right answer is worth double.","Walkthrough step 7 of 10: the super bonus is running — gold crabs, faster marching, double value. Spoken to a young child, one or two short sentences."
Localizable,tutorial.step.7,hr,,new,"Super bonus! Rakovi postaju zlatni, marširaju brže, a svaki točan odgovor vrijedi dvostruko.","Super bonus! The crabs turn gold, they march faster, and every right answer is worth double.","Walkthrough step 7 of 10: the super bonus is running — gold crabs, faster marching, double value. Spoken to a young child, one or two short sentences."
Localizable,tutorial.step.7,hu,,new,"Szuperbónusz! A rákok aranyszínűvé válnak, gyorsabban menetelnek, és minden helyes válasz kétszer annyit ér.","Super bonus! The crabs turn gold, they march faster, and every right answer is worth double.","Walkthrough step 7 of 10: the super bonus is running — gold crabs, faster marching, double value. Spoken to a young child, one or two short sentences."
Localizable,tutorial.step.7,hy,,new,"Սուպեր բոնուս։ Խեցգետինները դառնում են ոսկեգույն, ավելի արագ են գնում, իսկ յուրաքանչյուր ճիշտ պատասխան կրկնակի արժեք ունի։","Super bonus! The crabs turn gold, they march faster, and every right answer is worth double.","Walkthrough step 7 of 10: the super bonus is running — gold crabs, faster marching, double value. Spoken to a young child, one or two short sentences."
Localizable,tutorial.step.7,id,,new,"Bonus super! Kepiting berubah menjadi emas, berjalan lebih cepat, dan setiap jawaban benar bernilai dua kali lipat.","Super bonus! The crabs turn gold, they march faster, and every right answer is worth double.","Walkthrough step 7 of 10: the super bonus is running — gold crabs, faster marching, double value. Spoken to a young child, one or two short sentences."
Localizable,tutorial.step.7,is,,new,"Ofurbónus! Krabbarnir verða gullnir, ganga hraðar og hvert rétt svar er tvöfalt meira virði.","Super bonus! The crabs turn gold, they march faster, and every right answer is worth double.","Walkthrough step 7 of 10: the super bonus is running — gold crabs, faster marching, double value. Spoken to a young child, one or two short sentences."
Localizable,tutorial.step.7,it,,new,"Super bonus! I granchi diventano dorati, marciano più veloci e ogni risposta giusta vale il doppio.","Super bonus! The crabs turn gold, they march faster, and every right answer is worth double.","Walkthrough step 7 of 10: the super bonus is running — gold crabs, faster marching, double value. Spoken to a young child, one or two short sentences."
Localizable,tutorial.step.7,ja,,new,スーパーボーナス！ カニが金色になって速く進み、正解するたびに2倍の点がもらえるよ。,"Super bonus! The crabs turn gold, they march faster, and every right answer is worth double.","Walkthrough step 7 of 10: the super bonus is running — gold crabs, faster marching, double value. Spoken to a young child, one or two short sentences."
Localizable,tutorial.step.7,ka,,new,"სუპერბონუსი! კიბორჩხალები ოქროსფერი ხდებიან, უფრო სწრაფად მიდიან და ყოველი სწორი პასუხი ორმაგად ფასობს.","Super bonus! The crabs turn gold, they march faster, and every right answer is worth double.","Walkthrough step 7 of 10: the super bonus is running — gold crabs, faster marching, double value. Spoken to a young child, one or two short sentences."
Localizable,tutorial.step.7,kk,,new,"Супербонус! Шаяндар алтын түске боялады, жылдамырақ жүреді және әр дұрыс жауап екі есе құнды болады.","Super bonus! The crabs turn gold, they march faster, and every right answer is worth double.","Walkthrough step 7 of 10: the super bonus is running — gold crabs, faster marching, double value. Spoken to a young child, one or two short sentences."
Localizable,tutorial.step.7,km,,new,បូណុសពិសេស! ក្តាមប្រែជាពណ៌មាស ដើរលឿនជាងមុន ហើយចម្លើយត្រឹមត្រូវនីមួយៗមានតម្លៃទ្វេដង។,"Super bonus! The crabs turn gold, they march faster, and every right answer is worth double.","Walkthrough step 7 of 10: the super bonus is running — gold crabs, faster marching, double value. Spoken to a young child, one or two short sentences."
Localizable,tutorial.step.7,kn,,new,"ಸೂಪರ್ ಬೋನಸ್! ಏಡಿಗಳು ಚಿನ್ನದ ಬಣ್ಣಕ್ಕೆ ತಿರುಗುತ್ತವೆ, ವೇಗವಾಗಿ ಸಾಗುತ್ತವೆ ಮತ್ತು ಪ್ರತಿಯೊಂದು ಸರಿಯಾದ ಉತ್ತರಕ್ಕೂ ದ್ವಿಗುಣ ಮೌಲ್ಯ ಸಿಗುತ್ತದೆ.","Super bonus! The crabs turn gold, they march faster, and every right answer is worth double.","Walkthrough step 7 of 10: the super bonus is running — gold crabs, faster marching, double value. Spoken to a young child, one or two short sentences."
Localizable,tutorial.step.7,ko,,new,"슈퍼 보너스! 게들이 금색으로 변하고 더 빨리 움직이며, 정답 하나마다 점수가 두 배예요.","Super bonus! The crabs turn gold, they march faster, and every right answer is worth double.","Walkthrough step 7 of 10: the super bonus is running — gold crabs, faster marching, double value. Spoken to a young child, one or two short sentences."
Localizable,tutorial.step.7,lo,,new,"ໂບນັດພິເສດ! ປູຈະກາຍເປັນສີຄຳ, ເຄື່ອນທີ່ໄວຂຶ້ນ ແລະທຸກຄຳຕອບຖືກມີຄ່າສອງເທົ່າ.","Super bonus! The crabs turn gold, they march faster, and every right answer is worth double.","Walkthrough step 7 of 10: the super bonus is running — gold crabs, faster marching, double value. Spoken to a young child, one or two short sentences."
Localizable,tutorial.step.7,lt,,new,"Superpremija! Krabai tampa auksiniai, žygiuoja greičiau, o kiekvienas teisingas atsakymas vertas dvigubai.","Super bonus! The crabs turn gold, they march faster, and every right answer is worth double.","Walkthrough step 7 of 10: the super bonus is running — gold crabs, faster marching, double value. Spoken to a young child, one or two short sentences."
Localizable,tutorial.step.7,lv,,new,"Superbonuss! Krabji kļūst zeltaini, soļo ātrāk, un katra pareizā atbilde ir divreiz vērtīgāka.","Super bonus! The crabs turn gold, they march faster, and every right answer is worth double.","Walkthrough step 7 of 10: the super bonus is running — gold crabs, faster marching, double value. Spoken to a young child, one or two short sentences."
Localizable,tutorial.step.7,mk,,new,"Супер бонус! Раковите стануваат златни, маршираат побрзо, а секој точен одговор вреди двојно.","Super bonus! The crabs turn gold, they march faster, and every right answer is worth double.","Walkthrough step 7 of 10: the super bonus is running — gold crabs, faster marching, double value. Spoken to a young child, one or two short sentences."
Localizable,tutorial.step.7,ml,,new,"സൂപ്പർ ബോണസ്! ഞണ്ടുകൾ സ്വർണനിറമാകും, കൂടുതൽ വേഗത്തിൽ നീങ്ങും, ഓരോ ശരിയായ ഉത്തരത്തിനും ഇരട്ടി മൂല്യം ലഭിക്കും.","Super bonus! The crabs turn gold, they march faster, and every right answer is worth double.","Walkthrough step 7 of 10: the super bonus is running — gold crabs, faster marching, double value. Spoken to a young child, one or two short sentences."
Localizable,tutorial.step.7,mn,,new,"Супер бонус! Хавчнууд алтлаг болж, хурдан явна, зөв хариулт бүр хоёр дахин үнэтэй болно.","Super bonus! The crabs turn gold, they march faster, and every right answer is worth double.","Walkthrough step 7 of 10: the super bonus is running — gold crabs, faster marching, double value. Spoken to a young child, one or two short sentences."
Localizable,tutorial.step.7,mr,,new,"सुपर बोनस! खेकडे सोनेरी होतात, जास्त वेगाने चालतात आणि प्रत्येक बरोबर उत्तराची किंमत दुप्पट होते.","Super bonus! The crabs turn gold, they march faster, and every right answer is worth double.","Walkthrough step 7 of 10: the super bonus is running — gold crabs, faster marching, double value. Spoken to a young child, one or two short sentences."
Localizable,tutorial.step.7,ms,,new,"Bonus super! Ketam menjadi emas, bergerak lebih pantas, dan setiap jawapan betul bernilai dua kali ganda.","Super bonus! The crabs turn gold, they march faster, and every right answer is worth double.","Walkthrough step 7 of 10: the super bonus is running — gold crabs, faster marching, double value. Spoken to a young child, one or two short sentences."
Localizable,tutorial.step.7,my,,new,စူပါဘောနပ်စ်! ကဏန်းတွေ ရွှေရောင်ပြောင်းပြီး ပိုမြန်မြန်သွားမယ်၊ အဖြေမှန်တိုင်းလည်း တန်ဖိုးနှစ်ဆ ရမယ်။,"Super bonus! The crabs turn gold, they march faster, and every right answer is worth double.","Walkthrough step 7 of 10: the super bonus is running — gold crabs, faster marching, double value. Spoken to a young child, one or two short sentences."
Localizable,tutorial.step.7,nb,,new,"Superbonus! Krabbene blir gylne, marsjerer raskere, og hvert riktig svar er verdt dobbelt.","Super bonus! The crabs turn gold, they march faster, and every right answer is worth double.","Walkthrough step 7 of 10: the super bonus is running — gold crabs, faster marching, double value. Spoken to a young child, one or two short sentences."
Localizable,tutorial.step.7,ne,,new,"सुपर बोनस! गँगटाहरू सुनौला हुन्छन्, छिटो हिँड्छन् र हरेक सही उत्तरको मूल्य दोब्बर हुन्छ।","Super bonus! The crabs turn gold, they march faster, and every right answer is worth double.","Walkthrough step 7 of 10: the super bonus is running — gold crabs, faster marching, double value. Spoken to a young child, one or two short sentences."
Localizable,tutorial.step.7,or,,new,"ସୁପର ବୋନସ୍! କଙ୍କଡ଼ାମାନେ ସୁନାଳି ହୋଇଯାନ୍ତି, ଆଉ ଶୀଘ୍ର ଚାଲନ୍ତି ଏବଂ ପ୍ରତ୍ୟେକ ସଠିକ୍ ଉତ୍ତର ଦୁଇଗୁଣ ମୂଲ୍ୟର ହୁଏ।","Super bonus! The crabs turn gold, they march faster, and every right answer is worth double.","Walkthrough step 7 of 10: the super bonus is running — gold crabs, faster marching, double value. Spoken to a young child, one or two short sentences."
Localizable,tutorial.step.7,pa,,new,"ਸੁਪਰ ਬੋਨਸ! ਕੇਕੜੇ ਸੁਨਹਿਰੀ ਹੋ ਜਾਂਦੇ ਹਨ, ਤੇਜ਼ ਚੱਲਦੇ ਹਨ ਅਤੇ ਹਰ ਸਹੀ ਜਵਾਬ ਦੀ ਕੀਮਤ ਦੁੱਗਣੀ ਹੁੰਦੀ ਹੈ।","Super bonus! The crabs turn gold, they march faster, and every right answer is worth double.","Walkthrough step 7 of 10: the super bonus is running — gold crabs, faster marching, double value. Spoken to a young child, one or two short sentences."
Localizable,tutorial.step.7,pl,,new,"Superbonus! Kraby stają się złote, maszerują szybciej, a każda poprawna odpowiedź jest warta dwa razy więcej.","Super bonus! The crabs turn gold, they march faster, and every right answer is worth double.","Walkthrough step 7 of 10: the super bonus is running — gold crabs, faster marching, double value. Spoken to a young child, one or two short sentences."
Localizable,tutorial.step.7,pt,,new,"Super bónus! Os caranguejos ficam dourados, marcham mais depressa e cada resposta certa vale o dobro.","Super bonus! The crabs turn gold, they march faster, and every right answer is worth double.","Walkthrough step 7 of 10: the super bonus is running — gold crabs, faster marching, double value. Spoken to a young child, one or two short sentences."
Localizable,tutorial.step.7,ro,,new,"Superbonus! Crabii devin aurii, mărșăluiesc mai repede, iar fiecare răspuns corect valorează dublu.","Super bonus! The crabs turn gold, they march faster, and every right answer is worth double.","Walkthrough step 7 of 10: the super bonus is running — gold crabs, faster marching, double value. Spoken to a young child, one or two short sentences."
Localizable,tutorial.step.7,ru,,new,"Супербонус! Крабы становятся золотыми, идут быстрее, а каждый правильный ответ приносит вдвое больше.","Super bonus! The crabs turn gold, they march faster, and every right answer is worth double.","Walkthrough step 7 of 10: the super bonus is running — gold crabs, faster marching, double value. Spoken to a young child, one or two short sentences."
Localizable,tutorial.step.7,si,,new,"සුපිරි බෝනස්! කකුළුවන් රන් පාට වෙනවා, වේගයෙන් යනවා, හැම හරි උත්තරයකම වටිනාකම දෙගුණයි.","Super bonus! The crabs turn gold, they march faster, and every right answer is worth double.","Walkthrough step 7 of 10: the super bonus is running — gold crabs, faster marching, double value. Spoken to a young child, one or two short sentences."
Localizable,tutorial.step.7,sk,,new,"Superbonus! Kraby zozlatnú, pochodujú rýchlejšie a každá správna odpoveď má dvojnásobnú hodnotu.","Super bonus! The crabs turn gold, they march faster, and every right answer is worth double.","Walkthrough step 7 of 10: the super bonus is running — gold crabs, faster marching, double value. Spoken to a young child, one or two short sentences."
Localizable,tutorial.step.7,sl,,new,"Superbonus! Raki postanejo zlati, korakajo hitreje, vsak pravilen odgovor pa šteje dvojno.","Super bonus! The crabs turn gold, they march faster, and every right answer is worth double.","Walkthrough step 7 of 10: the super bonus is running — gold crabs, faster marching, double value. Spoken to a young child, one or two short sentences."
Localizable,tutorial.step.7,sq,,new,"Superbonus! Gaforret bëhen të arta, marshojnë më shpejt dhe çdo përgjigje e saktë vlen dyfish.","Super bonus! The crabs turn gold, they march faster, and every right answer is worth double.","Walkthrough step 7 of 10: the super bonus is running — gold crabs, faster marching, double value. Spoken to a young child, one or two short sentences."
Localizable,tutorial.step.7,sr,,new,"Супер бонус! Ракови постају златни, марширају брже, а сваки тачан одговор вреди двоструко.","Super bonus! The crabs turn gold, they march faster, and every right answer is worth double.","Walkthrough step 7 of 10: the super bonus is running — gold crabs, faster marching, double value. Spoken to a young child, one or two short sentences."
Localizable,tutorial.step.7,sv,,new,"Superbonus! Krabborna blir gyllene, marscherar snabbare och varje rätt svar är värt dubbelt.","Super bonus! The crabs turn gold, they march faster, and every right answer is worth double.","Walkthrough step 7 of 10: the super bonus is running — gold crabs, faster marching, double value. Spoken to a young child, one or two short sentences."
Localizable,tutorial.step.7,sw,,new,"Bonasi kubwa! Kaa wanakuwa wa dhahabu, wanatembea haraka zaidi, na kila jibu sahihi lina thamani mara mbili.","Super bonus! The crabs turn gold, they march faster, and every right answer is worth double.","Walkthrough step 7 of 10: the super bonus is running — gold crabs, faster marching, double value. Spoken to a young child, one or two short sentences."
Localizable,tutorial.step.7,ta,,new,"சூப்பர் போனஸ்! நண்டுகள் தங்க நிறமாகி, வேகமாக நகரும்; ஒவ்வொரு சரியான பதிலும் இரட்டிப்பு மதிப்பு பெறும்.","Super bonus! The crabs turn gold, they march faster, and every right answer is worth double.","Walkthrough step 7 of 10: the super bonus is running — gold crabs, faster marching, double value. Spoken to a young child, one or two short sentences."
Localizable,tutorial.step.7,te,,new,"సూపర్ బోనస్! పీతలు బంగారు రంగులోకి మారి వేగంగా కదులుతాయి, ప్రతి సరైన సమాధానం రెట్టింపు విలువ పొందుతుంది.","Super bonus! The crabs turn gold, they march faster, and every right answer is worth double.","Walkthrough step 7 of 10: the super bonus is running — gold crabs, faster marching, double value. Spoken to a young child, one or two short sentences."
Localizable,tutorial.step.7,th,,new,ซูเปอร์โบนัส! ปูจะกลายเป็นสีทอง เดินเร็วขึ้น และทุกคำตอบที่ถูกต้องจะมีค่าเป็นสองเท่า,"Super bonus! The crabs turn gold, they march faster, and every right answer is worth double.","Walkthrough step 7 of 10: the super bonus is running — gold crabs, faster marching, double value. Spoken to a young child, one or two short sentences."
Localizable,tutorial.step.7,tr,,new,"Süper bonus! Yengeçler altın rengine döner, daha hızlı ilerler ve her doğru cevap iki kat değer kazanır.","Super bonus! The crabs turn gold, they march faster, and every right answer is worth double.","Walkthrough step 7 of 10: the super bonus is running — gold crabs, faster marching, double value. Spoken to a young child, one or two short sentences."
Localizable,tutorial.step.7,ug,,new,دەرىجىدىن تاشقىرى مۇكاپات! قىسقۇچپاقىلار ئالتۇن رەڭگە كىرىدۇ، تېزرەك ماڭىدۇ، ھەر بىر توغرا جاۋاب ئىككى ھەسسە قىممەت بولىدۇ.,"Super bonus! The crabs turn gold, they march faster, and every right answer is worth double.","Walkthrough step 7 of 10: the super bonus is running — gold crabs, faster marching, double value. Spoken to a young child, one or two short sentences."
Localizable,tutorial.step.7,uk,,new,"Супербонус! Краби стають золотими, рухаються швидше, а кожна правильна відповідь приносить удвічі більше.","Super bonus! The crabs turn gold, they march faster, and every right answer is worth double.","Walkthrough step 7 of 10: the super bonus is running — gold crabs, faster marching, double value. Spoken to a young child, one or two short sentences."
Localizable,tutorial.step.7,ur,,new,سپر بونس! کیکڑے سنہری ہو جاتے ہیں، تیزی سے چلتے ہیں اور ہر صحیح جواب دگنی قیمت رکھتا ہے۔,"Super bonus! The crabs turn gold, they march faster, and every right answer is worth double.","Walkthrough step 7 of 10: the super bonus is running — gold crabs, faster marching, double value. Spoken to a young child, one or two short sentences."
Localizable,tutorial.step.7,uz,,new,"Superbonus! Qisqichbaqalar oltin rangga kiradi, tezroq yuradi va har bir to‘g‘ri javob ikki baravar qiymatli bo‘ladi.","Super bonus! The crabs turn gold, they march faster, and every right answer is worth double.","Walkthrough step 7 of 10: the super bonus is running — gold crabs, faster marching, double value. Spoken to a young child, one or two short sentences."
Localizable,tutorial.step.7,vi,,new,"Siêu thưởng! Cua chuyển thành màu vàng, đi nhanh hơn và mỗi đáp án đúng được tính gấp đôi.","Super bonus! The crabs turn gold, they march faster, and every right answer is worth double.","Walkthrough step 7 of 10: the super bonus is running — gold crabs, faster marching, double value. Spoken to a young child, one or two short sentences."
Localizable,tutorial.step.7,zh,,new,超级奖励！螃蟹会变成金色、走得更快，而且每个正确答案都能获得双倍分数。,"Super bonus! The crabs turn gold, they march faster, and every right answer is worth double.","Walkthrough step 7 of 10: the super bonus is running — gold crabs, faster marching, double value. Spoken to a young child, one or two short sentences."
Localizable,tutorial.step.7,zu,,new,"Ibhonasi enkulu! Izinkalankala ziba yigolide, zihambe ngokushesha, futhi yonke impendulo elungile ibiza kabili.","Super bonus! The crabs turn gold, they march faster, and every right answer is worth double.","Walkthrough step 7 of 10: the super bonus is running — gold crabs, faster marching, double value. Spoken to a young child, one or two short sentences."
Localizable,tutorial.step.8,af,,new,Die superbonus hou aan totdat jy ’n fout maak. Beskerm jou Koning. Sterkte!,The super bonus lasts until you make a mistake. Guard your King. Good luck!,"Walkthrough step 8 of 10: the super bonus lasts until a mistake; the walkthrough hands the level back. Spoken to a young child, one or two short sentences."
Localizable,tutorial.step.8,am,,new,ሱፐር ጉርሻው እስክትሳሳት ድረስ ይቆያል። ንጉሥህን ጠብቅ። መልካም ዕድል!,The super bonus lasts until you make a mistake. Guard your King. Good luck!,"Walkthrough step 8 of 10: the super bonus lasts until a mistake; the walkthrough hands the level back. Spoken to a young child, one or two short sentences."
Localizable,tutorial.step.8,ar,,new,تستمر المكافأة الخارقة حتى تخطئ. احمِ ملكك. حظًا موفقًا!,The super bonus lasts until you make a mistake. Guard your King. Good luck!,"Walkthrough step 8 of 10: the super bonus lasts until a mistake; the walkthrough hands the level back. Spoken to a young child, one or two short sentences."
Localizable,tutorial.step.8,as,,new,তুমি ভুল নকৰালৈকে ছুপাৰ বোনাছ চলি থাকে। তোমাৰ ৰজাক ৰক্ষা কৰা। শুভকামনা!,The super bonus lasts until you make a mistake. Guard your King. Good luck!,"Walkthrough step 8 of 10: the super bonus lasts until a mistake; the walkthrough hands the level back. Spoken to a young child, one or two short sentences."
Localizable,tutorial.step.8,az,,new,Super bonus səhv edənədək davam edir. Kralını qoru. Uğurlar!,The super bonus lasts until you make a mistake. Guard your King. Good luck!,"Walkthrough step 8 of 10: the super bonus lasts until a mistake; the walkthrough hands the level back. Spoken to a young child, one or two short sentences."
Localizable,tutorial.step.8,be,,new,Супербонус дзейнічае да першай памылкі. Абараняй свайго Караля. Поспехаў!,The super bonus lasts until you make a mistake. Guard your King. Good luck!,"Walkthrough step 8 of 10: the super bonus lasts until a mistake; the walkthrough hands the level back. Spoken to a young child, one or two short sentences."
Localizable,tutorial.step.8,bg,,new,"Супер бонусът трае, докато не сгрешиш. Пази своя Крал. Успех!",The super bonus lasts until you make a mistake. Guard your King. Good luck!,"Walkthrough step 8 of 10: the super bonus lasts until a mistake; the walkthrough hands the level back. Spoken to a young child, one or two short sentences."
Localizable,tutorial.step.8,bn,,new,তুমি ভুল না করা পর্যন্ত সুপার বোনাস চলবে। তোমার রাজাকে রক্ষা করো। শুভকামনা!,The super bonus lasts until you make a mistake. Guard your King. Good luck!,"Walkthrough step 8 of 10: the super bonus lasts until a mistake; the walkthrough hands the level back. Spoken to a young child, one or two short sentences."
Localizable,tutorial.step.8,bo,,new,བྱ་དགའ་ཆེན་པོ་དེ་ཁྱོད་ཀྱིས་ནོར་བ་ཞིག་བྱེད་པའི་བར་དུ་མུ་མཐུད་རྒྱུ་རེད། ཁྱོད་ཀྱི་རྒྱལ་པོ་སྲུངས། བཀྲ་ཤིས་ཤོག,The super bonus lasts until you make a mistake. Guard your King. Good luck!,"Walkthrough step 8 of 10: the super bonus lasts until a mistake; the walkthrough hands the level back. Spoken to a young child, one or two short sentences."
Localizable,tutorial.step.8,bs,,new,Super bonus traje dok ne pogriješiš. Čuvaj svog Kralja. Sretno!,The super bonus lasts until you make a mistake. Guard your King. Good luck!,"Walkthrough step 8 of 10: the super bonus lasts until a mistake; the walkthrough hands the level back. Spoken to a young child, one or two short sentences."
Localizable,tutorial.step.8,ca,,new,El superbònus dura fins que comets un error. Protegeix el teu Rei. Bona sort!,The super bonus lasts until you make a mistake. Guard your King. Good luck!,"Walkthrough step 8 of 10: the super bonus lasts until a mistake; the walkthrough hands the level back. Spoken to a young child, one or two short sentences."
Localizable,tutorial.step.8,cs,,new,"Superbonus trvá, dokud neuděláš chybu. Chraň svého Krále. Hodně štěstí!",The super bonus lasts until you make a mistake. Guard your King. Good luck!,"Walkthrough step 8 of 10: the super bonus lasts until a mistake; the walkthrough hands the level back. Spoken to a young child, one or two short sentences."
Localizable,tutorial.step.8,cy,,new,Mae’r bonws gwych yn para nes i ti wneud camgymeriad. Gwarchoda dy Frenin. Pob lwc!,The super bonus lasts until you make a mistake. Guard your King. Good luck!,"Walkthrough step 8 of 10: the super bonus lasts until a mistake; the walkthrough hands the level back. Spoken to a young child, one or two short sentences."
Localizable,tutorial.step.8,da,,new,"Superbonussen varer, indtil du laver en fejl. Beskyt din Konge. Held og lykke!",The super bonus lasts until you make a mistake. Guard your King. Good luck!,"Walkthrough step 8 of 10: the super bonus lasts until a mistake; the walkthrough hands the level back. Spoken to a young child, one or two short sentences."
Localizable,tutorial.step.8,de,,new,"Der Superbonus hält an, bis du einen Fehler machst. Beschütze deinen König. Viel Glück!",The super bonus lasts until you make a mistake. Guard your King. Good luck!,"Walkthrough step 8 of 10: the super bonus lasts until a mistake; the walkthrough hands the level back. Spoken to a young child, one or two short sentences."
Localizable,tutorial.step.8,el,,new,Το σούπερ μπόνους κρατά μέχρι να κάνεις λάθος. Προστάτεψε τον Βασιλιά σου. Καλή τύχη!,The super bonus lasts until you make a mistake. Guard your King. Good luck!,"Walkthrough step 8 of 10: the super bonus lasts until a mistake; the walkthrough hands the level back. Spoken to a young child, one or two short sentences."
Localizable,tutorial.step.8,es,,new,El súper bonus dura hasta que cometas un error. Protege a tu Rey. ¡Buena suerte!,The super bonus lasts until you make a mistake. Guard your King. Good luck!,"Walkthrough step 8 of 10: the super bonus lasts until a mistake; the walkthrough hands the level back. Spoken to a young child, one or two short sentences."
Localizable,tutorial.step.8,et,,new,"Superboonus kestab seni, kuni teed vea. Kaitse oma Kuningat. Edu!",The super bonus lasts until you make a mistake. Guard your King. Good luck!,"Walkthrough step 8 of 10: the super bonus lasts until a mistake; the walkthrough hands the level back. Spoken to a young child, one or two short sentences."
Localizable,tutorial.step.8,eu,,new,Superbonusak akats bat egin arte irauten du. Babestu zure Erregea. Zorte on!,The super bonus lasts until you make a mistake. Guard your King. Good luck!,"Walkthrough step 8 of 10: the super bonus lasts until a mistake; the walkthrough hands the level back. Spoken to a young child, one or two short sentences."
Localizable,tutorial.step.8,fa,,new,جایزهٔ ویژه تا وقتی اشتباه کنی ادامه دارد. از پادشاهت محافظت کن. موفق باشی!,The super bonus lasts until you make a mistake. Guard your King. Good luck!,"Walkthrough step 8 of 10: the super bonus lasts until a mistake; the walkthrough hands the level back. Spoken to a young child, one or two short sentences."
Localizable,tutorial.step.8,fi,,new,"Superbonus kestää, kunnes teet virheen. Suojele Kuningastasi. Onnea!",The super bonus lasts until you make a mistake. Guard your King. Good luck!,"Walkthrough step 8 of 10: the super bonus lasts until a mistake; the walkthrough hands the level back. Spoken to a young child, one or two short sentences."
Localizable,tutorial.step.8,fo,,new,"Superbonusurin varir, til tú gert ein feil. Verj Kongin hjá tær. Góða eydnu!",The super bonus lasts until you make a mistake. Guard your King. Good luck!,"Walkthrough step 8 of 10: the super bonus lasts until a mistake; the walkthrough hands the level back. Spoken to a young child, one or two short sentences."
Localizable,tutorial.step.8,fr,,new,Le super bonus dure jusqu’à ta prochaine erreur. Protège ton Roi. Bonne chance !,The super bonus lasts until you make a mistake. Guard your King. Good luck!,"Walkthrough step 8 of 10: the super bonus lasts until a mistake; the walkthrough hands the level back. Spoken to a young child, one or two short sentences."
Localizable,tutorial.step.8,ga,,new,Maireann an sárbhónas go dtí go ndéanann tú botún. Cosain do Rí. Go n-éirí leat!,The super bonus lasts until you make a mistake. Guard your King. Good luck!,"Walkthrough step 8 of 10: the super bonus lasts until a mistake; the walkthrough hands the level back. Spoken to a young child, one or two short sentences."
Localizable,tutorial.step.8,gl,,new,O superbónus dura ata que cometas un erro. Protexe o teu Rei. Boa sorte!,The super bonus lasts until you make a mistake. Guard your King. Good luck!,"Walkthrough step 8 of 10: the super bonus lasts until a mistake; the walkthrough hands the level back. Spoken to a young child, one or two short sentences."
Localizable,tutorial.step.8,gu,,new,તમે ભૂલ કરો ત્યાં સુધી સુપર બોનસ ચાલુ રહે છે. તમારા રાજાની રક્ષા કરો. શુભેચ્છા!,The super bonus lasts until you make a mistake. Guard your King. Good luck!,"Walkthrough step 8 of 10: the super bonus lasts until a mistake; the walkthrough hands the level back. Spoken to a young child, one or two short sentences."
Localizable,tutorial.step.8,he,,new,בונוס־העל נמשך עד לטעות הבאה. שומרים על המלך. בהצלחה!,The super bonus lasts until you make a mistake. Guard your King. Good luck!,"Walkthrough step 8 of 10: the super bonus lasts until a mistake; the walkthrough hands the level back. Spoken to a young child, one or two short sentences."
Localizable,tutorial.step.8,hi,,new,"सुपर बोनस तब तक चलता है, जब तक तुम कोई गलती नहीं करते। अपने राजा की रक्षा करो। शुभकामनाएँ!",The super bonus lasts until you make a mistake. Guard your King. Good luck!,"Walkthrough step 8 of 10: the super bonus lasts until a mistake; the walkthrough hands the level back. Spoken to a young child, one or two short sentences."
Localizable,tutorial.step.8,hr,,new,Super bonus traje dok ne pogriješiš. Čuvaj svog Kralja. Sretno!,The super bonus lasts until you make a mistake. Guard your King. Good luck!,"Walkthrough step 8 of 10: the super bonus lasts until a mistake; the walkthrough hands the level back. Spoken to a young child, one or two short sentences."
Localizable,tutorial.step.8,hu,,new,"A szuperbónusz addig tart, amíg nem hibázol. Védd a Királyodat. Sok sikert!",The super bonus lasts until you make a mistake. Guard your King. Good luck!,"Walkthrough step 8 of 10: the super bonus lasts until a mistake; the walkthrough hands the level back. Spoken to a young child, one or two short sentences."
Localizable,tutorial.step.8,hy,,new,Սուպեր բոնուսը տևում է մինչև սխալվելը։ Պաշտպանիր քո Թագավորին։ Հաջողություն։,The super bonus lasts until you make a mistake. Guard your King. Good luck!,"Walkthrough step 8 of 10: the super bonus lasts until a mistake; the walkthrough hands the level back. Spoken to a young child, one or two short sentences."
Localizable,tutorial.step.8,id,,new,Bonus super berlangsung sampai kamu membuat kesalahan. Lindungi Rajamu. Semoga berhasil!,The super bonus lasts until you make a mistake. Guard your King. Good luck!,"Walkthrough step 8 of 10: the super bonus lasts until a mistake; the walkthrough hands the level back. Spoken to a young child, one or two short sentences."
Localizable,tutorial.step.8,is,,new,Ofurbónusinn endist þar til þú gerir mistök. Verndaðu Konunginn þinn. Gangi þér vel!,The super bonus lasts until you make a mistake. Guard your King. Good luck!,"Walkthrough step 8 of 10: the super bonus lasts until a mistake; the walkthrough hands the level back. Spoken to a young child, one or two short sentences."
Localizable,tutorial.step.8,it,,new,Il super bonus dura finché non fai un errore. Proteggi il tuo Re. Buona fortuna!,The super bonus lasts until you make a mistake. Guard your King. Good luck!,"Walkthrough step 8 of 10: the super bonus lasts until a mistake; the walkthrough hands the level back. Spoken to a young child, one or two short sentences."
Localizable,tutorial.step.8,ja,,new,スーパーボーナスは、まちがえるまで続くよ。王さまを守ってね。がんばって！,The super bonus lasts until you make a mistake. Guard your King. Good luck!,"Walkthrough step 8 of 10: the super bonus lasts until a mistake; the walkthrough hands the level back. Spoken to a young child, one or two short sentences."
Localizable,tutorial.step.8,ka,,new,"სუპერბონუსი გრძელდება, სანამ შეცდომას არ დაუშვებ. დაიცავი შენი მეფე. წარმატებები!",The super bonus lasts until you make a mistake. Guard your King. Good luck!,"Walkthrough step 8 of 10: the super bonus lasts until a mistake; the walkthrough hands the level back. Spoken to a young child, one or two short sentences."
Localizable,tutorial.step.8,kk,,new,Супербонус қате жібергенше жалғасады. Патшаңды қорға. Сәттілік!,The super bonus lasts until you make a mistake. Guard your King. Good luck!,"Walkthrough step 8 of 10: the super bonus lasts until a mistake; the walkthrough hands the level back. Spoken to a young child, one or two short sentences."
Localizable,tutorial.step.8,km,,new,បូណុសពិសេសបន្តរហូតដល់អ្នកឆ្លើយខុស។ ការពារស្តេចរបស់អ្នក។ សំណាងល្អ!,The super bonus lasts until you make a mistake. Guard your King. Good luck!,"Walkthrough step 8 of 10: the super bonus lasts until a mistake; the walkthrough hands the level back. Spoken to a young child, one or two short sentences."
Localizable,tutorial.step.8,kn,,new,ನೀನು ತಪ್ಪು ಮಾಡುವವರೆಗೆ ಸೂಪರ್ ಬೋನಸ್ ಇರುತ್ತದೆ. ನಿನ್ನ ರಾಜನನ್ನು ಕಾಪಾಡು. ಶುಭವಾಗಲಿ!,The super bonus lasts until you make a mistake. Guard your King. Good luck!,"Walkthrough step 8 of 10: the super bonus lasts until a mistake; the walkthrough hands the level back. Spoken to a young child, one or two short sentences."
Localizable,tutorial.step.8,ko,,new,슈퍼 보너스는 한 번 틀릴 때까지 계속돼요. 왕을 지켜 주세요. 행운을 빌어요!,The super bonus lasts until you make a mistake. Guard your King. Good luck!,"Walkthrough step 8 of 10: the super bonus lasts until a mistake; the walkthrough hands the level back. Spoken to a young child, one or two short sentences."
Localizable,tutorial.step.8,lo,,new,ໂບນັດພິເສດຈະຢູ່ຈົນກວ່າເຈົ້າຈະຕອບຜິດ. ປົກປ້ອງກະສັດຂອງເຈົ້າ. ໂຊກດີ!,The super bonus lasts until you make a mistake. Guard your King. Good luck!,"Walkthrough step 8 of 10: the super bonus lasts until a mistake; the walkthrough hands the level back. Spoken to a young child, one or two short sentences."
Localizable,tutorial.step.8,lt,,new,"Superpremija galioja, kol suklysti. Saugok savo Karalių. Sėkmės!",The super bonus lasts until you make a mistake. Guard your King. Good luck!,"Walkthrough step 8 of 10: the super bonus lasts until a mistake; the walkthrough hands the level back. Spoken to a young child, one or two short sentences."
Localizable,tutorial.step.8,lv,,new,Superbonuss darbojas līdz pirmajai kļūdai. Sargā savu Karali. Veiksmi!,The super bonus lasts until you make a mistake. Guard your King. Good luck!,"Walkthrough step 8 of 10: the super bonus lasts until a mistake; the walkthrough hands the level back. Spoken to a young child, one or two short sentences."
Localizable,tutorial.step.8,mk,,new,Супер бонусот трае додека не згрешиш. Чувај го својот Крал. Со среќа!,The super bonus lasts until you make a mistake. Guard your King. Good luck!,"Walkthrough step 8 of 10: the super bonus lasts until a mistake; the walkthrough hands the level back. Spoken to a young child, one or two short sentences."
Localizable,tutorial.step.8,ml,,new,നീ തെറ്റ് ചെയ്യുന്നതുവരെ സൂപ്പർ ബോണസ് തുടരും. നിന്റെ രാജാവിനെ കാക്കൂ. ആശംസകൾ!,The super bonus lasts until you make a mistake. Guard your King. Good luck!,"Walkthrough step 8 of 10: the super bonus lasts until a mistake; the walkthrough hands the level back. Spoken to a young child, one or two short sentences."
Localizable,tutorial.step.8,mn,,new,Супер бонус алдаа гаргатал үргэлжилнэ. Хаанаа хамгаал. Амжилт!,The super bonus lasts until you make a mistake. Guard your King. Good luck!,"Walkthrough step 8 of 10: the super bonus lasts until a mistake; the walkthrough hands the level back. Spoken to a young child, one or two short sentences."
Localizable,tutorial.step.8,mr,,new,तू चूक करेपर्यंत सुपर बोनस चालू राहतो. तुझ्या राजाचं रक्षण कर. शुभेच्छा!,The super bonus lasts until you make a mistake. Guard your King. Good luck!,"Walkthrough step 8 of 10: the super bonus lasts until a mistake; the walkthrough hands the level back. Spoken to a young child, one or two short sentences."
Localizable,tutorial.step.8,ms,,new,Bonus super berlangsung sehingga kamu membuat kesilapan. Lindungi Raja kamu. Semoga berjaya!,The super bonus lasts until you make a mistake. Guard your King. Good luck!,"Walkthrough step 8 of 10: the super bonus lasts until a mistake; the walkthrough hands the level back. Spoken to a young child, one or two short sentences."
Localizable,tutorial.step.8,my,,new,မင်း အဖြေမှားတဲ့အထိ စူပါဘောနပ်စ် ဆက်ရှိနေမယ်။ မင်းကြီးကို ကာကွယ်ပါ။ ကံကောင်းပါစေ!,The super bonus lasts until you make a mistake. Guard your King. Good luck!,"Walkthrough step 8 of 10: the super bonus lasts until a mistake; the walkthrough hands the level back. Spoken to a young child, one or two short sentences."
Localizable,tutorial.step.8,nb,,new,Superbonusen varer til du gjør en feil. Beskytt Kongen din. Lykke til!,The super bonus lasts until you make a mistake. Guard your King. Good luck!,"Walkthrough step 8 of 10: the super bonus lasts until a mistake; the walkthrough hands the level back. Spoken to a young child, one or two short sentences."
Localizable,tutorial.step.8,ne,,new,तिमीले गल्ती नगरेसम्म सुपर बोनस चलिरहन्छ। आफ्नो राजालाई जोगाऊ। शुभकामना!,The super bonus lasts until you make a mistake. Guard your King. Good luck!,"Walkthrough step 8 of 10: the super bonus lasts until a mistake; the walkthrough hands the level back. Spoken to a young child, one or two short sentences."
Localizable,tutorial.step.8,or,,new,ତୁମେ ଭୁଲ କରିବା ପର୍ଯ୍ୟନ୍ତ ସୁପର ବୋନସ୍ ଚାଲିବ। ତୁମ ରାଜାଙ୍କୁ ରକ୍ଷା କର। ଶୁଭେଚ୍ଛା!,The super bonus lasts until you make a mistake. Guard your King. Good luck!,"Walkthrough step 8 of 10: the super bonus lasts until a mistake; the walkthrough hands the level back. Spoken to a young child, one or two short sentences."
Localizable,tutorial.step.8,pa,,new,ਤੂੰ ਗਲਤੀ ਕਰਨ ਤੱਕ ਸੁਪਰ ਬੋਨਸ ਚੱਲਦਾ ਰਹੇਗਾ। ਆਪਣੇ ਰਾਜੇ ਦੀ ਰੱਖਿਆ ਕਰ। ਸ਼ੁਭ ਕਾਮਨਾਵਾਂ!,The super bonus lasts until you make a mistake. Guard your King. Good luck!,"Walkthrough step 8 of 10: the super bonus lasts until a mistake; the walkthrough hands the level back. Spoken to a young child, one or two short sentences."
Localizable,tutorial.step.8,pl,,new,"Superbonus trwa, dopóki nie popełnisz błędu. Chroń swojego Króla. Powodzenia!",The super bonus lasts until you make a mistake. Guard your King. Good luck!,"Walkthrough step 8 of 10: the super bonus lasts until a mistake; the walkthrough hands the level back. Spoken to a young child, one or two short sentences."
Localizable,tutorial.step.8,pt,,new,O super bónus dura até cometeres um erro. Protege o teu Rei. Boa sorte!,The super bonus lasts until you make a mistake. Guard your King. Good luck!,"Walkthrough step 8 of 10: the super bonus lasts until a mistake; the walkthrough hands the level back. Spoken to a young child, one or two short sentences."
Localizable,tutorial.step.8,ro,,new,Superbonusul ține până când greșești. Apără-ți Regele. Mult noroc!,The super bonus lasts until you make a mistake. Guard your King. Good luck!,"Walkthrough step 8 of 10: the super bonus lasts until a mistake; the walkthrough hands the level back. Spoken to a young child, one or two short sentences."
Localizable,tutorial.step.8,ru,,new,Супербонус действует до первой ошибки. Защищай своего Короля. Удачи!,The super bonus lasts until you make a mistake. Guard your King. Good luck!,"Walkthrough step 8 of 10: the super bonus lasts until a mistake; the walkthrough hands the level back. Spoken to a young child, one or two short sentences."
Localizable,tutorial.step.8,si,,new,ඔයා වැරැද්දක් කරනකම් සුපිරි බෝනස් එක තියෙනවා. ඔයාගේ රජුව ආරක්ෂා කරන්න. සුබ පැතුම්!,The super bonus lasts until you make a mistake. Guard your King. Good luck!,"Walkthrough step 8 of 10: the super bonus lasts until a mistake; the walkthrough hands the level back. Spoken to a young child, one or two short sentences."
Localizable,tutorial.step.8,sk,,new,"Superbonus trvá, kým neurobíš chybu. Chráň svojho Kráľa. Veľa šťastia!",The super bonus lasts until you make a mistake. Guard your King. Good luck!,"Walkthrough step 8 of 10: the super bonus lasts until a mistake; the walkthrough hands the level back. Spoken to a young child, one or two short sentences."
Localizable,tutorial.step.8,sl,,new,"Superbonus traja, dokler ne narediš napake. Varuj svojega Kralja. Srečno!",The super bonus lasts until you make a mistake. Guard your King. Good luck!,"Walkthrough step 8 of 10: the super bonus lasts until a mistake; the walkthrough hands the level back. Spoken to a young child, one or two short sentences."
Localizable,tutorial.step.8,sq,,new,Superbonusi zgjat derisa të bësh një gabim. Ruaje Mbretin tënd. Paç fat!,The super bonus lasts until you make a mistake. Guard your King. Good luck!,"Walkthrough step 8 of 10: the super bonus lasts until a mistake; the walkthrough hands the level back. Spoken to a young child, one or two short sentences."
Localizable,tutorial.step.8,sr,,new,Супер бонус траје док не погрешиш. Чувај свог Краља. Срећно!,The super bonus lasts until you make a mistake. Guard your King. Good luck!,"Walkthrough step 8 of 10: the super bonus lasts until a mistake; the walkthrough hands the level back. Spoken to a young child, one or two short sentences."
Localizable,tutorial.step.8,sv,,new,Superbonusen varar tills du gör ett misstag. Skydda din Kung. Lycka till!,The super bonus lasts until you make a mistake. Guard your King. Good luck!,"Walkthrough step 8 of 10: the super bonus lasts until a mistake; the walkthrough hands the level back. Spoken to a young child, one or two short sentences."
Localizable,tutorial.step.8,sw,,new,Bonasi kubwa hudumu hadi ufanye kosa. Mlinde Mfalme wako. Kila la heri!,The super bonus lasts until you make a mistake. Guard your King. Good luck!,"Walkthrough step 8 of 10: the super bonus lasts until a mistake; the walkthrough hands the level back. Spoken to a young child, one or two short sentences."
Localizable,tutorial.step.8,ta,,new,நீ தவறு செய்யும் வரை சூப்பர் போனஸ் நீடிக்கும். உன் ராஜாவைக் காப்பாற்று. வாழ்த்துகள்!,The super bonus lasts until you make a mistake. Guard your King. Good luck!,"Walkthrough step 8 of 10: the super bonus lasts until a mistake; the walkthrough hands the level back. Spoken to a young child, one or two short sentences."
Localizable,tutorial.step.8,te,,new,నువ్వు తప్పు చేసే వరకు సూపర్ బోనస్ కొనసాగుతుంది. నీ రాజును కాపాడు. శుభాకాంక్షలు!,The super bonus lasts until you make a mistake. Guard your King. Good luck!,"Walkthrough step 8 of 10: the super bonus lasts until a mistake; the walkthrough hands the level back. Spoken to a young child, one or two short sentences."
Localizable,tutorial.step.8,th,,new,ซูเปอร์โบนัสจะอยู่จนกว่าคุณจะตอบผิด ปกป้องพระราชาให้ดี โชคดี!,The super bonus lasts until you make a mistake. Guard your King. Good luck!,"Walkthrough step 8 of 10: the super bonus lasts until a mistake; the walkthrough hands the level back. Spoken to a young child, one or two short sentences."
Localizable,tutorial.step.8,tr,,new,Süper bonus hata yapana kadar sürer. Kralını koru. Bol şans!,The super bonus lasts until you make a mistake. Guard your King. Good luck!,"Walkthrough step 8 of 10: the super bonus lasts until a mistake; the walkthrough hands the level back. Spoken to a young child, one or two short sentences."
Localizable,tutorial.step.8,ug,,new,دەرىجىدىن تاشقىرى مۇكاپات خاتالىق قىلغىچە داۋاملىشىدۇ. پادىشاھىڭىزنى قوغداڭ. ئامەت تىلەيمەن!,The super bonus lasts until you make a mistake. Guard your King. Good luck!,"Walkthrough step 8 of 10: the super bonus lasts until a mistake; the walkthrough hands the level back. Spoken to a young child, one or two short sentences."
Localizable,tutorial.step.8,uk,,new,Супербонус діє до першої помилки. Захищай свого Короля. Успіхів!,The super bonus lasts until you make a mistake. Guard your King. Good luck!,"Walkthrough step 8 of 10: the super bonus lasts until a mistake; the walkthrough hands the level back. Spoken to a young child, one or two short sentences."
Localizable,tutorial.step.8,ur,,new,سپر بونس تمہاری اگلی غلطی تک جاری رہتا ہے۔ اپنے بادشاہ کی حفاظت کرو۔ نیک تمنائیں!,The super bonus lasts until you make a mistake. Guard your King. Good luck!,"Walkthrough step 8 of 10: the super bonus lasts until a mistake; the walkthrough hands the level back. Spoken to a young child, one or two short sentences."
Localizable,tutorial.step.8,uz,,new,Superbonus xato qilguningcha davom etadi. Qirolingni himoya qil. Omad!,The super bonus lasts until you make a mistake. Guard your King. Good luck!,"Walkthrough step 8 of 10: the super bonus lasts until a mistake; the walkthrough hands the level back. Spoken to a young child, one or two short sentences."
Localizable,tutorial.step.8,vi,,new,Siêu thưởng kéo dài cho đến khi bạn trả lời sai. Hãy bảo vệ Đức Vua. Chúc may mắn!,The super bonus lasts until you make a mistake. Guard your King. Good luck!,"Walkthrough step 8 of 10: the super bonus lasts until a mistake; the walkthrough hands the level back. Spoken to a young child, one or two short sentences."
Localizable,tutorial.step.8,zh,,new,超级奖励会持续到你答错为止。保护好国王。加油！,The super bonus lasts until you make a mistake. Guard your King. Good luck!,"Walkthrough step 8 of 10: the super bonus lasts until a mistake; the walkthrough hands the level back. Spoken to a young child, one or two short sentences."
Localizable,tutorial.step.8,zu,,new,Ibhonasi enkulu iqhubeka kuze kube wenza iphutha. Vikela iNkosi yakho. Inhlanhla!,The super bonus lasts until you make a mistake. Guard your King. Good luck!,"Walkthrough step 8 of 10: the super bonus lasts until a mistake; the walkthrough hands the level back. Spoken to a young child, one or two short sentences."
Localizable,tutorial.step.9,af,,new,Tutoriaal voltooi! Gaan nou vir die hoogste telling!,Tutorial complete! Now go for the high score!,"Walkthrough step 9 of 10: the sign-off, pointing the player at the high score. Spoken to a young child, one or two short sentences."
Localizable,tutorial.step.9,am,,new,መማሪያው ተጠናቋል! አሁን ከፍተኛውን ነጥብ ለማግኘት ሞክር!,Tutorial complete! Now go for the high score!,"Walkthrough step 9 of 10: the sign-off, pointing the player at the high score. Spoken to a young child, one or two short sentences."
Localizable,tutorial.step.9,ar,,new,اكتمل الشرح! والآن حاول تحقيق أعلى نتيجة!,Tutorial complete! Now go for the high score!,"Walkthrough step 9 of 10: the sign-off, pointing the player at the high score. Spoken to a young child, one or two short sentences."
Localizable,tutorial.step.9,as,,new,টিউটোৰিয়েল সম্পূৰ্ণ! এতিয়া সৰ্বোচ্চ স্ক’ৰৰ চেষ্টা কৰা!,Tutorial complete! Now go for the high score!,"Walkthrough step 9 of 10: the sign-off, pointing the player at the high score. Spoken to a young child, one or two short sentences."
Localizable,tutorial.step.9,az,,new,Təlim tamamlandı! İndi ən yüksək xalı hədəflə!,Tutorial complete! Now go for the high score!,"Walkthrough step 9 of 10: the sign-off, pointing the player at the high score. Spoken to a young child, one or two short sentences."
Localizable,tutorial.step.9,be,,new,Навучанне завершана! Цяпер паспрабуй паставіць рэкорд!,Tutorial complete! Now go for the high score!,"Walkthrough step 9 of 10: the sign-off, pointing the player at the high score. Spoken to a young child, one or two short sentences."
Localizable,tutorial.step.9,bg,,new,Урокът е завършен! Сега се цели в най-висок резултат!,Tutorial complete! Now go for the high score!,"Walkthrough step 9 of 10: the sign-off, pointing the player at the high score. Spoken to a young child, one or two short sentences."
Localizable,tutorial.step.9,bn,,new,টিউটোরিয়াল শেষ! এবার সর্বোচ্চ স্কোরের চেষ্টা করো!,Tutorial complete! Now go for the high score!,"Walkthrough step 9 of 10: the sign-off, pointing the player at the high score. Spoken to a young child, one or two short sentences."
Localizable,tutorial.step.9,bo,,new,སློབ་སྟོན་ཚར་སོང་། ད་སྐར་གྲངས་མཐོ་ཤོས་ལ་འབད་རྩོལ་བྱོས།,Tutorial complete! Now go for the high score!,"Walkthrough step 9 of 10: the sign-off, pointing the player at the high score. Spoken to a young child, one or two short sentences."
Localizable,tutorial.step.9,bs,,new,Upute su završene! Sada pokušaj oboriti rekord!,Tutorial complete! Now go for the high score!,"Walkthrough step 9 of 10: the sign-off, pointing the player at the high score. Spoken to a young child, one or two short sentences."
Localizable,tutorial.step.9,ca,,new,Tutorial completat! Ara ves a buscar la millor puntuació!,Tutorial complete! Now go for the high score!,"Walkthrough step 9 of 10: the sign-off, pointing the player at the high score. Spoken to a young child, one or two short sentences."
Localizable,tutorial.step.9,cs,,new,Výuka je hotová! Teď zkus překonat rekord!,Tutorial complete! Now go for the high score!,"Walkthrough step 9 of 10: the sign-off, pointing the player at the high score. Spoken to a young child, one or two short sentences."
Localizable,tutorial.step.9,cy,,new,Ti wedi gorffen y tiwtorial! Nawr dos am y sgôr uchaf!,Tutorial complete! Now go for the high score!,"Walkthrough step 9 of 10: the sign-off, pointing the player at the high score. Spoken to a young child, one or two short sentences."
Localizable,tutorial.step.9,da,,new,Introduktionen er klaret! Gå nu efter rekorden!,Tutorial complete! Now go for the high score!,"Walkthrough step 9 of 10: the sign-off, pointing the player at the high score. Spoken to a young child, one or two short sentences."
Localizable,tutorial.step.9,de,,new,Tutorial geschafft! Jetzt knack den Highscore!,Tutorial complete! Now go for the high score!,"Walkthrough step 9 of 10: the sign-off, pointing the player at the high score. Spoken to a young child, one or two short sentences."
Localizable,tutorial.step.9,el,,new,Το μάθημα ολοκληρώθηκε! Τώρα πήγαινε για το υψηλότερο σκορ!,Tutorial complete! Now go for the high score!,"Walkthrough step 9 of 10: the sign-off, pointing the player at the high score. Spoken to a young child, one or two short sentences."
Localizable,tutorial.step.9,es,,new,¡Tutorial completado! ¡Ahora ve a por la mejor puntuación!,Tutorial complete! Now go for the high score!,"Walkthrough step 9 of 10: the sign-off, pointing the player at the high score. Spoken to a young child, one or two short sentences."
Localizable,tutorial.step.9,et,,new,Õpetus on läbitud! Nüüd proovi saada rekordtulemus!,Tutorial complete! Now go for the high score!,"Walkthrough step 9 of 10: the sign-off, pointing the player at the high score. Spoken to a young child, one or two short sentences."
Localizable,tutorial.step.9,eu,,new,Tutoriala amaitu da! Orain saiatu puntuaziorik handiena lortzen!,Tutorial complete! Now go for the high score!,"Walkthrough step 9 of 10: the sign-off, pointing the player at the high score. Spoken to a young child, one or two short sentences."
Localizable,tutorial.step.9,fa,,new,آموزش تمام شد! حالا برو سراغ بالاترین امتیاز!,Tutorial complete! Now go for the high score!,"Walkthrough step 9 of 10: the sign-off, pointing the player at the high score. Spoken to a young child, one or two short sentences."
Localizable,tutorial.step.9,fi,,new,Opastus valmis! Nyt tavoittele ennätystä!,Tutorial complete! Now go for the high score!,"Walkthrough step 9 of 10: the sign-off, pointing the player at the high score. Spoken to a young child, one or two short sentences."
Localizable,tutorial.step.9,fo,,new,Vegleiðingin er liðug! Far nú eftir metinum!,Tutorial complete! Now go for the high score!,"Walkthrough step 9 of 10: the sign-off, pointing the player at the high score. Spoken to a young child, one or two short sentences."
Localizable,tutorial.step.9,fr,,new,"Tutoriel terminé ! Maintenant, vise le meilleur score !",Tutorial complete! Now go for the high score!,"Walkthrough step 9 of 10: the sign-off, pointing the player at the high score. Spoken to a young child, one or two short sentences."
Localizable,tutorial.step.9,ga,,new,Tá an rang teagaisc críochnaithe! Anois téigh sa tóir ar an scór is airde!,Tutorial complete! Now go for the high score!,"Walkthrough step 9 of 10: the sign-off, pointing the player at the high score. Spoken to a young child, one or two short sentences."
Localizable,tutorial.step.9,gl,,new,Titorial completado! Agora vai pola mellor puntuación!,Tutorial complete! Now go for the high score!,"Walkthrough step 9 of 10: the sign-off, pointing the player at the high score. Spoken to a young child, one or two short sentences."
Localizable,tutorial.step.9,gu,,new,ટ્યુટોરિયલ પૂર્ણ! હવે સૌથી ઊંચા સ્કોર માટે પ્રયાસ કરો!,Tutorial complete! Now go for the high score!,"Walkthrough step 9 of 10: the sign-off, pointing the player at the high score. Spoken to a young child, one or two short sentences."
Localizable,tutorial.step.9,he,,new,ההדרכה הושלמה! עכשיו מנסים להשיג שיא חדש!,Tutorial complete! Now go for the high score!,"Walkthrough step 9 of 10: the sign-off, pointing the player at the high score. Spoken to a young child, one or two short sentences."
Localizable,tutorial.step.9,hi,,new,ट्यूटोरियल पूरा हुआ! अब हाई स्कोर बनाने की कोशिश करो!,Tutorial complete! Now go for the high score!,"Walkthrough step 9 of 10: the sign-off, pointing the player at the high score. Spoken to a young child, one or two short sentences."
Localizable,tutorial.step.9,hr,,new,Upute su gotove! Sada pokušaj oboriti rekord!,Tutorial complete! Now go for the high score!,"Walkthrough step 9 of 10: the sign-off, pointing the player at the high score. Spoken to a young child, one or two short sentences."
Localizable,tutorial.step.9,hu,,new,Az oktatás kész! Most irány a rekord!,Tutorial complete! Now go for the high score!,"Walkthrough step 9 of 10: the sign-off, pointing the player at the high score. Spoken to a young child, one or two short sentences."
Localizable,tutorial.step.9,hy,,new,Ուսուցումն ավարտված է։ Հիմա փորձիր ամենաբարձր միավորը հավաքել։,Tutorial complete! Now go for the high score!,"Walkthrough step 9 of 10: the sign-off, pointing the player at the high score. Spoken to a young child, one or two short sentences."
Localizable,tutorial.step.9,id,,new,Tutorial selesai! Sekarang kejar skor tertinggi!,Tutorial complete! Now go for the high score!,"Walkthrough step 9 of 10: the sign-off, pointing the player at the high score. Spoken to a young child, one or two short sentences."
Localizable,tutorial.step.9,is,,new,Kennslunni er lokið! Reyndu nú að ná hæsta stiginu!,Tutorial complete! Now go for the high score!,"Walkthrough step 9 of 10: the sign-off, pointing the player at the high score. Spoken to a young child, one or two short sentences."
Localizable,tutorial.step.9,it,,new,Tutorial completato! Ora punta al record!,Tutorial complete! Now go for the high score!,"Walkthrough step 9 of 10: the sign-off, pointing the player at the high score. Spoken to a young child, one or two short sentences."
Localizable,tutorial.step.9,ja,,new,チュートリアル完了！ さあ、ハイスコアをめざそう！,Tutorial complete! Now go for the high score!,"Walkthrough step 9 of 10: the sign-off, pointing the player at the high score. Spoken to a young child, one or two short sentences."
Localizable,tutorial.step.9,ka,,new,სწავლება დასრულდა! ახლა სცადე საუკეთესო ქულა აიღო!,Tutorial complete! Now go for the high score!,"Walkthrough step 9 of 10: the sign-off, pointing the player at the high score. Spoken to a young child, one or two short sentences."
Localizable,tutorial.step.9,kk,,new,Үйрету аяқталды! Енді ең жоғары ұпайға ұмтыл!,Tutorial complete! Now go for the high score!,"Walkthrough step 9 of 10: the sign-off, pointing the player at the high score. Spoken to a young child, one or two short sentences."
Localizable,tutorial.step.9,km,,new,ការណែនាំបានបញ្ចប់! ឥឡូវសាកល្បងយកពិន្ទុខ្ពស់បំផុត!,Tutorial complete! Now go for the high score!,"Walkthrough step 9 of 10: the sign-off, pointing the player at the high score. Spoken to a young child, one or two short sentences."
Localizable,tutorial.step.9,kn,,new,ಟ್ಯುಟೋರಿಯಲ್ ಮುಗಿಯಿತು! ಈಗ ಅತ್ಯಧಿಕ ಸ್ಕೋರ್‌ಗೆ ಪ್ರಯತ್ನಿಸು!,Tutorial complete! Now go for the high score!,"Walkthrough step 9 of 10: the sign-off, pointing the player at the high score. Spoken to a young child, one or two short sentences."
Localizable,tutorial.step.9,ko,,new,튜토리얼 완료! 이제 최고 점수에 도전해 보세요!,Tutorial complete! Now go for the high score!,"Walkthrough step 9 of 10: the sign-off, pointing the player at the high score. Spoken to a young child, one or two short sentences."
Localizable,tutorial.step.9,lo,,new,ບົດສອນຈົບແລ້ວ! ຕອນນີ້ລອງເຮັດຄະແນນສູງສຸດ!,Tutorial complete! Now go for the high score!,"Walkthrough step 9 of 10: the sign-off, pointing the player at the high score. Spoken to a young child, one or two short sentences."
Localizable,tutorial.step.9,lt,,new,Mokymas baigtas! Dabar siek geriausio rezultato!,Tutorial complete! Now go for the high score!,"Walkthrough step 9 of 10: the sign-off, pointing the player at the high score. Spoken to a young child, one or two short sentences."
Localizable,tutorial.step.9,lv,,new,Apmācība pabeigta! Tagad centies sasniegt rekordu!,Tutorial complete! Now go for the high score!,"Walkthrough step 9 of 10: the sign-off, pointing the player at the high score. Spoken to a young child, one or two short sentences."
Localizable,tutorial.step.9,mk,,new,Упатството е завршено! Сега обиди се да поставиш рекорд!,Tutorial complete! Now go for the high score!,"Walkthrough step 9 of 10: the sign-off, pointing the player at the high score. Spoken to a young child, one or two short sentences."
Localizable,tutorial.step.9,ml,,new,ട്യൂട്ടോറിയൽ പൂർത്തിയായി! ഇനി ഏറ്റവും ഉയർന്ന സ്കോർ നേടാൻ ശ്രമിക്കൂ!,Tutorial complete! Now go for the high score!,"Walkthrough step 9 of 10: the sign-off, pointing the player at the high score. Spoken to a young child, one or two short sentences."
Localizable,tutorial.step.9,mn,,new,Заавар дууслаа! Одоо хамгийн өндөр оноонд хүрээрэй!,Tutorial complete! Now go for the high score!,"Walkthrough step 9 of 10: the sign-off, pointing the player at the high score. Spoken to a young child, one or two short sentences."
Localizable,tutorial.step.9,mr,,new,ट्युटोरियल पूर्ण! आता सर्वात मोठा स्कोअर करण्याचा प्रयत्न कर!,Tutorial complete! Now go for the high score!,"Walkthrough step 9 of 10: the sign-off, pointing the player at the high score. Spoken to a young child, one or two short sentences."
Localizable,tutorial.step.9,ms,,new,Tutorial selesai! Sekarang cuba dapatkan skor tertinggi!,Tutorial complete! Now go for the high score!,"Walkthrough step 9 of 10: the sign-off, pointing the player at the high score. Spoken to a young child, one or two short sentences."
Localizable,tutorial.step.9,my,,new,သင်ခန်းစာ ပြီးပြီ! အခု အမြင့်ဆုံးအမှတ်ကို စမ်းယူကြည့်ပါ!,Tutorial complete! Now go for the high score!,"Walkthrough step 9 of 10: the sign-off, pointing the player at the high score. Spoken to a young child, one or two short sentences."
Localizable,tutorial.step.9,nb,,new,Opplæringen er ferdig! Gå for toppscore!,Tutorial complete! Now go for the high score!,"Walkthrough step 9 of 10: the sign-off, pointing the player at the high score. Spoken to a young child, one or two short sentences."
Localizable,tutorial.step.9,ne,,new,ट्युटोरियल पूरा भयो! अब उच्च स्कोरका लागि खेल!,Tutorial complete! Now go for the high score!,"Walkthrough step 9 of 10: the sign-off, pointing the player at the high score. Spoken to a young child, one or two short sentences."
Localizable,tutorial.step.9,or,,new,ଟ୍ୟୁଟୋରିଆଲ୍ ସମ୍ପୂର୍ଣ୍ଣ! ଏବେ ସର୍ବୋଚ୍ଚ ସ୍କୋର ପାଇଁ ଚେଷ୍ଟା କର!,Tutorial complete! Now go for the high score!,"Walkthrough step 9 of 10: the sign-off, pointing the player at the high score. Spoken to a young child, one or two short sentences."
Localizable,tutorial.step.9,pa,,new,ਟਿਊਟੋਰਿਅਲ ਪੂਰਾ! ਹੁਣ ਸਭ ਤੋਂ ਵੱਡਾ ਸਕੋਰ ਬਣਾਉਣ ਦੀ ਕੋਸ਼ਿਸ਼ ਕਰ!,Tutorial complete! Now go for the high score!,"Walkthrough step 9 of 10: the sign-off, pointing the player at the high score. Spoken to a young child, one or two short sentences."
Localizable,tutorial.step.9,pl,,new,Samouczek ukończony! Teraz spróbuj pobić rekord!,Tutorial complete! Now go for the high score!,"Walkthrough step 9 of 10: the sign-off, pointing the player at the high score. Spoken to a young child, one or two short sentences."
Localizable,tutorial.step.9,pt,,new,Tutorial concluído! Agora tenta bater o recorde!,Tutorial complete! Now go for the high score!,"Walkthrough step 9 of 10: the sign-off, pointing the player at the high score. Spoken to a young child, one or two short sentences."
Localizable,tutorial.step.9,ro,,new,Tutorial terminat! Acum încearcă să obții cel mai mare scor!,Tutorial complete! Now go for the high score!,"Walkthrough step 9 of 10: the sign-off, pointing the player at the high score. Spoken to a young child, one or two short sentences."
Localizable,tutorial.step.9,ru,,new,Обучение завершено! Теперь попробуй поставить рекорд!,Tutorial complete! Now go for the high score!,"Walkthrough step 9 of 10: the sign-off, pointing the player at the high score. Spoken to a young child, one or two short sentences."
Localizable,tutorial.step.9,si,,new,පුහුණුව ඉවරයි! දැන් වැඩිම ලකුණු ගන්න උත්සාහ කරන්න!,Tutorial complete! Now go for the high score!,"Walkthrough step 9 of 10: the sign-off, pointing the player at the high score. Spoken to a young child, one or two short sentences."
Localizable,tutorial.step.9,sk,,new,Výuka je hotová! Teraz skús prekonať rekord!,Tutorial complete! Now go for the high score!,"Walkthrough step 9 of 10: the sign-off, pointing the player at the high score. Spoken to a young child, one or two short sentences."
Localizable,tutorial.step.9,sl,,new,Vadnica je končana! Zdaj poskusi doseči najboljši rezultat!,Tutorial complete! Now go for the high score!,"Walkthrough step 9 of 10: the sign-off, pointing the player at the high score. Spoken to a young child, one or two short sentences."
Localizable,tutorial.step.9,sq,,new,Udhëzuesi përfundoi! Tani syno rezultatin më të lartë!,Tutorial complete! Now go for the high score!,"Walkthrough step 9 of 10: the sign-off, pointing the player at the high score. Spoken to a young child, one or two short sentences."
Localizable,tutorial.step.9,sr,,new,Упутство је завршено! Сада покушај да обориш рекорд!,Tutorial complete! Now go for the high score!,"Walkthrough step 9 of 10: the sign-off, pointing the player at the high score. Spoken to a young child, one or two short sentences."
Localizable,tutorial.step.9,sv,,new,Guiden är klar! Försök nu slå rekordet!,Tutorial complete! Now go for the high score!,"Walkthrough step 9 of 10: the sign-off, pointing the player at the high score. Spoken to a young child, one or two short sentences."
Localizable,tutorial.step.9,sw,,new,Mafunzo yamekamilika! Sasa lenga alama ya juu zaidi!,Tutorial complete! Now go for the high score!,"Walkthrough step 9 of 10: the sign-off, pointing the player at the high score. Spoken to a young child, one or two short sentences."
Localizable,tutorial.step.9,ta,,new,பயிற்சி முடிந்தது! இப்போது அதிகபட்ச மதிப்பெண்ணை நோக்கிச் செல்!,Tutorial complete! Now go for the high score!,"Walkthrough step 9 of 10: the sign-off, pointing the player at the high score. Spoken to a young child, one or two short sentences."
Localizable,tutorial.step.9,te,,new,ట్యుటోరియల్ పూర్తైంది! ఇప్పుడు అత్యధిక స్కోర్ కోసం ప్రయత్నించు!,Tutorial complete! Now go for the high score!,"Walkthrough step 9 of 10: the sign-off, pointing the player at the high score. Spoken to a young child, one or two short sentences."
Localizable,tutorial.step.9,th,,new,จบบทสอนแล้ว! ต่อไปไปทำคะแนนสูงสุดกันเลย!,Tutorial complete! Now go for the high score!,"Walkthrough step 9 of 10: the sign-off, pointing the player at the high score. Spoken to a young child, one or two short sentences."
Localizable,tutorial.step.9,tr,,new,Eğitim tamamlandı! Şimdi en yüksek puanı hedefle!,Tutorial complete! Now go for the high score!,"Walkthrough step 9 of 10: the sign-off, pointing the player at the high score. Spoken to a young child, one or two short sentences."
Localizable,tutorial.step.9,ug,,new,ئۆگىتىش تاماملاندى! ئەمدى ئەڭ يۇقىرى نومۇرغا تىرىشىڭ!,Tutorial complete! Now go for the high score!,"Walkthrough step 9 of 10: the sign-off, pointing the player at the high score. Spoken to a young child, one or two short sentences."
Localizable,tutorial.step.9,uk,,new,Навчання завершено! Тепер спробуй поставити рекорд!,Tutorial complete! Now go for the high score!,"Walkthrough step 9 of 10: the sign-off, pointing the player at the high score. Spoken to a young child, one or two short sentences."
Localizable,tutorial.step.9,ur,,new,سبق مکمل! اب سب سے بڑا اسکور بنانے کی کوشش کرو!,Tutorial complete! Now go for the high score!,"Walkthrough step 9 of 10: the sign-off, pointing the player at the high score. Spoken to a young child, one or two short sentences."
Localizable,tutorial.step.9,uz,,new,Qo‘llanma tugadi! Endi eng yuqori natijani ko‘zla!,Tutorial complete! Now go for the high score!,"Walkthrough step 9 of 10: the sign-off, pointing the player at the high score. Spoken to a young child, one or two short sentences."
Localizable,tutorial.step.9,vi,,new,Đã hoàn thành hướng dẫn! Giờ hãy chinh phục điểm cao nhất!,Tutorial complete! Now go for the high score!,"Walkthrough step 9 of 10: the sign-off, pointing the player at the high score. Spoken to a young child, one or two short sentences."
Localizable,tutorial.step.9,zh,,new,教程完成！现在去挑战最高分吧！,Tutorial complete! Now go for the high score!,"Walkthrough step 9 of 10: the sign-off, pointing the player at the high score. Spoken to a young child, one or two short sentences."
Localizable,tutorial.step.9,zu,,new,Isifundo sesiqediwe! Manje zama ukuthola amaphuzu aphezulu!,Tutorial complete! Now go for the high score!,"Walkthrough step 9 of 10: the sign-off, pointing the player at the high score. Spoken to a young child, one or two short sentences."
